annotation_id,image_id,category_id,bbox_x,bbox_y,bbox_w,bbox_h,score
1,1,1900,158,251,201,127,0.9921616911888123
2,1,24850,173,740,180,292,0.9886676669120789
3,1,27926,599,672,254,489,0.9861569404602051
4,1,16551,556,73,401,400,0.9373865127563477
5,3,24850,143,701,178,298,0.9846461415290833
6,3,27926,571,628,258,491,0.9793591499328613
7,3,16551,528,62,388,396,0.9761378169059753
8,3,1900,143,242,196,126,0.9729210734367371
9,4,24850,601,252,294,167,0.9935218691825867
10,4,1900,686,807,129,209,0.9881254434585571
11,4,29345,118,156,273,411,0.980361819267273
12,4,16551,130,649,294,495,0.9791004061698914
13,5,24850,95,893,300,166,0.998166561126709
14,5,29345,613,714,285,446,0.9884087443351746
15,5,1900,181,266,130,200,0.9859843850135803
16,5,16551,571,113,282,479,0.962491512298584
17,8,20238,624,178,226,216,0.9889272451400757
18,8,3483,591,845,283,172,0.9863936305046082
19,8,22347,130,220,206,197,0.965290367603302
20,8,28763,99,856,215,200,0.5081174373626709
21,9,20238,594,175,222,213,0.9908422231674194
22,9,3483,563,812,285,176,0.98591148853302
23,9,22347,115,212,200,194,0.9715608358383179
24,9,28763,64,813,221,207,0.9257304072380066
25,10,29451,105,234,408,221,0.9978362917900085
26,10,21771,643,290,188,180,0.992801308631897
27,10,16548,104,808,240,238,0.9895162582397461
28,10,1900,643,844,190,190,0.9269649386405945
29,13,16232,143,330,195,191,0.9917438626289368
30,13,3351,428,853,194,192,0.9887900352478027
31,13,33880,479,242,441,280,0.949783444404602
32,15,3351,361,250,183,179,0.9885080456733704
33,15,16232,643,797,195,190,0.9880989193916321
34,15,33880,51,782,445,280,0.9856178164482117
35,17,41768,560,644,273,302,0.9921659231185913
36,17,35206,121,585,305,383,0.9911552667617798
37,17,3351,298,165,185,191,0.9814422726631165
38,19,36637,620,206,261,169,0.9881488680839539
39,19,27733,125,768,314,276,0.986594557762146
40,19,28763,102,169,212,203,0.9854503870010376
41,19,3483,611,789,274,211,0.9792001843452454
42,23,25367,22,87,414,437,0.9926148653030396
43,23,3483,562,811,284,177,0.9857226014137268
44,23,16262,594,178,237,227,0.9789080619812012
45,23,28763,62,812,221,207,0.4166765809059143
46,24,3483,590,844,283,172,0.986383855342865
47,24,16262,622,181,242,233,0.9845817685127258
48,24,25367,31,106,432,441,0.7009528279304504
49,24,28763,97,854,215,201,0.47017091512680054
50,27,25438,125,823,260,268,0.9897601008415222
51,27,2483,603,76,200,478,0.9837647080421448
52,27,13395,602,710,232,523,0.9700904488563538
53,28,25367,18,62,419,458,0.9825261831283569
54,28,27777,177,812,176,199,0.9818761944770813
55,28,35206,611,141,227,404,0.9794973134994507
56,28,3483,566,813,264,220,0.9722220301628113
57,29,27777,145,775,179,206,0.9952512979507446
58,29,25367,9,48,399,450,0.9856802225112915
59,29,35206,582,131,222,393,0.977922797203064
60,29,3483,538,778,266,226,0.9755765199661255
61,31,3544,113,240,208,202,0.9921532273292542
62,31,4543,654,848,186,180,0.9897196292877197
63,31,29451,197,716,219,357,0.8869149088859558
64,31,16551,592,54,284,476,0.6522558927536011
65,32,3544,674,828,213,211,0.9918608069419861
66,32,4543,164,279,183,178,0.9845446348190308
67,32,16551,104,707,300,500,0.9841269850730896
68,32,29451,583,231,214,335,0.7032876014709473
69,38,20877,87,724,329,242,0.9879710078239441
70,38,3483,625,718,208,271,0.9848174452781677
71,38,31885,112,28,397,503,0.9839748740196228
72,38,35206,628,158,209,399,0.9827387928962708
73,40,19861,645,278,220,171,0.9966591596603394
74,40,29667,121,838,229,227,0.994949460029602
75,40,3483,160,214,245,221,0.9866349101066589
76,40,31885,617,612,329,558,0.9650084376335144
77,41,29667,638,204,223,218,0.9957603812217712
78,41,3483,593,872,258,232,0.9691728949546814
79,41,31885,56,90,319,544,0.9683316946029663
80,41,19861,120,864,220,169,0.44354018568992615
81,42,29667,609,198,219,216,0.9856798648834229
82,42,3483,565,842,259,231,0.9856709837913513
83,42,19861,83,826,228,178,0.982901930809021
84,42,31885,37,67,312,542,0.9787217974662781
85,44,29667,94,723,231,232,0.9969525337219238
86,44,13900,579,673,180,267,0.9891854524612427
87,44,3351,370,154,185,188,0.9857327342033386
88,46,3743,120,787,321,319,0.9902006983757019
89,46,2483,592,63,246,484,0.9388642907142639
90,46,12778,100,104,318,514,0.47008538246154785
91,47,12081,108,103,231,436,0.9926349520683289
92,47,2483,85,668,262,475,0.9882974028587341
93,47,3743,495,167,312,297,0.9244712591171265
94,47,12778,529,588,312,507,0.27423936128616333
95,53,25438,133,853,260,271,0.993550181388855
96,53,2483,647,99,213,474,0.9349032044410706
97,53,13395,603,681,246,513,0.9310296773910522
98,53,19552,96,109,356,480,0.37172022461891174
99,54,25438,547,177,247,253,0.9860819578170776
100,54,2483,66,665,208,485,0.9755170941352844
101,54,13395,114,78,231,486,0.9683956503868103
102,55,3351,421,848,192,191,0.9891992211341858
103,55,20014,47,280,347,322,0.9475392699241638
104,55,16688,438,165,502,463,0.7577313184738159
105,56,3351,323,192,189,189,0.9921095967292786
106,56,20014,547,618,355,346,0.9858145117759705
107,56,16688,0,551,522,515,0.9769669771194458
108,58,35206,553,91,280,368,0.9913334250450134
109,58,3483,573,838,260,229,0.9870014190673828
110,58,34597,39,48,390,468,0.9808088541030884
111,58,19861,91,827,227,177,0.9540720582008362
112,60,34597,544,688,413,490,0.9916831254959106
113,60,3483,152,220,246,220,0.9891297817230225
114,60,35206,110,775,302,390,0.9864570498466492
115,60,19861,638,278,220,170,0.9832478761672974
116,62,18147,92,550,289,418,0.9921565055847168
117,62,3351,326,155,185,189,0.9887067079544067
118,62,36637,542,649,209,255,0.9788714051246643
119,64,29667,154,277,228,223,0.9958319067955017
120,64,20014,595,266,338,317,0.9938176274299622
121,64,3351,395,889,193,190,0.9842396974563599
122,65,20014,0,632,342,344,0.989548921585083
123,65,29667,559,729,234,232,0.9855443835258484
124,65,3351,349,152,188,189,0.9745307564735413
125,66,3351,391,211,187,184,0.9912487268447876
126,66,20014,34,716,345,338,0.9886339902877808
127,66,29667,598,820,229,223,0.9832095503807068
128,68,27777,637,294,175,195,0.9931868314743042
129,68,16232,154,829,189,193,0.987147331237793
130,68,3483,173,277,261,218,0.9711691737174988
131,68,30308,512,767,445,372,0.9532875418663025
132,70,29451,48,231,403,230,0.9928532242774963
133,70,1900,631,899,210,155,0.9918951392173767
134,70,16551,49,708,298,500,0.9605108499526978
135,70,24850,642,259,195,269,0.9293738007545471
136,72,1900,156,224,206,150,0.9878228902816772
137,72,24850,152,773,197,281,0.9806798696517944
138,72,29451,554,841,407,227,0.9735498428344727
139,72,16551,644,47,292,483,0.703374445438385
140,72,16551,644,48,292,481,0.29244744777679443
141,73,3544,74,200,201,200,0.9904670119285583
142,73,16551,523,72,354,422,0.9812995791435242
143,73,29451,165,673,221,364,0.970910906791687
144,73,12247,593,852,210,124,0.9564263820648193
145,75,3544,89,210,207,202,0.9880146384239197
146,75,29451,198,716,220,357,0.9799988865852356
147,75,12247,620,882,207,122,0.9715662598609924
148,75,16551,552,81,364,435,0.9693091511726379
149,79,3351,386,846,193,192,0.9921212196350098
150,79,16262,126,297,246,235,0.979219377040863
151,79,19232,501,236,334,258,0.8975127935409546
152,80,19232,97,697,340,267,0.9964717626571655
153,80,16262,569,695,249,245,0.9944855570793152
154,80,3351,361,195,182,186,0.993377149105072
155,82,3743,121,838,333,336,0.9887787699699402
156,82,2483,629,96,202,475,0.9496971964836121
157,82,19552,121,148,317,494,0.9495701193809509
158,82,22362,609,736,272,420,0.9377422332763672
159,83,3743,493,126,310,301,0.9942786693572998
160,83,2483,90,660,211,497,0.9907689690589905
161,83,19552,505,600,317,487,0.9889386892318726
162,83,22362,81,117,260,391,0.6854872107505798
163,85,29345,587,678,284,449,0.992367684841156
164,85,21771,150,850,193,188,0.9920375347137451
165,85,16548,570,251,233,227,0.9857299327850342
166,85,1900,161,257,129,199,0.9757370948791504
167,86,16548,153,768,239,239,0.993314802646637
168,86,1900,686,807,129,210,0.9883577227592468
169,86,21771,620,252,186,179,0.9880175590515137
170,86,29345,118,157,276,411,0.9810410141944885
171,88,1900,131,231,204,138,0.9917282462120056
172,88,16551,608,50,286,481,0.9762701392173767
173,88,27926,616,731,265,453,0.2692001760005951
174,89,1900,115,225,199,138,0.9912019968032837
175,89,16551,580,43,280,468,0.981700599193573
176,90,1900,656,903,211,147,0.9940735697746277
177,90,16551,87,705,295,500,0.9807549715042114
178,91,27926,147,144,259,454,0.9935179948806763
179,91,1900,629,895,211,134,0.9814174771308899
180,91,16548,124,866,240,238,0.9727897047996521
181,91,19607,688,299,158,150,0.9249534010887146
182,95,3351,338,184,183,184,0.9846530556678772
183,95,29667,63,745,230,231,0.9777888655662537
184,95,32310,498,718,385,241,0.9378237128257751
185,97,19607,668,253,155,151,0.9879733324050903
186,97,1900,689,805,130,209,0.9841762781143188
187,97,29345,117,170,311,397,0.9840213656425476
188,97,16548,101,822,241,240,0.9786480665206909
189,100,33009,519,793,384,209,0.9909160733222961
190,100,16548,586,131,233,228,0.9898375272750854
191,100,1900,136,245,189,161,0.9807077050209045
192,100,3544,47,749,303,299,0.9432227611541748
193,102,16548,614,136,241,228,0.9871975183486938
194,102,1900,151,253,197,163,0.9860600233078003
195,102,33009,549,838,374,199,0.9827577471733093
196,102,3544,81,795,298,292,0.8848614692687988
197,104,3351,324,205,184,187,0.9928963780403137
198,104,18357,108,609,249,369,0.9892041087150574
199,104,21325,618,760,176,230,0.9815225601196289
200,108,2483,602,77,245,483,0.9936919212341309
201,108,25438,144,844,254,254,0.9895623326301575
202,108,12778,106,46,292,525,0.9790900945663452
203,108,22362,590,744,251,409,0.4605369567871094
204,109,25367,579,721,388,496,0.9922457337379456
205,109,3483,151,220,247,220,0.989240825176239
206,109,35206,110,777,301,390,0.9834680557250977
207,109,19861,638,279,219,169,0.9513963460922241
208,110,35206,583,97,288,379,0.9897603392601013
209,110,19861,127,866,220,168,0.9843693971633911
210,110,25367,40,49,387,482,0.9828301668167114
211,110,3483,601,868,259,230,0.9712282419204712
212,112,33009,561,810,373,209,0.9889124631881714
213,112,3544,127,235,208,201,0.9605591297149658
214,112,16551,156,586,305,471,0.8141089677810669
215,113,3544,659,833,212,212,0.9913150668144226
216,113,33009,77,270,362,219,0.9823299050331116
217,113,16551,527,232,310,454,0.9779806137084961
218,113,29667,126,845,230,228,0.33376485109329224
219,114,33009,529,765,381,224,0.9858890771865845
220,114,3544,111,224,202,202,0.985560953617096
221,114,16551,123,539,310,477,0.9786907434463501
222,114,29667,604,192,220,215,0.4168817400932312
223,115,3483,120,307,273,200,0.9920439720153809
224,115,25367,496,645,420,465,0.9916383624076843
225,115,36637,100,882,269,179,0.991205632686615
226,115,27733,560,257,301,263,0.991027295589447
227,118,16688,421,82,438,518,0.9937224984169006
228,118,13900,65,311,228,213,0.9704726934432983
229,118,3351,456,846,192,190,0.9626177549362183
230,119,3351,292,192,187,190,0.9951684474945068
231,119,13900,655,705,229,222,0.9825417995452881
232,119,16688,74,576,459,578,0.9717982411384583
233,120,3351,333,255,187,184,0.9823533296585083
234,120,13900,692,798,231,215,0.9811303019523621
235,122,25469,49,786,351,302,0.9925417900085449
236,122,25367,53,91,368,475,0.988919198513031
237,122,29667,592,172,217,213,0.9807131290435791
238,122,3483,574,811,279,194,0.9665937423706055
239,124,1900,173,281,203,139,0.9925011992454529
240,124,16551,2,762,370,461,0.9769653081893921
241,124,21771,686,883,198,192,0.9734305739402771
242,125,21771,116,204,193,184,0.9886250495910645
243,125,16551,625,33,351,443,0.9763492345809937
244,125,1900,624,889,205,139,0.7785665988922119
245,126,21771,100,196,188,182,0.9945344924926758
246,126,16551,593,27,349,428,0.9877328872680664
247,126,1900,595,857,211,144,0.9231052398681641
248,127,3743,137,857,283,289,0.9800080060958862
249,127,2483,639,110,206,481,0.9760061502456665
250,127,22362,621,781,255,430,0.9461820721626282
251,128,22362,608,781,252,405,0.9883686304092407
252,128,2483,647,77,204,492,0.9613063335418701
253,128,3743,137,846,274,274,0.9457259178161621
254,129,22362,80,78,253,387,0.9754800200462341
255,129,2483,78,647,210,491,0.9667983055114746
256,129,3743,523,152,267,262,0.9304923415184021
257,129,12778,523,544,287,525,0.5305467247962952
258,130,36637,129,829,191,253,0.9991613626480103
259,130,27777,637,295,176,195,0.991213858127594
260,130,30308,510,763,463,317,0.9780650734901428
261,130,3483,173,276,263,220,0.9706646203994751
262,132,36637,665,180,187,247,0.9971784353256226
263,132,27777,178,812,175,199,0.9850539565086365
264,132,30308,29,179,456,309,0.9742028117179871
265,132,3483,566,813,263,220,0.9456638693809509
266,134,35206,648,136,205,406,0.9866386651992798
267,134,3483,562,811,284,176,0.984527587890625
268,134,31885,39,3,352,527,0.9830945134162903
269,134,28763,64,812,218,207,0.9587268829345703
270,135,3483,590,844,283,172,0.9875582456588745
271,135,35206,678,149,206,414,0.9847081899642944
272,135,31885,50,21,376,530,0.9755350947380066
273,135,28763,99,853,213,201,0.5517728328704834
274,136,1900,651,852,209,157,0.9930226802825928
275,136,16551,81,653,312,485,0.9775960445404053
276,136,33009,565,213,326,289,0.977049708366394
277,139,25469,51,785,350,303,0.9900330901145935
278,139,35206,584,110,222,393,0.9900143146514893
279,139,31885,11,47,393,503,0.9786821603775024
280,139,3483,575,812,278,192,0.9640083909034729
281,140,35206,613,117,230,406,0.9899733066558838
282,140,3483,602,845,277,187,0.9866430759429932
283,140,31885,21,68,415,506,0.9841371774673462
284,140,25469,85,830,343,302,0.8428577780723572
285,140,25469,85,828,344,304,0.4010581374168396
286,142,16548,593,155,233,226,0.9917895793914795
287,142,1900,582,868,211,142,0.9895319938659668
288,143,16548,621,161,240,226,0.9943887591362
289,143,1900,609,901,205,136,0.9878302216529846
290,146,27777,638,293,173,195,0.9870674014091492
291,146,16232,154,828,190,193,0.9756284952163696
292,146,3483,173,276,260,218,0.9729159474372864
293,146,31885,557,674,399,525,0.9728674292564392
294,148,20238,119,299,229,221,0.983380138874054
295,148,3351,400,850,194,192,0.9813659191131592
296,148,19232,499,236,336,259,0.9621949195861816
297,149,19232,96,697,340,266,0.9962788224220276
298,149,20238,594,711,231,229,0.9928434491157532
299,149,3351,347,191,183,185,0.9867877960205078
300,150,20238,633,803,227,222,0.991606593132019
301,150,19232,140,801,334,265,0.9913183450698853
302,150,3351,388,253,184,180,0.9874778985977173
303,151,29451,512,242,409,222,0.9974857568740845
304,151,16548,100,820,240,238,0.9871383309364319
305,151,33208,185,268,205,194,0.9841581583023071
306,151,1900,643,845,190,190,0.9237573146820068
307,152,29451,37,804,422,221,0.9964472651481628
308,152,33208,584,813,212,203,0.991243839263916
309,152,16548,620,206,233,224,0.9909874796867371
310,152,1900,147,241,181,181,0.9876676201820374
311,153,16548,648,214,240,225,0.9930630326271057
312,153,1900,166,246,184,183,0.9884464740753174
313,153,33208,610,845,211,199,0.9853984117507935
314,153,29451,74,843,413,219,0.902599573135376
315,153,29451,75,843,412,218,0.8777561187744141
316,154,2483,612,47,256,478,0.9852997064590454
317,154,13395,595,684,237,489,0.958418607711792
318,154,3743,110,806,273,274,0.9242604374885559
319,154,12778,90,129,324,502,0.28664717078208923
320,155,13395,112,81,237,478,0.9879786968231201
321,155,2483,64,691,263,478,0.9712315797805786
322,155,3743,550,188,266,264,0.6428214907646179
323,155,12778,532,572,320,501,0.2956550419330597
324,156,2483,603,81,258,468,0.9795055389404297
325,156,13395,600,687,253,504,0.9450239539146423
326,156,3743,110,816,281,286,0.936021625995636
327,156,12778,94,147,321,519,0.43705326318740845
328,157,27777,144,776,179,207,0.9916281700134277
329,157,16262,575,189,236,225,0.9905845522880554
330,157,25367,107,81,392,458,0.9847288727760315
331,157,3483,538,780,266,226,0.9798169732093811
332,159,3483,566,815,264,221,0.9713177680969238
333,159,27777,177,813,175,200,0.9668174386024475
334,159,16262,602,192,244,234,0.9567029476165771
335,159,25367,120,98,404,463,0.4028680920600891
336,160,3544,626,887,214,214,0.9844273924827576
337,160,4543,147,916,210,209,0.9746001958847046
338,160,16551,572,269,292,461,0.9546282887458801
339,162,3544,158,177,208,202,0.9906619191169739
340,162,4543,628,147,206,198,0.9752452373504639
341,162,16551,127,537,289,479,0.72105473279953
342,163,27777,179,812,175,199,0.987544059753418
343,163,28763,127,175,213,201,0.9846307635307312
344,163,16232,643,250,188,183,0.9843301177024841
345,163,3483,568,813,263,219,0.956228494644165
346,164,27777,637,293,175,195,0.9927399754524231
347,164,16232,154,829,189,192,0.9874153733253479
348,164,28763,651,892,223,213,0.9797089695930481
349,164,3483,173,277,261,218,0.9729348421096802
350,165,16232,615,240,184,182,0.9955247640609741
351,165,27777,146,776,179,205,0.99496990442276
352,165,28763,110,169,209,197,0.978880763053894
353,165,3483,540,778,266,225,0.9675769805908203
354,170,2483,620,70,234,468,0.9702113270759583
355,170,3743,107,811,282,288,0.9336876273155212
356,170,12081,650,694,245,467,0.5047982931137085
357,172,29667,631,180,225,215,0.9887312054634094
358,172,3483,589,844,284,172,0.9868991374969482
359,172,25367,114,64,338,500,0.9800149202346802
360,172,28763,97,854,214,202,0.396109014749527
361,173,25367,98,49,326,493,0.9920483231544495
362,173,3483,561,811,286,176,0.9852924942970276
363,173,29667,604,178,218,213,0.9848393797874451
364,173,28763,61,812,220,208,0.7244638204574585
365,174,25367,550,687,341,515,0.9881995916366577
366,174,29667,125,865,231,227,0.9791412949562073
367,174,3483,133,286,278,175,0.9701574444770813
368,174,28763,681,257,211,197,0.6096930503845215
369,175,29667,639,203,223,217,0.9944474697113037
370,175,3483,594,872,259,231,0.9540730118751526
371,175,30308,119,97,281,476,0.9204763770103455
372,175,19861,121,864,220,168,0.6123995184898376
373,176,19861,644,278,219,170,0.9965324401855469
374,176,29667,119,840,231,226,0.9954618811607361
375,176,3483,159,215,246,221,0.9859774112701416
376,176,30308,597,679,287,481,0.973770022392273
377,179,20238,153,851,232,226,0.9959153532981873
378,179,27777,638,292,176,195,0.9940181970596313
379,179,3483,173,273,263,221,0.9746929407119751
380,179,22347,643,833,217,208,0.9702787399291992
381,180,20238,575,192,222,213,0.9975534081459045
382,180,27777,145,777,179,205,0.9961065649986267
383,180,22347,124,230,202,194,0.978642463684082
384,180,3483,539,781,266,225,0.9728996157646179
385,183,3544,642,877,214,213,0.9899196624755859
386,183,16551,20,694,411,417,0.9480149745941162
387,183,29667,158,260,221,214,0.9047627449035645
388,183,29451,592,238,214,336,0.8981569409370422
389,185,3544,142,172,201,200,0.9944632649421692
390,185,4543,600,146,203,198,0.9783021211624146
391,185,16548,135,737,237,235,0.9449439644813538
392,186,3544,158,178,208,202,0.9892094731330872
393,186,4543,628,146,206,199,0.9668542146682739
394,186,16548,166,780,236,229,0.7081528306007385
395,189,3743,136,857,283,290,0.9807267785072327
396,189,2483,639,110,207,483,0.9739823341369629
397,189,22362,621,781,256,429,0.9488254189491272
398,189,12778,91,133,282,534,0.5208723545074463
399,191,3544,123,181,203,200,0.9935431480407715
400,191,4543,640,153,202,197,0.9878458380699158
401,191,16551,577,569,290,490,0.972167432308197
402,196,3743,494,127,309,301,0.9945834279060364
403,196,2483,86,662,219,494,0.9876871705055237
404,196,12778,546,514,270,524,0.9532370567321777
405,196,22362,81,117,260,390,0.7073213458061218
406,197,3743,122,829,322,320,0.9939197301864624
407,197,22362,600,734,264,406,0.9773838520050049
408,197,2483,634,59,205,492,0.9518859386444092
409,197,12778,122,173,283,522,0.9503443837165833
410,198,3743,121,838,333,335,0.9897689819335938
411,198,22362,609,736,272,422,0.976371705532074
412,198,2483,628,91,202,479,0.9538795948028564
413,198,12778,126,193,276,537,0.9320822358131409
414,199,29667,630,165,223,214,0.9902674555778503
415,199,30308,39,119,401,399,0.9867798089981079
416,199,3483,564,814,264,220,0.9737521409988403
417,199,27777,176,810,175,200,0.9668022990226746
418,200,27777,640,295,176,195,0.9939326643943787
419,200,30308,558,734,416,407,0.9773654937744141
420,200,3483,176,275,262,220,0.9700151681900024
421,200,29667,128,882,228,226,0.9682844281196594
422,202,16262,109,833,246,244,0.994103729724884
423,202,20877,544,293,330,235,0.9888822436332703
424,202,3483,143,291,212,257,0.979534924030304
425,202,22347,689,867,214,209,0.9759794473648071
426,203,20877,85,725,331,243,0.9899011254310608
427,203,3483,625,719,209,272,0.9871669411659241
428,203,16262,603,188,236,228,0.9867505431175232
429,203,22347,83,198,201,194,0.9783252477645874
430,204,16262,631,191,242,234,0.9888671040534973
431,204,3483,649,751,211,270,0.9888103008270264
432,204,20877,116,769,331,229,0.986365795135498
433,204,22347,98,205,207,197,0.9804639220237732
434,205,3544,113,163,201,200,0.9941224455833435
435,205,16548,593,121,230,225,0.9861611127853394
436,205,29451,167,675,217,362,0.7482345104217529
437,210,3351,419,245,184,182,0.9870195388793945
438,210,29667,163,749,227,224,0.9814541339874268
439,210,31863,597,876,204,205,0.9731909036636353
440,212,16551,480,135,442,359,0.9805101156234741
441,212,3544,62,125,301,292,0.5364423990249634
442,212,1900,624,888,205,139,0.332297682762146
443,212,19607,140,868,179,176,0.26360762119293213
444,213,16551,454,124,431,350,0.9846808910369873
445,213,1900,595,857,211,144,0.7926315069198608
446,213,19607,104,834,182,181,0.5512349605560303
447,214,33208,588,801,213,206,0.9945095181465149
448,214,27926,91,613,267,487,0.9939737915992737
449,214,1900,143,241,198,127,0.9841170907020569
450,214,16551,567,57,280,461,0.9770150184631348
451,215,1900,159,249,200,126,0.990903913974762
452,215,33208,616,833,211,203,0.9887237548828125
453,215,27926,127,663,261,480,0.9875127673149109
454,215,16551,596,63,285,480,0.9771552085876465
455,217,3743,119,787,321,319,0.9867152571678162
456,217,2483,594,66,245,481,0.9258824586868286
457,217,12081,601,708,234,451,0.32881098985671997
458,217,12778,125,121,285,539,0.31493276357650757
459,217,12081,601,708,234,450,0.26382309198379517
460,219,12081,107,103,233,436,0.9923022985458374
461,219,2483,85,666,263,476,0.9887964725494385
462,219,3743,495,167,313,298,0.6044495701789856
463,219,12778,538,545,277,528,0.4089374840259552
464,219,3743,495,167,313,298,0.3178909718990326
465,222,16262,172,769,240,237,0.9962522387504578
466,222,3351,406,204,185,184,0.9899969100952148
467,222,41768,601,741,275,300,0.9778659343719482
468,224,25469,83,829,345,300,0.991007387638092
469,224,29667,618,173,226,218,0.9876918196678162
470,224,3483,601,845,278,187,0.9859809875488281
471,224,34597,103,79,367,489,0.9858910441398621
472,225,25469,576,193,330,282,0.9959574341773987
473,225,3483,126,271,271,191,0.9861527681350708
474,225,29667,140,871,230,229,0.9816005229949951
475,225,34597,528,663,374,508,0.9677203297615051
476,226,20238,644,189,226,216,0.9939075112342834
477,226,3483,601,869,260,229,0.9745419025421143
478,226,22347,109,230,208,198,0.9697451591491699
479,226,19861,127,866,220,168,0.9491179585456848
480,229,2483,50,681,289,461,0.9789025783538818
481,229,3743,537,154,315,299,0.9742407202720642
482,229,12081,98,72,243,471,0.5638998746871948
483,231,2483,595,112,285,447,0.9860316514968872
484,231,3743,74,812,329,331,0.9812223315238953
485,231,13395,612,698,240,510,0.8543618321418762
486,231,34597,56,123,390,457,0.48394277691841125
487,232,29667,678,189,227,214,0.9850931763648987
488,232,22347,129,234,207,198,0.9829188585281372
489,232,27733,116,775,321,267,0.9819984436035156
490,232,3483,600,799,276,207,0.9763202667236328
491,234,3483,570,768,278,205,0.9910434484481812
492,234,27733,79,733,328,270,0.9867857098579407
493,234,29667,648,186,220,212,0.9791980981826782
494,234,22347,112,225,200,194,0.970873236656189
495,236,28763,615,834,223,214,0.98203444480896
496,236,28763,679,256,210,197,0.9816345572471619
497,236,3483,133,286,278,175,0.9766638875007629
498,236,35206,102,686,209,421,0.9680600166320801
499,237,35206,649,145,204,396,0.9854793548583984
500,237,3483,563,811,285,177,0.9844418168067932
501,237,28763,144,223,209,199,0.9825341105461121
502,237,28763,63,813,220,207,0.9727410078048706
503,238,3351,403,835,187,188,0.9889833331108093
504,238,18357,65,261,306,300,0.9879764914512634
505,238,16262,625,241,244,233,0.9696589708328247
506,241,18147,517,256,307,384,0.9988542795181274
507,241,20238,129,328,225,217,0.9965838193893433
508,241,3351,410,913,191,191,0.9867383241653442
509,243,20238,623,770,227,223,0.9969537258148193
510,243,3351,379,185,183,183,0.9928330183029175
511,243,18147,144,650,316,404,0.9797818660736084
512,244,3544,128,169,209,202,0.9809562563896179
513,244,16551,581,4,284,484,0.950762927532196
514,244,29451,198,716,219,357,0.8831236362457275
515,247,3743,121,839,332,335,0.9898291230201721
516,247,2483,627,95,201,475,0.9578375220298767
517,247,22362,609,735,270,423,0.7567648887634277
518,247,22362,609,735,270,424,0.549117922782898
519,247,19552,58,129,336,513,0.40940940380096436
520,248,3743,122,829,321,320,0.9951445460319519
521,248,22362,601,733,262,407,0.9752354621887207
522,248,2483,631,59,209,491,0.9489391446113586
523,249,3743,494,127,310,301,0.9947562217712402
524,249,2483,84,662,223,493,0.9878722429275513
525,249,22362,81,116,260,391,0.722963273525238
526,250,29667,128,205,226,224,0.9941933751106262
527,250,3351,378,849,190,191,0.9918923377990723
528,250,18357,540,229,249,353,0.9724920988082886
529,251,3351,370,180,181,186,0.9953449368476868
530,251,18357,140,595,250,369,0.9947078227996826
531,251,29667,587,794,232,233,0.9788113236427307
532,252,29667,624,884,228,226,0.9889515042304993
533,252,3351,411,239,184,183,0.9886094331741333
534,252,18357,184,690,244,372,0.9806379079818726
535,253,3351,444,849,192,190,0.9930478930473328
536,253,35206,71,260,395,213,0.9820443391799927
537,253,33880,464,258,411,283,0.9734157919883728
538,256,2483,61,668,211,486,0.9850916266441345
539,256,13395,110,83,236,483,0.9747874140739441
540,256,19552,495,656,315,502,0.9728819131851196
541,256,25438,543,179,247,253,0.9210439920425415
542,256,19552,496,655,313,501,0.290945440530777
543,259,3351,384,896,190,190,0.9920057654380798
544,259,41768,106,283,275,287,0.9842244386672974
545,259,20238,606,280,223,218,0.9517920613288879
546,262,3483,561,811,285,176,0.9845046997070312
547,262,29667,603,176,219,215,0.9822297096252441
548,262,34597,77,35,333,494,0.9749348759651184
549,262,28763,61,812,221,206,0.6757827997207642
550,264,29667,125,864,230,227,0.9787074327468872
551,264,3483,134,286,278,175,0.9647001624107361
552,264,34597,564,678,353,521,0.9380292296409607
553,265,25367,598,670,378,489,0.9923690557479858
554,265,16232,142,846,197,195,0.9893085956573486
555,265,3483,134,287,277,174,0.9698622226715088
556,265,28763,680,256,211,197,0.3361961245536804
557,266,3483,589,845,283,172,0.9878833889961243
558,266,16232,647,231,195,184,0.9873829483985901
559,266,25367,18,107,387,477,0.985445499420166
560,266,28763,98,855,215,201,0.2925844192504883
561,271,3483,625,718,209,272,0.9911738038063049
562,271,20877,86,725,330,242,0.9900627732276917
563,271,22347,105,189,200,193,0.9874166250228882
564,271,35206,633,164,214,393,0.978264331817627
565,273,20877,543,294,331,233,0.9844590425491333
566,273,3483,142,292,211,257,0.9822503924369812
567,273,22347,666,876,215,209,0.9787765145301819
568,273,35206,100,672,230,407,0.9751912951469421
569,274,20014,576,257,344,318,0.9909392595291138
570,274,21325,207,327,151,232,0.7449137568473816
571,275,20014,6,646,351,344,0.9845959544181824
572,275,21325,583,665,152,242,0.9742707014083862
573,275,3351,326,149,187,189,0.9617711305618286
574,277,36637,619,199,266,150,0.9937647581100464
575,277,30308,80,98,396,404,0.9889305233955383
576,277,19861,127,866,219,167,0.9668077230453491
577,277,3483,601,868,259,230,0.9543522000312805
578,278,3483,152,220,247,221,0.9897622466087341
579,278,30308,520,746,414,415,0.986824095249176
580,278,19861,638,279,219,170,0.9612664580345154
581,278,36637,95,908,277,167,0.7517983317375183
582,280,3351,409,866,190,191,0.9929423332214355
583,280,16232,133,291,191,195,0.9884207248687744
584,280,3832,431,276,400,352,0.9637503027915955
585,286,27777,145,776,179,205,0.9949264526367188
586,286,30308,30,116,376,406,0.9871282577514648
587,286,16262,576,189,236,225,0.9870660901069641
588,286,3483,538,780,266,226,0.98139888048172
589,287,16262,137,833,248,246,0.9969747066497803
590,287,27777,639,293,175,195,0.9942139983177185
591,287,30308,572,702,396,424,0.9818394184112549
592,287,3483,174,273,263,223,0.9739798307418823
593,288,30308,43,132,387,419,0.9843287467956543
594,288,3483,566,814,264,221,0.9751503467559814
595,288,16262,603,191,245,234,0.8726766705513
596,288,27777,178,813,174,200,0.7487456202507019
597,289,2483,600,78,248,481,0.9923934936523438
598,289,25438,144,844,254,254,0.9899918437004089
599,289,22362,590,743,252,409,0.49248701333999634
600,291,25438,536,175,244,252,0.9980229139328003
601,291,2483,75,660,266,472,0.9525761008262634
602,291,22362,99,101,254,401,0.8800593018531799
603,292,25438,547,177,245,253,0.977024495601654
604,292,2483,69,665,204,485,0.9759865999221802
605,292,13395,114,80,231,484,0.9683039784431458
606,292,12778,540,591,327,509,0.9615030288696289
607,295,16232,642,296,196,192,0.9877311587333679
608,295,20014,120,192,343,314,0.9774619936943054
609,295,3351,413,865,190,189,0.9335172176361084
610,298,1900,684,879,210,132,0.9913367033004761
611,298,33208,157,235,205,195,0.9878959655761719
612,298,16548,162,775,240,236,0.9821037650108337
613,299,1900,89,260,200,127,0.994439959526062
614,299,33208,612,847,213,205,0.9877761602401733
615,299,16548,562,246,232,226,0.9690269827842712
616,302,36637,569,711,236,229,0.9954497218132019
617,302,3351,310,161,185,188,0.9907925128936768
618,302,19232,99,633,279,329,0.9777502417564392
619,304,13395,595,703,233,466,0.9671525359153748
620,304,3743,131,812,332,334,0.9639974236488342
621,304,2483,620,68,197,471,0.9636774659156799
622,304,12778,108,127,309,511,0.481905996799469
623,308,3351,289,205,186,190,0.9906285405158997
624,308,41768,559,605,278,297,0.9843918085098267
625,308,36637,118,711,191,263,0.7943146824836731
626,310,3544,654,890,214,214,0.9905738234519958
627,310,4543,141,867,210,211,0.9861066341400146
628,310,12247,618,320,175,186,0.9804267883300781
629,310,16551,102,146,318,447,0.9525474309921265
630,313,3483,622,722,210,271,0.9886877536773682
631,313,29667,597,182,219,215,0.9866006970405579
632,313,20877,39,755,327,254,0.9863854050636292
633,313,34597,16,18,450,412,0.9791229963302612
634,315,3483,145,288,212,256,0.9844965934753418
635,315,20877,593,259,325,245,0.9744505286216736
636,315,34597,506,782,470,425,0.9715959429740906
637,315,29667,134,860,230,226,0.9658772349357605
638,316,3544,127,234,208,202,0.9752572774887085
639,316,16548,167,791,238,228,0.971422553062439
640,316,33009,563,815,369,206,0.4813400208950043
641,316,29667,633,199,225,216,0.3195714056491852
642,317,3544,659,832,212,212,0.9932548999786377
643,317,16548,594,284,229,221,0.9926744103431702
644,317,33009,76,269,363,219,0.9885299801826477
645,320,3483,625,717,210,272,0.9916735291481018
646,320,20877,86,725,330,241,0.9897985458374023
647,320,28763,137,195,208,200,0.9887416958808899
648,320,35206,633,164,213,393,0.9777199029922485
649,323,22347,655,877,215,208,0.9871736764907837
650,323,36637,149,802,196,254,0.9782007932662964
651,323,3483,132,287,278,174,0.9749017953872681
652,323,28763,680,256,210,196,0.8728027939796448
653,324,36637,644,207,190,247,0.9974827170372009
654,324,3483,591,845,283,171,0.9862106442451477
655,324,22347,130,195,209,197,0.978146493434906
656,324,28763,98,856,214,200,0.6678853034973145
657,325,16262,137,832,248,246,0.9970090985298157
658,325,27777,640,292,173,195,0.9847835898399353
659,325,31885,511,702,399,525,0.9780969023704529
660,325,3483,175,273,261,221,0.9743849039077759
661,327,3483,566,813,263,222,0.9790746569633484
662,327,31885,92,28,413,509,0.9736740589141846
663,327,16262,603,191,243,233,0.9541313052177429
664,327,27777,178,812,174,201,0.9189015626907349
665,328,27733,561,257,299,263,0.9917043447494507
666,328,31885,516,644,384,533,0.9852764010429382
667,328,36637,101,881,268,180,0.9812896847724915
668,328,3483,122,307,272,200,0.6178445816040039
669,332,3544,126,141,202,198,0.9913262724876404
670,332,4543,83,824,188,182,0.9849216341972351
671,332,4543,590,169,202,197,0.9741384387016296
672,332,16551,565,539,287,488,0.9716359376907349
673,334,16232,627,222,188,183,0.9971423745155334
674,334,3483,626,718,208,271,0.9928227066993713
675,334,20877,87,725,329,241,0.989809513092041
676,334,22347,146,224,201,194,0.9688679575920105
677,335,20877,544,293,329,234,0.9893071055412292
678,335,16232,133,847,197,191,0.9881460666656494
679,335,3483,142,292,211,256,0.9805904626846313
680,335,22347,622,840,212,206,0.9790401458740234
681,336,3483,651,750,211,269,0.985504686832428
682,336,16232,654,232,194,179,0.9854786396026611
683,336,20877,117,768,331,229,0.9804934859275818
684,336,22347,164,233,206,198,0.9665179252624512
685,337,25469,576,191,328,283,0.9960046410560608
686,337,22347,641,836,217,208,0.986869752407074
687,337,36637,132,828,178,262,0.9865912795066833
688,337,3483,126,271,271,189,0.985732913017273
689,338,25469,51,787,348,301,0.9931089878082275
690,338,36637,646,170,168,245,0.9823598861694336
691,338,22347,127,226,202,195,0.9798431992530823
692,338,3483,574,812,279,193,0.9669874906539917
693,339,36637,675,173,175,254,0.9909939169883728
694,339,3483,601,846,278,187,0.9858346581459045
695,339,25469,85,829,343,303,0.985228419303894
696,339,22347,144,236,209,198,0.9684101343154907
697,340,20238,576,191,221,214,0.9967269897460938
698,340,27777,145,776,180,206,0.9956727027893066
699,340,34597,39,81,392,473,0.9862914681434631
700,340,3483,538,781,267,225,0.9815806746482849
701,341,20238,604,195,227,219,0.9908831715583801
702,341,3483,566,814,265,221,0.9787605404853821
703,341,27777,177,813,176,200,0.9787350296974182
704,341,34597,53,111,397,469,0.9713314771652222
705,341,34597,54,113,395,470,0.7155455350875854
706,344,28763,154,195,212,200,0.9872940182685852
707,344,27777,178,813,174,200,0.9717349410057068
708,344,3483,566,815,263,221,0.9580763578414917
709,344,16262,603,192,244,233,0.927808403968811
710,345,27777,144,777,179,205,0.9962537288665771
711,345,28763,137,187,210,199,0.9858424067497253
712,345,16262,575,188,237,225,0.9832852482795715
713,345,3483,538,780,266,226,0.9798411130905151
714,346,27777,178,812,175,200,0.9867217540740967
715,346,16232,643,250,188,184,0.979754626750946
716,346,25367,140,54,340,499,0.97676020860672
717,346,3483,568,813,263,219,0.9597440958023071
718,347,16232,615,240,183,183,0.9955894947052002
719,347,27777,146,775,179,206,0.9922025203704834
720,347,25367,122,41,330,490,0.9786407351493835
721,347,3483,539,778,266,226,0.9721441864967346
722,349,27777,178,812,176,200,0.9878646731376648
723,349,35206,609,140,228,405,0.986839771270752
724,349,34597,6,125,440,432,0.9825809597969055
725,349,3483,567,811,264,220,0.9802093505859375
726,352,19552,112,173,327,489,0.9853301048278809
727,352,2483,639,113,206,479,0.9784604907035828
728,352,3743,137,857,284,290,0.977931022644043
729,352,22362,622,780,255,429,0.9207878112792969
730,355,2483,50,701,257,480,0.9858081340789795
731,355,12081,70,123,230,436,0.9612894654273987
732,355,3743,553,191,265,266,0.845279335975647
733,355,12778,542,586,305,512,0.4201606512069702
734,356,2483,630,31,240,482,0.9259699583053589
735,356,3743,108,800,274,275,0.9178546071052551
736,356,12778,95,106,311,512,0.5595542788505554
737,359,29667,630,164,222,215,0.9911819696426392
738,359,3483,564,813,263,221,0.9756171703338623
739,359,31885,80,47,368,528,0.9755744934082031
740,359,27777,177,810,174,200,0.9595633149147034
741,361,18147,213,165,209,418,0.9979788661003113
742,361,3351,429,882,190,191,0.9903809428215027
743,361,16262,645,289,241,234,0.9883308410644531
744,364,35206,99,255,352,324,0.9943459630012512
745,364,3351,408,855,188,194,0.9781796932220459
746,364,32310,585,167,246,343,0.9743669033050537
747,372,3483,602,845,278,187,0.9860446453094482
748,372,16262,573,193,244,234,0.9812057018280029
749,372,34597,16,141,448,415,0.9483629465103149
750,372,25469,52,857,373,222,0.9229699373245239
751,374,29667,624,187,225,215,0.9889111518859863
752,374,3483,646,754,212,269,0.9857111573219299
753,374,20877,71,799,326,244,0.9701526165008545
754,374,25367,99,32,409,467,0.920319676399231
755,379,3351,464,859,191,190,0.9869921207427979
756,379,31863,137,316,209,207,0.9779873490333557
757,379,16688,454,158,488,473,0.8922579884529114
758,380,3351,284,180,189,190,0.9898232817649841
759,380,31863,599,714,208,214,0.9897913336753845
760,380,16688,0,548,507,533,0.9772304892539978
761,382,3743,74,811,329,332,0.9858241081237793
762,382,2483,595,111,285,449,0.9808098673820496
763,382,13395,613,698,239,510,0.8431751728057861
764,382,19552,94,117,383,471,0.5719989538192749
765,384,2483,610,76,276,461,0.9695253968238831
766,384,12778,90,79,387,471,0.864736020565033
767,384,13395,601,698,243,489,0.6258202791213989
768,387,20238,135,868,229,227,0.9897451996803284
769,387,31885,499,655,415,509,0.988382875919342
770,387,3483,133,287,277,176,0.9730963110923767
771,387,28763,680,256,208,196,0.7658492922782898
772,389,16262,602,187,236,227,0.9900617599487305
773,389,20877,85,724,331,244,0.9872188568115234
774,389,34597,30,123,442,425,0.9865907430648804
775,389,3483,625,719,209,271,0.982056200504303
776,390,3483,650,749,212,271,0.9881775975227356
777,390,20877,115,767,333,231,0.9864583611488342
778,390,16262,629,189,243,235,0.9861300587654114
779,390,34597,46,154,449,421,0.9711252450942993
780,392,1900,187,275,201,135,0.9930583238601685
781,392,33208,656,901,219,209,0.992032527923584
782,392,16551,110,698,298,501,0.9594560861587524
783,393,1900,582,868,211,142,0.9854393005371094
784,393,33208,111,159,207,196,0.9678834080696106
785,393,16551,559,51,276,462,0.8200660347938538
786,393,19607,92,833,182,181,0.2807983160018921
787,394,25469,572,232,378,217,0.9974028468132019
788,394,20238,141,850,230,225,0.9966663718223572
789,394,3483,126,272,271,189,0.9857041239738464
790,394,28763,604,855,225,215,0.9804620742797852
791,395,20238,618,194,229,219,0.9906730055809021
792,395,28763,171,210,216,202,0.9896177649497986
793,395,3483,602,846,278,187,0.9857050180435181
794,395,25469,52,858,371,221,0.7734953165054321
795,396,25469,12,813,384,221,0.9950824975967407
796,396,20238,590,191,222,213,0.9930850267410278
797,396,28763,153,200,214,200,0.9925162196159363
798,396,3483,575,811,279,193,0.9593319892883301
799,400,33009,11,775,371,235,0.9904124140739441
800,400,33208,614,771,212,204,0.9871731996536255
801,400,1900,134,246,192,156,0.9818503260612488
802,400,16548,603,125,232,226,0.9801405072212219
803,401,33009,584,243,361,233,0.9950366616249084
804,401,1900,641,858,208,167,0.9921203851699829
805,401,16548,111,898,242,241,0.9887823462486267
806,401,33208,153,296,206,194,0.9768915772438049
807,404,18147,19,588,287,420,0.995500385761261
808,404,3351,356,144,187,191,0.9882979989051819
809,404,35206,436,699,420,237,0.985762357711792
810,409,33009,516,793,386,209,0.9918642044067383
811,409,16551,10,731,465,322,0.9870666861534119
812,409,1900,136,244,186,165,0.9860451817512512
813,411,33009,86,256,368,210,0.992976725101471
814,411,1900,645,853,202,178,0.9911825656890869
815,411,16551,496,202,451,308,0.9657664895057678
816,412,2483,624,72,225,464,0.9687036275863647
817,412,3743,107,810,282,288,0.9260201454162598
818,412,19552,113,187,310,503,0.9038989543914795
819,412,19552,114,185,309,505,0.8365335464477539
820,413,19552,112,160,314,495,0.9718746542930603
821,413,2483,629,33,241,479,0.9394688010215759
822,413,3743,109,801,273,274,0.8812614679336548
823,414,19552,518,548,307,498,0.9873051047325134
824,414,2483,50,702,260,478,0.9862522482872009
825,414,3743,553,191,264,266,0.9266793131828308
826,414,12081,70,123,230,436,0.8824071288108826
827,415,3483,601,866,259,231,0.9812166094779968
828,415,16262,638,176,245,233,0.9757746458053589
829,415,19861,127,865,220,168,0.9751830101013184
830,415,31885,97,94,323,542,0.9471470713615417
831,416,3483,573,837,260,229,0.9879835844039917
832,416,31885,81,70,311,541,0.9726265072822571
833,416,19861,90,827,228,177,0.9650413990020752
834,416,16262,609,172,240,229,0.8495911955833435
835,417,3483,151,219,246,220,0.9892752766609192
836,417,19861,639,278,219,170,0.9860936403274536
837,417,16262,102,852,245,241,0.9543293118476868
838,417,31885,572,613,330,553,0.9453234076499939
839,419,3483,121,306,273,201,0.99332594871521
840,419,27733,564,261,302,267,0.9862974882125854
841,419,25367,542,739,434,436,0.9861518740653992
842,419,20238,113,854,232,227,0.9720703959465027
843,420,3483,580,759,274,209,0.9946164488792419
844,420,27733,85,727,321,282,0.9908402562141418
845,420,25367,6,71,431,420,0.9895836114883423
846,420,20238,615,186,219,214,0.9714265465736389
847,422,19861,639,278,221,170,0.9868857860565186
848,422,3483,153,219,247,220,0.9854208827018738
849,422,34597,557,696,352,519,0.9674884676933289
850,422,36637,95,907,277,168,0.9673469066619873
851,423,3483,572,840,261,228,0.9850106835365295
852,423,34597,79,11,335,500,0.981633186340332
853,423,36637,592,194,258,155,0.9741297364234924
854,423,19861,89,827,228,178,0.9676313400268555
855,429,3483,609,790,274,209,0.9884585738182068
856,429,27733,132,775,312,276,0.9841607213020325
857,429,29667,665,179,228,214,0.983797013759613
858,429,34597,74,156,482,352,0.9283595085144043
859,430,3544,182,199,203,199,0.9951232075691223
860,430,4543,612,155,203,199,0.9824315905570984
861,430,16551,71,610,406,410,0.8902877569198608
862,431,3544,200,208,208,200,0.9863173365592957
863,431,4543,641,155,206,200,0.9716690182685852
864,431,16551,106,662,402,399,0.6320987939834595
865,432,3544,584,857,213,214,0.9896554946899414
866,432,4543,134,905,211,210,0.9805055260658264
867,432,16551,491,226,394,387,0.9677460789680481
868,433,3483,580,759,273,208,0.9946093559265137
869,433,16232,619,179,188,182,0.9934937357902527
870,433,27733,86,728,319,280,0.9917110204696655
871,433,30308,94,105,349,423,0.9732872247695923
872,434,16232,142,892,198,194,0.9952881336212158
873,434,3483,121,307,272,200,0.9917368292808533
874,434,30308,536,695,367,444,0.9874510765075684
875,434,27733,566,261,300,267,0.9834704995155334
876,435,30308,109,121,359,437,0.993772566318512
877,435,27733,123,768,314,275,0.9846617579460144
878,435,16232,647,186,194,180,0.9818564057350159
879,435,3483,608,791,273,210,0.9802661538124084
880,436,20238,618,194,228,219,0.9915845394134521
881,436,3483,602,845,278,187,0.9862840175628662
882,436,31885,43,135,445,479,0.9801158905029297
883,436,25469,52,857,372,221,0.8782123327255249
884,443,25438,567,185,247,256,0.9851373434066772
885,443,2483,80,675,256,477,0.9714483618736267
886,443,13395,76,97,226,444,0.8828174471855164
887,443,19552,534,682,336,483,0.830514132976532
888,444,25438,113,842,257,270,0.9906700849533081
889,444,2483,594,99,256,467,0.9567437767982483
890,444,13395,653,707,219,470,0.7975224852561951
891,449,34597,48,129,377,480,0.9890769720077515
892,449,3483,590,843,284,172,0.9876269698143005
893,449,16262,621,180,244,233,0.9770161509513855
894,452,29451,513,241,409,225,0.9971147775650024
895,452,16551,139,635,312,488,0.9866369366645813
896,452,1900,644,845,188,190,0.9789724946022034
897,454,2483,100,707,231,482,0.9816453456878662
898,454,13395,126,83,234,479,0.9792585968971252
899,454,3743,563,196,269,265,0.8382213115692139
900,454,12778,498,587,293,525,0.5682380199432373
901,455,2483,603,22,219,486,0.9477702975273132
902,455,13395,582,681,234,489,0.9370118379592896
903,455,3743,96,795,271,274,0.8615669012069702
904,455,12778,137,85,303,526,0.2927781343460083
905,456,13395,590,683,246,506,0.9588121175765991
906,456,2483,599,61,207,475,0.9533814787864685
907,456,3743,96,806,279,285,0.8940183520317078
908,456,12778,140,103,299,541,0.42117980122566223
909,457,13395,630,677,232,494,0.9916770458221436
910,457,2483,635,65,222,486,0.9170031547546387
911,457,3743,135,832,276,275,0.894684374332428
912,458,3743,135,843,283,288,0.9779645204544067
913,458,13395,639,674,242,517,0.9736995100975037
914,458,2483,622,94,231,478,0.9212067127227783
915,458,12778,108,165,289,551,0.26570209860801697
916,459,13395,80,83,231,484,0.9897987842559814
917,459,2483,80,663,218,488,0.983086109161377
918,459,3743,524,164,269,264,0.9741955399513245
919,459,12778,550,514,269,530,0.4525836408138275
920,460,3743,494,127,310,301,0.9950490593910217
921,460,2483,88,661,214,496,0.9888521432876587
922,460,22362,81,117,261,390,0.7327479720115662
923,462,3743,121,838,333,335,0.9895792603492737
924,462,22362,609,736,272,421,0.9685969948768616
925,462,2483,628,93,204,478,0.9475570321083069
926,463,20238,133,869,231,227,0.9895933866500854
927,463,28763,621,874,225,213,0.983534038066864
928,463,28763,678,255,210,197,0.9831334948539734
929,463,3483,131,287,279,174,0.9687412977218628
930,464,28763,137,184,210,199,0.9879434704780579
931,464,3483,563,811,286,176,0.9846131801605225
932,464,20238,594,174,222,213,0.9808785915374756
933,464,28763,65,813,220,208,0.9762276411056519
934,465,3483,592,844,283,171,0.9863666892051697
935,465,20238,623,177,226,216,0.9849293828010559
936,465,28763,154,193,215,200,0.9833555817604065
937,465,28763,99,856,215,200,0.9650967121124268
938,468,25438,154,872,261,268,0.9959558844566345
939,468,22362,606,745,263,422,0.9945322275161743
940,468,2483,599,111,204,475,0.98621666431427
941,468,12778,115,108,306,517,0.604564905166626
942,469,27733,123,767,315,275,0.9873061180114746
943,469,35206,601,128,256,388,0.9867245554924011
944,469,3483,609,791,273,210,0.9839985370635986
945,469,28763,150,222,211,200,0.9821366667747498
946,472,3544,150,191,207,202,0.9892047047615051
947,472,16548,628,149,237,226,0.9877766370773315
948,472,29451,189,712,219,354,0.9792622327804565
949,472,28763,632,853,218,133,0.4693518877029419
950,474,16548,119,880,240,240,0.9887791872024536
951,474,3544,635,875,214,214,0.9838443398475647
952,474,29451,590,237,211,333,0.8996602892875671
953,475,19552,93,138,313,494,0.9881894588470459
954,475,2483,597,76,208,480,0.9843671917915344
955,475,25438,126,824,260,267,0.978939950466156
956,475,13395,603,710,232,523,0.9624086618423462
957,477,25438,125,812,255,256,0.9939562678337097
958,477,19552,90,106,316,495,0.9857827425003052
959,477,2483,603,42,214,489,0.9787382483482361
960,477,13395,592,714,234,498,0.9576656222343445
961,479,27777,145,775,179,206,0.9935316443443298
962,479,25367,65,81,372,471,0.9862098097801208
963,479,3483,538,778,266,226,0.9639859795570374
964,479,36637,637,177,180,242,0.604098379611969
965,479,36637,636,178,181,240,0.3575631380081177
966,481,13395,639,674,241,518,0.9774588942527771
967,481,2483,623,94,229,478,0.9520048499107361
968,481,3743,135,842,282,289,0.9297889471054077
969,481,19552,80,101,306,504,0.3504435122013092
970,482,13395,80,81,231,486,0.9906823635101318
971,482,2483,80,664,220,487,0.9843134880065918
972,482,3743,524,164,269,264,0.9724559187889099
973,482,19552,557,633,305,496,0.6300367712974548
974,484,32310,25,326,293,325,0.9958111047744751
975,484,3351,419,896,193,191,0.9885022640228271
976,484,16688,482,122,414,527,0.9115397930145264
977,485,3351,326,146,188,189,0.9919658899307251
978,485,16688,42,524,435,584,0.9567627906799316
979,485,32310,628,534,289,341,0.956667423248291
980,486,3351,369,206,186,183,0.9922020435333252
981,486,32310,667,631,293,344,0.9900272488594055
982,486,16688,80,623,426,584,0.6299124956130981
983,487,27733,123,766,314,276,0.9824816584587097
984,487,3483,609,791,271,210,0.9799363613128662
985,487,16232,648,186,193,180,0.9791228771209717
986,487,31885,94,50,414,506,0.9761683344841003
987,493,19607,684,901,163,160,0.9976074695587158
988,493,1900,187,291,196,155,0.9926871061325073
989,493,16548,126,886,241,239,0.9677610397338867
990,494,16548,592,138,233,225,0.9935646653175354
991,494,1900,587,829,205,163,0.9913357496261597
992,494,19607,136,213,153,151,0.7058559656143188
993,494,19607,91,833,183,180,0.4538014531135559
994,496,36637,164,294,189,249,0.9947806000709534
995,496,3832,494,180,393,370,0.994565486907959
996,496,3351,394,872,189,189,0.9832702875137329
997,497,36637,588,670,195,258,0.995276927947998
998,497,3832,56,655,384,377,0.9608784317970276
999,497,3351,355,159,182,185,0.8820928931236267
1000,497,3832,56,656,384,376,0.7947868704795837
1001,497,3351,357,158,181,186,0.5951488614082336
1002,499,25469,571,232,382,219,0.9960528612136841
1003,499,25367,525,729,437,457,0.9954611659049988
1004,499,16262,167,833,248,243,0.9947434663772583
1005,499,3483,125,271,272,191,0.9848313331604004
1006,500,25367,36,61,415,437,0.9785814881324768
1007,500,3483,575,812,278,193,0.977053701877594
1008,500,16262,546,189,239,227,0.9766770601272583
1009,500,25469,11,812,386,222,0.9309987425804138
1010,501,25367,44,78,432,443,0.9911858439445496
1011,501,3483,602,845,278,187,0.9861060380935669
1012,501,16262,572,193,245,235,0.9826383590698242
1013,501,25469,50,857,374,222,0.947672963142395
1014,502,25469,571,232,379,218,0.997549831867218
1015,502,20238,140,850,230,226,0.9962410926818848
1016,502,3483,126,272,271,190,0.9838469624519348
1017,502,30308,547,730,418,411,0.949015200138092
1018,503,30308,38,102,393,395,0.9958730340003967
1019,503,20238,590,191,221,214,0.9953964352607727
1020,503,25469,12,812,386,222,0.9950422048568726
1021,503,3483,575,812,279,193,0.9433130025863647
1022,506,3351,351,140,185,189,0.9896345734596252
1023,506,38162,534,631,199,306,0.9673327207565308
1024,506,31863,83,699,208,212,0.9518947005271912
1025,507,31863,123,784,207,205,0.9940980672836304
1026,507,3351,393,198,184,183,0.9522210955619812
1027,508,18147,539,236,337,356,0.9966909885406494
1028,508,3351,419,871,190,192,0.9896417260169983
1029,508,22074,166,262,188,190,0.9416466951370239
1030,509,18147,49,606,350,380,0.98398756980896
1031,509,22074,590,779,190,194,0.9713876843452454
1032,509,3351,330,167,184,189,0.9153071641921997
1033,511,25367,573,745,393,494,0.9941859245300293
1034,511,3483,153,219,247,221,0.9864637851715088
1035,511,19861,639,279,221,170,0.9711800813674927
1036,511,36637,94,907,278,168,0.9679710268974304
1037,515,30308,93,185,425,365,0.9886052012443542
1038,515,35206,609,141,228,403,0.9871721863746643
1039,515,27777,179,812,175,199,0.9792999625205994
1040,515,3483,567,812,264,219,0.9777790307998657
1041,516,27777,637,294,175,195,0.9929266571998596
1042,516,35206,140,708,243,410,0.9833688139915466
1043,516,30308,479,701,439,369,0.9815572500228882
1044,516,3483,173,276,261,219,0.9713924527168274
1045,517,36637,643,207,190,249,0.9971857666969299
1046,517,31885,25,17,387,523,0.9844444990158081
1047,517,3483,590,844,282,172,0.9837217926979065
1048,517,28763,99,854,212,201,0.7964605689048767
1049,518,31885,15,0,364,519,0.9894453883171082
1050,518,3483,563,812,283,175,0.9856271743774414
1051,518,36637,615,203,183,241,0.9582067728042603
1052,518,28763,64,813,218,207,0.9495353102684021
1053,519,31885,598,701,375,537,0.9784745573997498
1054,519,3483,133,287,277,175,0.9721631407737732
1055,519,36637,150,802,195,253,0.9692529439926147
1056,519,28763,681,257,208,196,0.7643839716911316
1057,520,27777,639,295,176,195,0.9915671944618225
1058,520,28763,614,907,224,212,0.9806120991706848
1059,520,29667,127,883,228,225,0.971580445766449
1060,520,3483,175,274,262,220,0.9713041186332703
1061,521,27777,144,774,179,205,0.9966391324996948
1062,521,29667,603,163,217,211,0.989944577217102
1063,521,3483,536,779,266,226,0.9819236397743225
1064,521,28763,148,155,207,198,0.9814018607139587
1065,522,29667,631,165,222,214,0.9927201271057129
1066,522,27777,177,810,174,200,0.9887086749076843
1067,522,28763,164,159,212,203,0.9878022074699402
1068,522,3483,565,814,264,221,0.9696139097213745
1069,525,16232,141,892,197,194,0.9947490096092224
1070,525,27733,565,261,301,268,0.9834207892417908
1071,525,3483,122,306,272,199,0.9745211601257324
1072,525,28763,635,865,224,213,0.9715541005134583
1073,526,3483,151,219,247,221,0.9896522164344788
1074,526,16262,101,853,246,240,0.9854865074157715
1075,526,19861,638,279,219,169,0.9786953330039978
1076,526,30308,549,708,316,476,0.9313476085662842
1077,527,19861,127,865,220,168,0.9799787402153015
1078,527,3483,601,867,259,230,0.9693602323532104
1079,527,16262,637,175,245,233,0.9656076431274414
1080,527,30308,142,73,309,465,0.9604965448379517
1081,528,3483,573,839,261,228,0.9854898452758789
1082,528,30308,130,65,295,449,0.9720535278320312
1083,528,19861,90,827,227,177,0.9056157469749451
1084,528,16262,609,172,240,228,0.8169766068458557
1085,529,20238,618,195,229,218,0.9925315976142883
1086,529,3483,602,846,278,187,0.9858945608139038
1087,529,22347,105,242,210,197,0.9709859490394592
1088,529,25469,52,857,371,221,0.8026596307754517
1089,530,25469,572,231,378,218,0.9974633455276489
1090,530,20238,140,850,230,226,0.99673992395401
1091,530,3483,126,272,270,189,0.9860154390335083
1092,530,22347,680,831,216,207,0.9811650514602661
1093,531,25469,12,812,385,221,0.9941021800041199
1094,531,20238,590,191,221,214,0.9935100674629211
1095,531,22347,89,231,202,194,0.9830695390701294
1096,531,3483,576,812,279,193,0.9136930108070374
1097,532,19552,116,101,384,445,0.9883130192756653
1098,532,3743,74,812,330,331,0.9865508079528809
1099,532,2483,596,115,283,445,0.985255241394043
1100,532,13395,613,698,239,511,0.8042747378349304
1101,533,19552,112,72,393,437,0.9895344376564026
1102,533,2483,607,77,278,459,0.9887121915817261
1103,533,13395,601,697,242,490,0.7759432196617126
1104,534,2483,51,681,288,461,0.9792782068252563
1105,534,3743,537,154,315,299,0.9788421988487244
1106,534,19552,443,696,392,440,0.9784996509552002
1107,534,13395,97,75,242,469,0.4031592309474945
1108,534,12081,98,72,242,471,0.34346967935562134
1109,535,36637,675,173,173,254,0.9948346614837646
1110,535,25469,85,830,343,301,0.9881657361984253
1111,535,3483,602,845,277,187,0.9866292476654053
1112,535,31885,83,145,410,502,0.9790752530097961
1113,536,36637,645,170,167,247,0.9892786145210266
1114,536,25469,51,786,349,302,0.9878970384597778
1115,536,31885,68,114,393,505,0.9812715649604797
1116,536,3483,575,812,278,193,0.9641373157501221
1117,537,25469,577,191,325,283,0.9936104416847229
1118,537,3483,127,271,270,189,0.9850569367408752
1119,537,36637,132,828,179,263,0.9756052494049072
1120,537,31885,518,597,402,518,0.9722192287445068
1121,539,20014,13,668,350,345,0.990159809589386
1122,539,38162,593,708,203,308,0.9886717796325684
1123,539,3351,319,132,189,189,0.9845147132873535
1124,540,20014,53,752,348,339,0.9967188239097595
1125,540,3351,363,190,185,182,0.992168128490448
1126,540,38162,634,806,195,297,0.8862428069114685
1127,541,3483,152,220,246,220,0.9906643629074097
1128,541,19861,638,279,219,169,0.9868292212486267
1129,541,16232,146,899,194,194,0.9776911735534668
1130,541,31885,584,652,331,554,0.9088876843452454
1131,542,16232,618,173,186,181,0.9913709163665771
1132,542,3483,574,838,260,229,0.9850574135780334
1133,542,19861,91,827,226,177,0.9818795323371887
1134,542,31885,70,31,309,538,0.965869128704071
1135,543,16232,646,176,191,187,0.9824599027633667
1136,543,3483,601,866,259,231,0.9719236493110657
1137,543,19861,127,866,219,167,0.9626792669296265
1138,543,31885,85,53,320,543,0.9413111209869385
1139,545,27777,640,295,176,195,0.9910462498664856
1140,545,22347,663,863,215,208,0.9812146425247192
1141,545,29667,127,882,228,226,0.9757556915283203
1142,545,3483,176,275,262,219,0.9741049408912659
1143,546,27777,143,774,179,205,0.9967585206031799
1144,546,29667,603,163,217,212,0.9913114309310913
1145,546,3483,536,779,267,226,0.9770350456237793
1146,546,22347,107,202,202,194,0.9690616130828857
1147,547,20877,116,769,331,228,0.9864904880523682
1148,547,3483,649,751,212,270,0.9829220771789551
1149,547,22347,121,243,207,198,0.9724985361099243
1150,547,36637,634,209,182,249,0.9552612900733948
1151,548,36637,166,798,189,255,0.9977881908416748
1152,548,20877,544,293,330,233,0.9846199154853821
1153,548,3483,143,291,211,257,0.9809959530830383
1154,548,22347,664,829,214,209,0.9707311391830444
1155,551,30308,542,686,395,430,0.9903486967086792
1156,551,20238,134,869,230,227,0.9879913926124573
1157,551,3483,131,287,279,176,0.9731282591819763
1158,551,28763,678,256,210,197,0.8323346376419067
1159,552,20238,623,178,227,216,0.9912816286087036
1160,552,30308,78,144,384,422,0.9912400841712952
1161,552,3483,591,844,283,172,0.9867426156997681
1162,552,28763,100,855,215,201,0.6319450736045837
1163,553,16232,602,213,186,182,0.9960899353027344
1164,553,25469,13,812,384,221,0.9890317320823669
1165,553,34597,13,69,420,450,0.9849897623062134
1166,553,3483,576,812,279,192,0.9517450928688049
1167,555,16232,630,220,191,187,0.9954085946083069
1168,555,3483,602,845,278,186,0.9869648218154907
1169,555,34597,25,99,428,444,0.9791030287742615
1170,555,25469,52,857,373,221,0.8833478093147278
1171,560,35206,583,97,288,379,0.992358386516571
1172,560,30308,113,76,282,476,0.9868029952049255
1173,560,3483,601,867,259,230,0.9656826257705688
1174,560,19861,127,866,220,167,0.8967684507369995
1175,564,1900,151,254,197,163,0.9878608584403992
1176,564,33009,549,837,373,199,0.9862697720527649
1177,564,16551,591,108,293,476,0.9819466471672058
1178,564,21771,160,805,193,186,0.951968252658844
1179,565,2483,623,70,228,466,0.9652066230773926
1180,565,3743,108,811,283,288,0.9189261198043823
1181,565,19552,22,150,406,446,0.8634375333786011
1182,565,12081,650,694,244,468,0.33299073576927185
1183,569,12081,108,105,232,435,0.9927421808242798
1184,569,2483,87,666,261,476,0.9888139367103577
1185,569,12778,546,570,292,523,0.9292043447494507
1186,569,3743,496,167,313,298,0.9057765603065491
1187,571,16551,539,56,303,450,0.9872187376022339
1188,571,24850,122,138,186,283,0.9839982986450195
1189,571,1900,580,867,211,142,0.7669775485992432
1190,571,19607,91,832,182,181,0.5015261173248291
1191,572,24850,672,826,195,304,0.9858794808387756
1192,572,1900,188,274,202,136,0.9810354113578796
1193,572,16551,103,708,324,483,0.9636846780776978
1194,573,24850,137,144,191,292,0.975592315196991
1195,573,16551,568,62,310,467,0.9733163714408875
1196,573,1900,609,900,204,135,0.9254723191261292
1197,574,3743,117,828,321,321,0.9916393160820007
1198,574,13395,627,676,231,495,0.9915298223495483
1199,574,2483,670,77,209,491,0.974580705165863
1200,574,12778,96,170,314,492,0.28592559695243835
1201,575,3743,498,125,312,304,0.9901676177978516
1202,575,13395,84,81,231,486,0.9873660802841187
1203,575,2483,61,648,202,488,0.940285861492157
1204,575,19552,536,547,309,490,0.7327711582183838
1205,576,3743,117,839,330,334,0.9908875226974487
1206,576,2483,657,106,215,482,0.979719340801239
1207,576,13395,638,674,238,519,0.9724834561347961
1208,576,19552,99,194,311,499,0.38065195083618164
1209,576,12778,98,186,314,507,0.293212354183197
1210,577,33009,519,792,383,208,0.9915900826454163
1211,577,16551,536,71,356,422,0.9820265173912048
1212,577,1900,135,247,191,156,0.9803977608680725
1213,577,19607,139,786,160,159,0.9675329923629761
1214,578,33009,88,257,365,207,0.9947585463523865
1215,578,1900,641,859,206,166,0.9917458891868591
1216,578,16551,54,725,379,450,0.9723736047744751
1217,578,19607,662,334,155,150,0.9717515110969543
1218,579,1900,151,256,199,157,0.9862220883369446
1219,579,33009,550,837,373,199,0.9846814870834351
1220,579,19607,171,822,159,154,0.9642719030380249
1221,579,16551,566,81,367,432,0.9544892311096191
1222,581,16548,105,905,244,240,0.9908573031425476
1223,581,1900,644,853,204,173,0.9892330169677734
1224,581,24850,643,206,182,276,0.9700091481208801
1225,581,33009,89,255,365,209,0.9646944999694824
1226,583,13395,113,80,236,477,0.982848048210144
1227,583,19552,468,634,330,491,0.9770404100418091
1228,583,2483,65,693,263,473,0.9752480983734131
1229,583,3743,550,187,266,264,0.8882902264595032
1230,584,2483,603,83,258,465,0.9831249713897705
1231,584,19552,146,112,332,489,0.9825206398963928
1232,584,13395,599,686,253,504,0.9387915730476379
1233,584,3743,110,816,281,285,0.9105083346366882
1234,586,25469,52,787,348,301,0.9958229064941406
1235,586,28763,146,199,208,199,0.9857389330863953
1236,586,36637,646,170,168,245,0.9846298098564148
1237,586,3483,575,812,279,193,0.9666852951049805
1238,587,25469,575,191,327,284,0.9969273209571838
1239,587,3483,126,271,271,189,0.9850586652755737
1240,587,36637,131,828,178,263,0.9822729229927063
1241,587,28763,614,858,223,215,0.97478187084198
1242,588,36637,675,173,175,254,0.9922967553138733
1243,588,25469,86,830,342,303,0.9914500117301941
1244,588,3483,602,846,278,187,0.9855863451957703
1245,588,28763,164,207,213,204,0.9762521982192993
1246,589,16262,637,176,247,233,0.9763093590736389
1247,589,25367,25,113,348,494,0.9756126403808594
1248,589,3483,601,867,260,230,0.9723085165023804
1249,589,19861,126,865,221,169,0.9326503872871399
1250,591,3483,151,219,247,221,0.9895393252372742
1251,591,16262,101,853,247,240,0.9845138192176819
1252,591,25367,628,646,348,509,0.9836002588272095
1253,591,19861,638,278,219,170,0.9798704385757446
1254,592,29667,119,844,230,227,0.9951891899108887
1255,592,19861,639,278,220,169,0.9932506680488586
1256,592,3483,153,218,246,220,0.989473283290863
1257,592,28763,648,902,224,214,0.9794633388519287
1258,593,29667,610,194,219,214,0.9895949959754944
1259,593,3483,572,839,261,229,0.9838048815727234
1260,593,28763,115,160,207,197,0.983665943145752
1261,593,19861,89,827,227,177,0.9832397103309631
1262,594,29667,639,199,223,216,0.987280011177063
1263,594,28763,130,165,211,202,0.981519341468811
1264,594,19861,125,865,220,168,0.9805945754051208
1265,594,3483,599,868,260,231,0.9690369367599487
1266,595,16232,649,290,192,190,0.9954150915145874
1267,595,3351,399,867,190,192,0.986946702003479
1268,595,32310,108,215,250,345,0.8541405200958252
1269,595,32310,108,217,250,344,0.8309845328330994
1270,596,32310,577,618,267,373,0.9962756633758545
1271,596,3351,352,164,180,183,0.9934459328651428
1272,596,16232,80,733,199,199,0.9831059575080872
1273,598,33880,551,193,306,419,0.9947032332420349
1274,598,3351,402,874,191,191,0.9899531006813049
1275,598,36637,174,333,181,252,0.9398708939552307
1276,600,33880,112,685,310,433,0.9862847328186035
1277,600,3351,387,228,184,180,0.9853516221046448
1278,600,36637,627,722,181,257,0.982921838760376
1279,601,27733,566,261,300,267,0.9853925108909607
1280,601,16262,152,801,248,243,0.9802296161651611
1281,601,31885,502,636,451,480,0.9735002517700195
1282,601,3483,122,307,271,200,0.9532185196876526
1283,602,3483,580,759,273,210,0.9951437711715698
1284,602,27733,85,727,322,281,0.9938532114028931
1285,602,31885,39,107,437,473,0.9888498187065125
1286,602,16262,564,218,234,228,0.9739248752593994
1287,603,16262,590,226,242,232,0.9895297884941101
1288,603,3483,608,790,272,211,0.9857068657875061
1289,603,27733,123,766,314,276,0.9824765920639038
1290,603,31885,54,138,458,469,0.9807863831520081
1291,605,36637,644,207,190,247,0.9917898178100586
1292,605,3483,592,845,283,171,0.9858816862106323
1293,605,28763,99,856,214,201,0.9759531021118164
1294,605,28763,146,250,213,200,0.9588367938995361
1295,608,29667,588,722,234,233,0.9950429201126099
1296,608,3351,339,192,188,190,0.9924110174179077
1297,608,33880,48,604,318,447,0.5335559844970703
1298,610,16232,620,222,189,183,0.9915517568588257
1299,610,3483,562,812,284,176,0.9850516319274902
1300,610,34597,0,102,394,448,0.9744393229484558
1301,610,28763,63,812,220,206,0.3798118531703949
1302,611,16232,143,846,197,195,0.985169529914856
1303,611,34597,579,655,397,459,0.975335955619812
1304,611,3483,133,287,278,175,0.9741362929344177
1305,612,16232,647,231,195,184,0.9888733625411987
1306,612,3483,590,844,283,172,0.9868409633636475
1307,612,34597,0,137,415,440,0.9728220701217651
1308,614,19232,166,653,242,357,0.9896323680877686
1309,614,3351,347,154,185,188,0.9890310168266296
1310,614,22074,636,726,186,194,0.9831387996673584
1311,615,22074,674,820,183,188,0.9911082983016968
1312,615,3351,388,214,184,181,0.9897215962409973
1313,615,19232,210,756,234,352,0.9702648520469666
1314,616,3483,151,220,246,220,0.9899938702583313
1315,616,19861,638,278,219,169,0.9875431060791016
1316,616,16232,145,898,195,194,0.9830908179283142
1317,616,28763,629,887,223,214,0.9742592573165894
1318,617,19861,127,866,219,167,0.9926844239234924
1319,617,16232,645,176,192,185,0.9893745183944702
1320,617,28763,149,180,211,198,0.9823815226554871
1321,617,3483,601,869,259,229,0.9591482281684875
1322,618,16232,617,173,187,181,0.9963037967681885
1323,618,19861,90,827,227,176,0.9893258810043335
1324,618,3483,573,839,260,228,0.9810760021209717
1325,618,28763,131,172,209,197,0.980701744556427
1326,620,22362,78,80,254,385,0.9745786786079407
1327,620,2483,80,644,208,490,0.9677819609642029
1328,620,3743,523,153,266,261,0.8322041630744934
1329,620,12778,550,631,298,519,0.279400110244751
1330,621,22362,610,780,251,405,0.9881182312965393
1331,621,2483,648,78,204,493,0.9511581659317017
1332,621,3743,138,847,274,274,0.9501214623451233
1333,621,34597,93,55,303,512,0.25286057591438293
1334,622,22074,611,290,188,188,0.9877106547355652
1335,622,3351,397,891,189,189,0.9762109518051147
1336,622,41768,129,294,258,293,0.9747645258903503
1337,623,41768,554,631,270,309,0.9958056211471558
1338,623,3351,351,148,185,189,0.9871774911880493
1339,623,22074,126,746,189,197,0.9773651957511902
1340,624,41768,593,721,268,308,0.9922477006912231
1341,624,22074,169,838,184,186,0.9782944917678833
1342,624,3351,394,208,184,183,0.8205395340919495
1343,624,3351,393,208,185,183,0.4459797441959381
1344,625,3483,121,306,273,201,0.9909272193908691
1345,625,27733,565,261,301,267,0.9843357801437378
1346,625,30308,502,699,424,397,0.9829513430595398
1347,625,16262,151,802,250,243,0.9745478630065918
1348,627,3483,579,759,275,209,0.9948360919952393
1349,627,30308,76,147,395,378,0.9923862218856812
1350,627,27733,85,728,321,281,0.991519033908844
1351,627,16262,564,219,235,227,0.9721778035163879
1352,628,16232,141,892,197,194,0.9953112006187439
1353,628,27733,565,260,302,268,0.9833282232284546
1354,628,3483,122,306,272,199,0.9729413390159607
1355,628,22347,676,851,214,209,0.9661905169487
1356,632,25438,550,181,245,253,0.9934415817260742
1357,632,13395,116,80,235,483,0.9792872667312622
1358,632,2483,61,667,214,485,0.9734172224998474
1359,632,12778,505,600,295,514,0.2616375684738159
1360,633,25438,129,847,261,270,0.9949600696563721
1361,633,13395,595,678,252,511,0.9359405040740967
1362,633,2483,652,95,199,475,0.9251195192337036
1363,633,12778,137,112,300,524,0.6482939124107361
1364,635,16548,72,753,237,232,0.9909750819206238
1365,635,3544,182,197,204,201,0.9905039668083191
1366,635,4543,613,155,202,198,0.9829749464988708
1367,636,3544,584,857,213,214,0.9937339425086975
1368,636,16548,655,280,229,222,0.9877025485038757
1369,636,4543,134,904,211,211,0.9796410799026489
1370,637,3743,74,813,330,331,0.9851326942443848
1371,637,2483,596,112,283,448,0.9812822341918945
1372,637,13395,612,698,240,510,0.8716384768486023
1373,638,2483,606,75,280,462,0.9814240336418152
1374,638,13395,600,697,244,489,0.7763428688049316
1375,638,3743,75,801,324,319,0.45990750193595886
1376,640,3351,404,918,193,192,0.9872241020202637
1377,640,3832,486,287,405,341,0.9839891791343689
1378,640,20238,94,298,229,224,0.46817323565483093
1379,641,20238,617,708,235,231,0.9967620372772217
1380,641,3351,343,126,183,185,0.9869763255119324
1381,641,3832,46,579,407,350,0.9548988938331604
1382,641,3832,43,580,410,349,0.4438532590866089
1383,644,3743,487,120,312,304,0.9926567673683167
1384,644,13395,74,85,233,484,0.9815727472305298
1385,644,2483,58,652,212,488,0.9407103657722473
1386,646,36637,130,827,191,254,0.9988191723823547
1387,646,27777,638,294,175,196,0.9874853491783142
1388,646,34597,402,630,462,433,0.9843213558197021
1389,646,3483,174,275,264,220,0.9725281000137329
1390,647,36637,665,180,186,249,0.996938943862915
1391,647,34597,144,190,450,414,0.9913486838340759
1392,647,27777,177,811,176,200,0.9870135188102722
1393,647,3483,566,812,265,221,0.9722621440887451
1394,648,27777,145,776,180,206,0.9945594668388367
1395,648,36637,636,178,180,241,0.989794135093689
1396,648,34597,126,154,444,423,0.9859817028045654
1397,648,3483,538,778,266,226,0.9802124500274658
1398,650,36637,563,823,272,168,0.9978467226028442
1399,650,3351,370,177,179,185,0.9942033886909485
1400,650,32310,0,704,311,316,0.952534556388855
1401,652,1900,126,259,196,148,0.9804335236549377
1402,652,16551,562,65,289,461,0.9792196154594421
1403,652,24850,117,843,302,169,0.9472942352294922
1404,653,1900,645,858,211,155,0.9920951724052429
1405,653,16551,93,690,309,490,0.9816904664039612
1406,653,24850,549,266,290,167,0.9086995124816895
1407,653,16551,124,130,260,420,0.34170499444007874
1408,654,1900,142,267,203,149,0.9961238503456116
1409,654,16551,591,75,295,474,0.9764827489852905
1410,654,24850,149,880,301,163,0.9573665261268616
1411,656,3544,150,191,207,202,0.9917688369750977
1412,656,16551,540,183,415,385,0.9872012138366699
1413,656,29451,189,710,220,357,0.958461582660675
1414,656,28763,631,852,218,133,0.3600746989250183
1415,658,29451,496,819,398,269,0.9920904636383057
1416,658,1900,167,245,185,182,0.9866853952407837
1417,658,16551,633,8,287,489,0.9796428084373474
1418,659,29451,465,787,407,268,0.9914368987083435
1419,659,1900,148,240,182,182,0.9908984303474426
1420,659,16551,603,8,275,469,0.9857029318809509
1421,660,29451,116,215,390,263,0.9961749315261841
1422,660,1900,643,846,189,190,0.9782044887542725
1423,660,16551,64,741,297,505,0.6308290958404541
1424,660,16551,64,742,297,504,0.2914040684700012
1425,661,16232,687,293,192,188,0.9857423305511475
1426,661,3351,378,880,188,190,0.9797623753547668
1427,661,31863,178,304,205,205,0.9675215482711792
1428,662,3351,370,162,182,188,0.9932852983474731
1429,662,16232,42,746,198,191,0.9869430065155029
1430,662,31863,556,726,207,210,0.9651867747306824
1431,664,36637,167,799,187,255,0.9972118735313416
1432,664,20877,543,294,329,232,0.9827357530593872
1433,664,3483,141,293,212,256,0.9787267446517944
1434,664,28763,630,874,224,214,0.9775441288948059
1435,665,36637,605,204,177,242,0.9927583932876587
1436,665,3483,626,718,209,272,0.9927412271499634
1437,665,20877,86,725,330,241,0.9920933842658997
1438,665,28763,131,183,208,202,0.9788302183151245
1439,667,12081,647,703,244,448,0.9771325588226318
1440,667,2483,574,117,295,447,0.9471821784973145
1441,667,25438,123,821,253,253,0.6839276552200317
1442,667,34597,33,147,460,273,0.419075071811676
1443,668,2483,69,653,305,450,0.9861229658126831
1444,668,12081,69,119,224,424,0.974716067314148
1445,668,25438,557,194,243,252,0.5068426728248596
1446,668,25438,558,194,243,254,0.36669936776161194
1447,670,25469,575,191,327,284,0.9973341226577759
1448,670,3483,125,271,271,189,0.9875380992889404
1449,670,35206,134,725,246,415,0.9816022515296936
1450,670,22347,680,846,217,210,0.9815226793289185
1451,672,25469,86,829,343,304,0.9937958717346191
1452,672,35206,613,120,230,401,0.9896377325057983
1453,672,3483,602,845,278,187,0.9861094355583191
1454,672,22347,104,225,209,197,0.968772292137146
1455,674,1900,631,894,212,135,0.9837416410446167
1456,674,27926,598,161,261,448,0.9816122651100159
1457,674,16548,153,891,242,239,0.9718725681304932
1458,674,12247,137,291,283,151,0.6445198655128479
1459,675,27926,94,613,271,489,0.9940332770347595
1460,675,16548,565,135,232,226,0.9881566166877747
1461,675,1900,140,240,199,127,0.9780453443527222
1462,677,27926,570,627,258,494,0.9902889728546143
1463,677,1900,142,241,198,127,0.9875200986862183
1464,677,16551,613,12,304,453,0.9740851521492004
1465,679,2483,612,85,209,474,0.9677505493164062
1466,679,13395,599,702,221,468,0.9591139554977417
1467,679,19552,137,152,338,483,0.9071313142776489
1468,679,3743,107,810,281,288,0.8789144158363342
1469,680,13395,138,107,212,439,0.9795821905136108
1470,680,2483,82,681,239,478,0.9428950548171997
1471,680,3743,553,191,268,267,0.9341332316398621
1472,680,19552,475,607,334,472,0.7826720476150513
1473,681,2483,617,49,222,487,0.9671703577041626
1474,681,13395,591,700,212,450,0.8556407690048218
1475,681,3743,107,800,273,274,0.7015723586082458
1476,681,12778,135,127,340,476,0.29003605246543884
1477,684,1900,181,266,130,200,0.9871679544448853
1478,684,29345,577,717,324,426,0.9757340550422668
1479,684,16551,527,89,365,430,0.820982038974762
1480,685,2483,576,118,294,449,0.9801805019378662
1481,685,25438,120,820,253,253,0.9491544365882874
1482,685,12081,644,705,242,448,0.9379593133926392
1483,685,30308,97,10,299,527,0.41822999715805054
1484,685,12081,644,706,241,447,0.3576183617115021
1485,688,3483,579,759,275,209,0.9942238926887512
1486,688,27733,85,728,321,281,0.9933611154556274
1487,688,34597,101,184,453,399,0.9863625168800354
1488,688,20238,615,186,219,215,0.9818040132522583
1489,692,22347,658,837,214,207,0.9869835376739502
1490,692,3483,133,286,277,175,0.9755816459655762
1491,692,35206,102,687,209,420,0.9673513770103455
1492,692,28763,680,257,210,196,0.7126897573471069
1493,694,3351,402,851,191,188,0.9854153990745544
1494,694,35206,154,278,262,387,0.9802772402763367
1495,694,19232,504,236,327,256,0.9793074727058411
1496,697,38162,137,260,229,267,0.9968788623809814
1497,697,3351,403,856,189,191,0.9834254384040833
1498,697,18357,600,204,243,340,0.9800113439559937
1499,698,3351,347,174,181,185,0.9906992316246033
1500,698,38162,573,679,240,282,0.9878712892532349
1501,698,18357,81,632,248,371,0.9809854626655579
1502,700,16232,618,173,186,180,0.9945255517959595
1503,700,3483,573,839,260,227,0.9830213785171509
1504,700,19861,91,827,226,176,0.9823233485221863
1505,700,30308,76,130,377,396,0.9709015488624573
1506,701,16232,646,176,191,186,0.9863777160644531
1507,701,19861,127,866,219,167,0.9845937490463257
1508,701,3483,601,867,259,230,0.9579125642776489
1509,701,30308,90,148,390,406,0.8602147698402405
1510,702,3483,151,220,246,220,0.9910652041435242
1511,702,16232,145,899,195,194,0.9828589558601379
1512,702,30308,515,696,406,414,0.9828470945358276
1513,702,19861,639,279,219,169,0.9808743596076965
1514,705,29667,639,204,222,217,0.9953861832618713
1515,705,22347,121,201,207,198,0.9765545129776001
1516,705,3483,593,873,259,231,0.964428186416626
1517,705,19861,120,865,220,169,0.9313533902168274
1518,706,2483,601,81,261,469,0.9745274186134338
1519,706,3743,110,816,281,285,0.9384403824806213
1520,706,13395,600,688,253,501,0.9120761752128601
1521,706,12778,71,111,345,498,0.9009181261062622
1522,707,13395,113,81,237,478,0.9667710065841675
1523,707,2483,66,691,262,474,0.9630911946296692
1524,707,3743,550,187,265,265,0.9121294021606445
1525,707,12778,533,627,355,495,0.7914625406265259
1526,708,2483,612,49,257,476,0.9878332614898682
1527,708,12778,67,78,349,496,0.9537070393562317
1528,708,3743,111,806,273,274,0.937004029750824
1529,708,13395,595,685,237,487,0.9204421639442444
1530,710,3483,579,760,275,209,0.9953961968421936
1531,710,27733,85,729,321,280,0.9916386008262634
1532,710,28763,159,234,208,200,0.9886047840118408
1533,710,16262,564,219,236,227,0.9721364378929138
1534,712,13395,639,675,242,517,0.9756650328636169
1535,712,12778,106,104,289,543,0.9661752581596375
1536,712,3743,134,842,283,289,0.9652618169784546
1537,712,2483,622,93,230,479,0.9294629693031311
1538,713,13395,80,81,230,486,0.9883648157119751
1539,713,3743,524,163,269,265,0.9791304469108582
1540,713,2483,82,663,217,486,0.977594256401062
1541,713,12778,555,586,279,534,0.9235875606536865
1542,714,13395,631,677,230,494,0.9937135577201843
1543,714,12778,103,83,292,527,0.9705632328987122
1544,714,3743,135,832,275,276,0.9342287182807922
1545,714,2483,635,64,222,489,0.9333367943763733
1546,716,19552,100,132,319,498,0.9890223741531372
1547,716,2483,590,103,230,470,0.9644542336463928
1548,716,3743,118,797,332,333,0.3611581027507782
1549,717,2483,85,668,262,475,0.9917029738426208
1550,717,12081,108,103,232,436,0.9842362403869629
1551,717,19552,524,607,323,497,0.969128429889679
1552,717,3743,496,167,312,298,0.6588034629821777
1553,717,3743,496,167,313,299,0.27246859669685364
1554,719,21771,91,811,195,187,0.9969462752342224
1555,719,1900,124,261,197,146,0.9897409677505493
1556,719,16548,554,183,231,226,0.9743810296058655
1557,720,21771,674,288,189,178,0.9951313734054565
1558,720,1900,647,857,212,154,0.9899508357048035
1559,720,16548,166,840,242,241,0.9794785380363464
1560,721,3483,580,759,273,208,0.9934961795806885
1561,721,27733,86,727,322,282,0.992642343044281
1562,721,31885,71,157,440,470,0.9596682786941528
1563,721,35206,566,119,252,379,0.9550814032554626
1564,724,3544,132,178,203,200,0.9861138463020325
1565,724,16548,108,735,237,232,0.9131044149398804
1566,724,29667,578,166,219,215,0.3788394331932068
1567,725,3544,637,885,214,213,0.9835317134857178
1568,725,16548,620,299,230,225,0.9800667762756348
1569,725,29667,151,873,231,229,0.6861540675163269
1570,726,3544,148,182,209,203,0.990205705165863
1571,726,16548,139,774,237,227,0.7382526397705078
1572,726,29451,594,713,270,447,0.4119621813297272
1573,726,29667,606,170,224,217,0.3346325755119324
1574,727,16232,603,214,184,182,0.9948563575744629
1575,727,25367,37,151,408,449,0.9906111359596252
1576,727,25469,12,812,385,221,0.9720456600189209
1577,727,3483,576,811,279,193,0.9442794919013977
1578,728,16232,630,220,191,187,0.995958149433136
1579,728,25367,49,175,421,451,0.9897627830505371
1580,728,3483,602,845,277,186,0.9841386675834656
1581,728,25469,50,857,373,221,0.9444780945777893
1582,731,3544,103,160,201,199,0.9924650192260742
1583,731,16548,121,770,237,230,0.9843436479568481
1584,731,4543,611,143,205,200,0.9833064675331116
1585,731,1900,602,770,209,224,0.8873540759086609
1586,732,16548,608,265,229,221,0.9915781021118164
1587,732,3544,669,899,214,212,0.9915465712547302
1588,732,4543,133,916,212,212,0.9889673590660095
1589,732,19607,167,278,205,215,0.4747626483440399
1590,738,1900,89,260,199,127,0.9885862469673157
1591,738,16551,583,89,290,461,0.9778759479522705
1592,740,19607,657,272,156,151,0.9809653162956238
1593,740,16548,121,804,241,236,0.9800943732261658
1594,740,1900,643,828,171,202,0.9646299481391907
1595,742,25438,567,186,246,254,0.988654613494873
1596,742,2483,78,674,258,477,0.9673469066619873
1597,742,13395,78,98,222,443,0.7763597965240479
1598,743,2483,605,62,250,481,0.9646511077880859
1599,743,25438,111,831,253,252,0.9603339433670044
1600,743,13395,642,705,219,452,0.9304713010787964
1601,745,32310,113,180,225,361,0.9918598532676697
1602,745,16262,662,270,239,232,0.9885802865028381
1603,745,3351,352,893,189,195,0.9884950518608093
1604,747,32310,635,732,233,396,0.9977113008499146
1605,747,16262,62,798,242,238,0.9900752902030945
1606,747,3351,438,193,183,184,0.9845134615898132
1607,750,16548,149,789,239,237,0.9923375248908997
1608,750,29345,582,133,281,409,0.990390419960022
1609,750,1900,688,805,131,211,0.9856024384498596
1610,750,12247,177,198,164,272,0.8902235627174377
1611,752,16548,559,136,231,226,0.9949243068695068
1612,752,27993,548,777,309,243,0.9914173483848572
1613,752,3544,93,196,201,201,0.9907111525535583
1614,752,29451,166,673,221,363,0.8720484972000122
1615,754,3832,92,657,361,375,0.9939554333686829
1616,754,29667,627,762,227,221,0.9901420474052429
1617,754,3351,374,198,182,181,0.9817842245101929
1618,756,29667,127,318,223,226,0.9862171411514282
1619,756,3351,417,891,188,188,0.9834461808204651
1620,756,3832,515,255,376,381,0.9524628520011902
1621,758,3483,153,219,246,220,0.9895303249359131
1622,758,19861,640,279,219,170,0.9823662638664246
1623,758,36637,95,907,276,167,0.9809312224388123
1624,758,31885,563,661,342,551,0.9646698832511902
1625,759,3483,572,839,260,230,0.9827477335929871
1626,759,31885,80,26,321,537,0.9726862907409668
1627,759,36637,592,195,258,155,0.9711863994598389
1628,759,19861,88,827,228,178,0.9672737121582031
1629,760,33208,657,804,213,205,0.9894062876701355
1630,760,29345,91,709,288,445,0.9852808117866516
1631,760,1900,159,258,127,200,0.9801247119903564
1632,760,16548,581,203,232,226,0.970852792263031
1633,761,16548,609,213,240,226,0.9905783534049988
1634,761,1900,178,268,131,201,0.9881430268287659
1635,761,29345,125,751,286,438,0.9866080284118652
1636,761,33208,684,836,212,201,0.9854657649993896
1637,763,3483,122,307,272,201,0.9917682409286499
1638,763,27733,565,261,301,267,0.9852216839790344
1639,763,31885,500,642,454,478,0.9780389666557312
1640,763,20238,114,853,230,227,0.9752388000488281
1641,764,20238,643,189,227,219,0.9928665161132812
1642,764,3483,608,790,273,211,0.9857423305511475
1643,764,27733,123,766,315,276,0.9854065179824829
1644,764,31885,53,133,459,468,0.9800328612327576
1645,766,36637,166,797,190,256,0.996137797832489
1646,766,34597,566,730,410,478,0.9823816418647766
1647,766,20877,543,293,330,235,0.9797755479812622
1648,766,3483,142,291,212,257,0.9795212149620056
1649,768,20877,85,724,331,244,0.9904149770736694
1650,768,36637,605,204,177,244,0.9896971583366394
1651,768,34597,8,14,405,464,0.9881971478462219
1652,768,3483,624,718,208,272,0.9873834252357483
1653,772,33208,639,879,210,201,0.9951789379119873
1654,772,1900,107,270,201,124,0.9888800382614136
1655,772,16551,556,81,288,479,0.9845893979072571
1656,773,1900,89,260,199,127,0.9942055344581604
1657,773,33208,612,846,213,206,0.9882537126541138
1658,773,16551,528,73,282,465,0.9844078421592712
1659,778,16232,630,220,191,187,0.9965773224830627
1660,778,30308,86,170,402,399,0.9949548840522766
1661,778,3483,602,845,277,186,0.985741138458252
1662,778,25469,51,857,371,221,0.8968457579612732
1663,779,25469,572,232,378,218,0.9976669549942017
1664,779,30308,514,684,417,404,0.9924748539924622
1665,779,3483,126,272,270,189,0.9844400882720947
1666,779,16232,164,856,194,193,0.9807649254798889
1667,780,16232,603,214,185,181,0.9959375858306885
1668,780,25469,13,812,383,221,0.994647204875946
1669,780,30308,71,148,391,396,0.989361584186554
1670,780,3483,576,811,278,193,0.9566383957862854
1671,782,3351,338,182,188,189,0.971957802772522
1672,782,22074,587,728,188,195,0.9494088292121887
1673,785,25367,539,692,397,492,0.9925493001937866
1674,785,35206,105,687,205,420,0.9792380928993225
1675,785,3483,132,286,279,176,0.9735440015792847
1676,785,28763,679,256,212,199,0.6035853028297424
1677,787,3483,151,219,247,220,0.9892648458480835
1678,787,19861,638,278,221,170,0.9800160527229309
1679,787,31885,533,655,351,512,0.9656752943992615
1680,788,3483,573,839,261,229,0.9868161082267761
1681,788,31885,98,57,334,499,0.9820948243141174
1682,788,19861,91,827,227,178,0.974242627620697
1683,788,20238,616,185,219,214,0.9538082480430603
1684,797,27993,497,856,331,161,0.9913286566734314
1685,797,3544,147,191,202,199,0.9907447695732117
1686,797,4543,602,190,205,197,0.967728316783905
1687,797,16551,42,529,307,474,0.9667429327964783
1688,798,3544,163,198,208,202,0.9884173274040222
1689,798,4543,630,193,208,199,0.9857016801834106
1690,798,27993,524,893,331,154,0.9843111634254456
1691,799,20238,643,189,226,216,0.9910160303115845
1692,799,28763,169,181,214,199,0.9896644949913025
1693,799,19861,127,865,220,168,0.9775505661964417
1694,799,3483,601,868,260,230,0.9702805280685425
1695,807,19861,644,278,221,171,0.995978832244873
1696,807,29667,120,840,230,226,0.9951677322387695
1697,807,25367,613,711,318,521,0.9874495267868042
1698,807,3483,159,215,246,221,0.9865707755088806
1699,808,3544,109,207,209,202,0.9896029829978943
1700,808,29451,193,709,219,357,0.6249927878379822
1701,808,16551,617,50,333,455,0.4700414538383484
1702,808,16548,194,711,216,354,0.2695005536079407
1703,808,27993,632,823,171,243,0.2554755210876465
1704,810,3544,94,198,202,199,0.9908280372619629
1705,810,16551,587,43,326,442,0.8755927681922913
1706,810,29451,161,666,222,365,0.7052227258682251
1707,810,27993,604,787,175,251,0.4603113830089569
1708,815,32310,520,611,279,365,0.9949823021888733
1709,815,3351,363,170,180,183,0.9894880056381226
1710,815,20238,99,712,232,229,0.9408150315284729
1711,817,30308,96,156,383,421,0.9943600296974182
1712,817,16232,647,231,195,183,0.9897833466529846
1713,817,3483,589,844,283,171,0.9892277717590332
1714,817,28763,98,854,213,201,0.8441762328147888
1715,818,16232,143,846,197,194,0.9895859360694885
1716,818,30308,525,678,393,425,0.98896324634552
1717,818,3483,134,287,277,174,0.9680044054985046
1718,818,28763,680,257,210,195,0.7304556965827942
1719,819,16232,620,222,188,183,0.9929054975509644
1720,819,30308,82,137,370,414,0.9912559986114502
1721,819,3483,562,811,285,176,0.9848965406417847
1722,819,28763,64,812,217,206,0.9352513551712036
1723,820,3743,484,150,316,301,0.990341305732727
1724,820,2483,92,692,214,489,0.9862594604492188
1725,820,13395,134,106,219,440,0.9812767505645752
1726,820,19552,483,641,338,490,0.3611409366130829
1727,822,19552,128,101,331,494,0.98869788646698
1728,822,3743,130,812,333,334,0.9656215310096741
1729,822,2483,621,68,196,471,0.9613850712776184
1730,822,13395,595,704,232,467,0.9456138014793396
1731,826,18147,540,320,302,386,0.9955899715423584
1732,826,38162,178,206,249,257,0.9915466904640198
1733,826,3351,407,862,191,192,0.9568657875061035
1734,828,3351,382,238,184,181,0.9929549098014832
1735,828,38162,552,863,248,252,0.9718729853630066
1736,828,18147,131,576,307,406,0.947747528553009
1737,829,27777,145,776,179,205,0.9953715205192566
1738,829,28763,98,169,207,201,0.9900340437889099
1739,829,36637,637,178,180,239,0.9859061241149902
1740,829,3483,538,778,266,225,0.969366729259491
1741,830,36637,129,828,191,254,0.9990869760513306
1742,830,27777,637,295,176,194,0.9921514987945557
1743,830,3483,174,276,262,220,0.9697336554527283
1744,830,28763,665,892,225,214,0.9669106006622314
1745,831,36637,666,180,187,247,0.9966338276863098
1746,831,27777,178,813,175,199,0.9868282079696655
1747,831,28763,113,175,211,201,0.9840098023414612
1748,831,3483,566,813,264,221,0.9420344829559326
1749,832,1900,624,889,204,138,0.9897164702415466
1750,832,16548,607,163,237,224,0.9878629446029663
1751,832,19607,139,869,179,176,0.5964071750640869
1752,832,3544,62,126,300,291,0.28387436270713806
1753,838,33208,588,801,213,205,0.9948780536651611
1754,838,27926,91,614,265,487,0.9927292466163635
1755,838,1900,142,241,198,126,0.987316370010376
1756,838,16548,593,164,231,225,0.9851147532463074
1757,842,3483,121,307,273,200,0.9920824766159058
1758,842,27733,564,261,303,266,0.9851000905036926
1759,842,34597,470,671,466,426,0.97502601146698
1760,842,16262,152,801,250,243,0.9525076150894165
1761,851,3743,121,838,332,336,0.9880764484405518
1762,851,22362,609,736,271,422,0.9833856225013733
1763,851,2483,628,92,204,480,0.9527944326400757
1764,851,12778,115,142,301,511,0.27502626180648804
1765,855,13395,594,704,233,466,0.9702891707420349
1766,855,3743,131,812,331,333,0.967008113861084
1767,855,2483,620,68,199,473,0.9624918103218079
1768,855,12778,96,137,294,534,0.5056231021881104
1769,857,3351,339,134,183,188,0.9838961362838745
1770,857,31863,575,747,210,212,0.9602577090263367
1771,857,16262,93,679,247,245,0.6011781692504883
1772,858,16262,136,769,241,239,0.9957049489021301
1773,858,3351,380,191,183,182,0.9901556968688965
1774,858,31863,614,835,204,204,0.9878827333450317
1775,861,19552,72,92,342,471,0.9679474234580994
1776,861,2483,568,151,298,437,0.9592775702476501
1777,861,12081,653,706,255,468,0.6360233426094055
1778,862,36637,674,172,173,255,0.9942609071731567
1779,862,25469,85,830,344,302,0.9933995008468628
1780,862,3483,601,846,279,187,0.9872027039527893
1781,862,34597,78,132,448,419,0.9772103428840637
1782,864,25469,52,786,350,302,0.9945646524429321
1783,864,34597,63,100,443,426,0.989342451095581
1784,864,36637,645,170,167,247,0.9871394038200378
1785,864,3483,575,812,279,193,0.9445477724075317
1786,866,3351,305,173,186,189,0.9960399866104126
1787,866,3832,482,557,387,376,0.9806094765663147
1788,866,16688,39,529,439,578,0.959098219871521
1789,867,3351,347,234,185,181,0.9899808764457703
1790,867,3832,527,658,377,364,0.9868988990783691
1791,867,16688,77,627,429,575,0.3631039559841156
1792,868,3483,590,844,282,171,0.9868200421333313
1793,868,16232,647,231,195,183,0.9867526292800903
1794,868,31885,30,57,416,509,0.9766345620155334
1795,868,28763,98,854,212,201,0.6832901239395142
1796,869,16232,620,221,188,184,0.9906834363937378
1797,869,3483,562,812,283,176,0.9837304353713989
1798,869,31885,22,36,388,506,0.9763944745063782
1799,869,28763,64,812,217,207,0.9242226481437683
1800,870,16232,143,846,197,195,0.9851793646812439
1801,870,31885,569,677,402,521,0.9746736884117126
1802,870,3483,134,287,276,175,0.9670904278755188
1803,870,28763,682,257,208,196,0.8744823932647705
1804,873,18147,625,672,280,425,0.99349445104599
1805,873,3351,343,226,186,182,0.988723874092102
1806,873,16688,74,626,433,578,0.5288397073745728
1807,874,16232,627,221,187,183,0.9951199293136597
1808,874,20877,86,724,329,242,0.9900902509689331
1809,874,3483,626,718,206,271,0.9859041571617126
1810,874,31885,148,153,425,475,0.9681766629219055
1811,875,16232,655,231,192,179,0.9859937429428101
1812,875,3483,650,749,210,269,0.9858096241950989
1813,875,20877,117,768,330,228,0.9848373532295227
1814,875,31885,166,183,440,473,0.9747828841209412
1815,878,36637,643,206,190,249,0.9899904727935791
1816,878,3483,591,843,284,171,0.9848490357398987
1817,878,34597,75,121,338,499,0.9727516174316406
1818,878,28763,99,854,216,202,0.3981381356716156
1819,878,36637,642,207,191,249,0.2747097611427307
1820,879,3483,563,811,285,176,0.985501766204834
1821,879,34597,61,94,327,498,0.9490754008293152
1822,879,36637,614,202,184,241,0.9345083832740784
1823,879,28763,64,813,220,207,0.6156212687492371
1824,880,2483,75,669,227,488,0.9858558773994446
1825,880,13395,67,89,234,482,0.9669761657714844
1826,880,3743,510,162,269,263,0.8698875904083252
1827,880,12778,511,597,303,515,0.25995323061943054
1828,882,13395,642,670,236,495,0.9623405337333679
1829,882,2483,635,59,228,486,0.9386183619499207
1830,882,3743,151,835,273,275,0.7494344711303711
1831,882,12778,128,87,309,513,0.5764334797859192
1832,883,16232,630,220,192,187,0.9967299699783325
1833,883,28763,143,232,213,203,0.9869873523712158
1834,883,3483,603,846,278,187,0.9855170845985413
1835,883,25469,52,858,371,220,0.49396589398384094
1836,886,3351,411,893,189,189,0.9860873818397522
1837,886,35206,547,264,264,382,0.9766408801078796
1838,886,31863,163,285,207,207,0.9738122820854187
1839,888,31863,610,835,206,205,0.9882373213768005
1840,888,35206,161,647,266,391,0.9838894605636597
1841,888,3351,380,207,185,184,0.9596938490867615
1842,889,16232,134,847,196,191,0.9893679022789001
1843,889,20877,543,293,329,234,0.987518846988678
1844,889,3483,142,292,211,256,0.9778469800949097
1845,889,28763,708,889,224,213,0.9455970525741577
1846,891,16232,627,221,188,184,0.9964706897735596
1847,891,3483,626,718,209,271,0.9921637773513794
1848,891,20877,86,725,330,242,0.9905139207839966
1849,891,28763,57,171,208,201,0.9893572926521301
1850,894,25367,29,25,413,442,0.9918650984764099
1851,894,36637,605,205,177,243,0.9893904328346252
1852,894,20877,85,724,330,244,0.9878373146057129
1853,894,3483,624,719,210,272,0.9833922386169434
1854,895,3544,93,222,202,200,0.9896753430366516
1855,895,16551,533,39,297,457,0.9687818884849548
1856,896,3544,110,232,209,201,0.9888201355934143
1857,896,16551,564,45,303,473,0.3611437976360321
1858,896,16548,134,856,180,173,0.2772783637046814
1859,897,3544,676,834,215,213,0.989948034286499
1860,897,16551,112,722,324,489,0.9319667816162109
1861,897,29667,167,273,221,217,0.8053499460220337
1862,898,12247,619,202,173,190,0.9950717091560364
1863,898,3544,120,172,202,199,0.9939365983009338
1864,898,16548,75,780,238,231,0.9927570223808289
1865,898,27926,568,583,254,488,0.992119550704956
1866,900,3544,136,178,208,201,0.9911003708839417
1867,900,27926,599,624,245,487,0.9882309436798096
1868,900,16548,108,822,235,225,0.9628922939300537
1869,900,12247,647,204,173,190,0.8898154497146606
1870,904,20238,642,189,228,218,0.9912494421005249
1871,904,30308,161,56,295,473,0.9894373416900635
1872,904,27733,123,767,315,275,0.9861549735069275
1873,904,3483,608,791,274,210,0.9842700958251953
1874,906,3483,121,306,273,201,0.992813766002655
1875,906,30308,544,723,304,480,0.982833206653595
1876,906,27733,565,261,301,267,0.9800098538398743
1877,906,20238,113,854,231,227,0.970288872718811
1878,908,3351,306,194,183,188,0.9953356385231018
1879,908,20238,117,716,229,228,0.9845724105834961
1880,908,31863,575,747,210,211,0.9770540595054626
1881,910,25367,512,701,449,439,0.9821179509162903
1882,910,27777,640,296,175,195,0.9752194881439209
1883,910,3483,176,275,262,219,0.970808207988739
1884,910,29667,128,883,228,225,0.9532719254493713
1885,912,27777,143,774,180,205,0.9955108165740967
1886,912,25367,30,107,431,419,0.9939724802970886
1887,912,29667,603,164,216,211,0.98680579662323
1888,912,3483,535,779,267,226,0.9812823534011841
1889,914,35206,46,614,347,353,0.9909866452217102
1890,914,13900,557,709,204,250,0.9837058782577515
1891,914,3351,370,124,183,190,0.9353172779083252
1892,915,35206,91,710,338,348,0.9924609065055847
1893,915,13900,596,800,200,243,0.9640223383903503
1894,915,3351,412,182,184,182,0.8366940021514893
1895,916,16232,141,893,197,194,0.9958421587944031
1896,916,3483,121,306,273,200,0.9924903512001038
1897,916,25367,507,682,455,427,0.9905765056610107
1898,916,27733,564,261,303,266,0.9858940839767456
1899,919,3483,120,308,273,200,0.9915726184844971
1900,919,36637,101,883,268,179,0.9893081784248352
1901,919,30308,495,678,373,438,0.9838582873344421
1902,919,27733,564,261,301,267,0.9816732406616211
1903,920,3483,580,758,275,209,0.9941960573196411
1904,920,30308,129,123,352,425,0.9902456998825073
1905,920,27733,88,728,319,282,0.987812340259552
1906,920,36637,594,203,249,169,0.9856523275375366
1907,923,16262,109,833,248,245,0.9954760670661926
1908,923,25367,538,709,438,453,0.992667019367218
1909,923,20877,543,293,331,236,0.986192524433136
1910,923,3483,142,290,214,258,0.9780986309051514
1911,925,3483,151,220,246,220,0.9900857210159302
1912,925,19861,638,278,220,169,0.9899354577064514
1913,925,16232,146,899,194,194,0.9816908240318298
1914,925,34597,486,625,441,454,0.683959424495697
1915,927,16232,617,173,187,181,0.9922836422920227
1916,927,3483,574,838,260,228,0.9855420589447021
1917,927,34597,64,138,420,443,0.9823399782180786
1918,927,19861,91,827,227,177,0.9767903089523315
1919,929,16232,603,213,184,182,0.9953498840332031
1920,929,31885,31,38,408,491,0.9543581604957581
1921,929,3483,576,812,278,192,0.9515153765678406
1922,929,25469,13,812,385,221,0.9097976088523865
1923,930,25469,572,232,376,218,0.9942122101783752
1924,930,3483,126,272,269,189,0.9835659861564636
1925,930,16232,164,856,194,193,0.9755354523658752
1926,930,31885,541,689,425,512,0.9668324589729309
1927,931,19607,165,918,160,156,0.9940916895866394
1928,931,16551,480,244,481,261,0.9877370595932007
1929,931,1900,178,269,131,200,0.9796478748321533
1930,931,29345,575,717,327,425,0.9778907299041748
1931,932,16551,453,221,477,265,0.9923297762870789
1932,932,29345,550,680,324,429,0.9916749596595764
1933,932,19607,132,887,160,158,0.9860700964927673
1934,932,1900,159,259,128,198,0.9725010395050049
1935,933,16551,26,738,488,279,0.9926859140396118
1936,933,19607,668,253,155,151,0.9900269508361816
1937,933,1900,689,806,129,209,0.9847121238708496
1938,933,29345,117,169,311,397,0.9839416146278381
1939,936,25438,113,842,258,269,0.9889658093452454
1940,936,19552,119,190,310,499,0.9868330359458923
1941,936,2483,594,101,254,462,0.9622270464897156
1942,936,13395,653,707,217,471,0.6990295648574829
1943,937,13395,594,705,233,465,0.9761166572570801
1944,937,3743,131,813,332,332,0.975661039352417
1945,937,2483,620,68,198,473,0.9562543034553528
1946,938,13395,586,702,224,449,0.9096574187278748
1947,938,2483,630,30,201,489,0.8707947731018066
1948,938,3743,131,801,321,321,0.7273949384689331
1949,940,3351,421,899,190,191,0.9906472563743591
1950,940,16232,642,322,192,192,0.9686993360519409
1951,940,18147,204,225,215,414,0.7739354968070984
1952,940,18147,205,224,214,415,0.4211607277393341
1953,941,16232,90,711,196,196,0.9970398545265198
1954,941,18147,515,554,219,440,0.993672251701355
1955,941,3351,326,142,185,189,0.991540253162384
1956,942,18147,553,646,221,441,0.9961727261543274
1957,942,16232,133,801,193,189,0.9951979517936707
1958,942,3351,368,199,184,184,0.9912704229354858
1959,945,3483,151,220,246,220,0.9901118874549866
1960,945,25367,628,646,318,516,0.9797545075416565
1961,945,19861,638,279,220,169,0.9731169939041138
1962,945,20238,114,857,227,225,0.9240528345108032
1963,947,16232,142,846,197,194,0.9894862174987793
1964,947,3483,134,287,277,174,0.9702895283699036
1965,947,28763,680,256,210,196,0.9628896713256836
1966,947,28763,592,887,225,213,0.9593991041183472
1967,948,16232,647,231,195,183,0.9887031316757202
1968,948,3483,590,845,283,171,0.9880594611167908
1969,948,28763,184,179,213,201,0.9872149229049683
1970,948,28763,98,855,214,201,0.9629594087600708
1971,949,16262,109,833,247,245,0.9946247935295105
1972,949,30308,501,723,429,400,0.9733442664146423
1973,949,20877,543,294,330,233,0.9730344414710999
1974,949,3483,142,291,213,258,0.9653942584991455
1975,950,16262,602,187,236,228,0.9903736114501953
1976,950,30308,74,118,397,384,0.9898730516433716
1977,950,20877,86,724,330,243,0.988323450088501
1978,950,3483,625,718,208,271,0.9855152368545532
1979,951,30308,87,135,411,392,0.993280827999115
1980,951,16262,630,190,242,234,0.9909942746162415
1981,951,3483,649,750,211,270,0.9874393343925476
1982,951,20877,116,768,331,230,0.9851206541061401
1983,952,25469,571,232,379,218,0.9961303472518921
1984,952,16262,168,833,247,243,0.9952503442764282
1985,952,3483,126,272,271,190,0.9847176671028137
1986,952,30308,560,648,395,429,0.9274723529815674
1987,953,30308,48,160,375,415,0.9948311448097229
1988,953,25469,12,812,385,222,0.993545413017273
1989,953,3483,575,811,278,193,0.9881430268287659
1990,953,16262,547,190,239,228,0.9757561683654785
1991,954,3483,602,845,279,187,0.98624587059021
1992,954,16262,572,193,245,234,0.9838958978652954
1993,954,30308,62,182,383,422,0.9680095314979553
1994,954,25469,51,856,372,222,0.9312521815299988
1995,956,1900,158,249,201,127,0.9928268790245056
1996,956,27926,600,671,252,490,0.9769247770309448
1997,956,19607,142,863,159,154,0.9676645994186401
1998,956,16551,597,0,308,446,0.5131643414497375
1999,957,27926,147,143,258,457,0.9944342970848083
2000,957,1900,630,895,210,134,0.9852941036224365
2001,957,16551,78,786,319,491,0.9831745028495789
2002,957,19607,688,298,158,150,0.927219033241272
2003,962,29451,472,781,406,272,0.994366466999054
2004,962,1900,148,241,181,182,0.9899303913116455
2005,962,19607,142,847,162,160,0.9790267944335938
2006,962,16551,627,108,277,471,0.9745017886161804
2007,966,1900,657,903,212,147,0.9924724102020264
2008,966,16548,127,851,244,240,0.9854296445846558
2009,967,3351,407,889,187,189,0.9900190830230713
2010,967,29667,587,304,226,223,0.985103189945221
2011,967,41768,124,300,261,297,0.6432282328605652
2012,968,29667,111,697,234,234,0.9888357520103455
2013,968,3351,341,155,185,187,0.9827553629875183
2014,968,41768,557,621,269,309,0.978270947933197
2015,972,21771,125,774,195,189,0.9929359555244446
2016,972,27926,572,627,257,493,0.9900839328765869
2017,972,1900,142,242,198,127,0.9808526635169983
2018,972,16551,569,13,332,436,0.5113648772239685
2019,972,16551,569,12,333,438,0.4025237560272217
2020,973,1900,181,265,130,201,0.9892317652702332
2021,973,29345,612,715,286,445,0.9891668558120728
2022,973,16551,571,84,305,468,0.97350013256073
2023,973,21771,183,883,192,185,0.949307382106781
2024,974,21771,150,850,193,189,0.9927350282669067
2025,974,29345,589,677,282,450,0.992013156414032
2026,974,16551,541,72,298,457,0.9863662719726562
2027,974,1900,162,257,126,199,0.9707236289978027
2028,975,1900,687,807,128,209,0.9877607822418213
2029,975,21771,620,252,186,179,0.9869484901428223
2030,975,16551,107,687,316,488,0.985089123249054
2031,975,29345,118,156,273,412,0.9812861680984497
2032,979,18357,72,550,287,336,0.9879561066627502
2033,979,3351,393,157,182,186,0.9583352208137512
2034,979,22074,584,708,189,196,0.898711085319519
2035,980,3351,354,874,189,190,0.9883286952972412
2036,980,22074,170,312,187,191,0.9744398593902588
2037,980,18357,574,307,285,320,0.7460022568702698
2038,982,3743,116,839,330,334,0.9917773008346558
2039,982,2483,657,108,216,481,0.9787907600402832
2040,982,13395,637,674,239,518,0.9716851115226746
2041,982,12778,103,102,305,526,0.3917269706726074
2042,983,3743,117,828,321,321,0.9932907819747925
2043,983,13395,627,677,231,495,0.9904338121414185
2044,983,2483,670,78,208,490,0.9750101566314697
2045,983,12778,102,73,306,520,0.3160092234611511
2046,984,3743,498,126,313,304,0.9909961223602295
2047,984,13395,84,80,231,486,0.986456036567688
2048,984,2483,61,649,203,487,0.9335682988166809
2049,985,29451,522,805,417,230,0.9976083040237427
2050,985,24850,119,737,197,285,0.9941226840019226
2051,985,16548,576,189,234,223,0.9887540340423584
2052,985,1900,139,220,200,148,0.9883612990379333
2053,986,1900,631,899,210,155,0.9918484687805176
2054,986,29451,48,232,403,227,0.9907207489013672
2055,986,16548,145,837,240,238,0.982254683971405
2056,986,24850,642,260,195,268,0.925919234752655
2057,988,36637,619,199,267,151,0.9922841191291809
2058,988,22347,159,183,207,196,0.9813026785850525
2059,988,3483,599,869,259,230,0.9553758502006531
2060,988,19861,125,865,220,168,0.9243979454040527
2061,989,3483,572,841,261,228,0.982123076915741
2062,989,22347,143,178,200,194,0.9817288517951965
2063,989,19861,89,827,228,177,0.9784738421440125
2064,989,36637,591,194,260,154,0.9275092482566833
2065,990,3483,153,219,246,220,0.9883495569229126
2066,990,19861,639,278,220,170,0.9810386300086975
2067,990,22347,627,887,214,208,0.9662479162216187
2068,990,36637,94,907,277,167,0.9657600522041321
2069,991,3544,93,222,202,199,0.991411566734314
2070,991,16548,572,220,233,226,0.9861288070678711
2071,991,29667,584,773,227,225,0.3290161192417145
2072,993,3544,109,232,209,202,0.9858851432800293
2073,993,16548,601,233,236,225,0.959762692451477
2074,993,16548,134,856,179,172,0.33239972591400146
2075,994,30308,505,754,400,430,0.9817405939102173
2076,994,3483,133,286,279,176,0.9699876308441162
2077,994,28763,680,257,210,196,0.8317350149154663
2078,994,16262,117,844,249,244,0.7865328192710876
2079,994,16262,118,845,248,243,0.42981868982315063
2080,996,30308,110,75,385,421,0.9878147840499878
2081,996,3483,590,844,283,172,0.9876853227615356
2082,996,16262,621,181,243,233,0.9813767075538635
2083,996,28763,98,855,214,202,0.8057453632354736
2084,997,29451,458,810,422,223,0.9969626069068909
2085,997,21771,123,806,196,187,0.9966687560081482
2086,997,1900,147,240,182,182,0.9919176697731018
2087,997,16551,590,62,277,468,0.9454582929611206
2088,998,1900,167,246,184,182,0.9881061315536499
2089,998,21771,156,840,194,183,0.9818814396858215
2090,998,16551,620,68,287,486,0.9794858694076538
2091,998,29451,490,846,413,221,0.9557037949562073
2092,999,29451,107,234,407,223,0.9975899457931519
2093,999,21771,643,291,189,181,0.9843955039978027
2094,999,1900,644,845,188,190,0.9772219657897949
2095,999,16551,82,688,294,500,0.5898679494857788
2096,999,16551,81,687,295,500,0.32640090584754944
2097,1003,27733,122,767,315,275,0.9853530526161194
2098,1003,3483,608,791,273,209,0.9848073720932007
2099,1003,16232,647,186,194,180,0.9807296395301819
2100,1003,34597,40,157,445,416,0.9751396775245667
2101,1004,16232,141,892,197,194,0.9957832098007202
2102,1004,27733,564,261,303,267,0.9843679070472717
2103,1004,34597,511,661,457,435,0.9772027134895325
2104,1004,3483,121,307,273,200,0.9741948843002319
2105,1005,3483,580,760,274,208,0.9945585131645203
2106,1005,27733,85,728,321,281,0.9932863116264343
2107,1005,16232,619,178,188,183,0.9913284182548523
2108,1005,34597,25,124,438,423,0.9813205599784851
2109,1006,25367,43,177,445,424,0.9933841824531555
2110,1006,20238,618,195,228,219,0.9912585616111755
2111,1006,3483,602,845,279,187,0.9848145246505737
2112,1006,25469,50,857,373,221,0.9301342964172363
2113,1007,25469,11,812,386,222,0.9927417039871216
2114,1007,25367,31,153,432,423,0.9920057654380798
2115,1007,20238,590,191,222,214,0.9899266958236694
2116,1007,3483,575,812,279,193,0.960787832736969
2117,1009,25469,12,813,384,221,0.9932348132133484
2118,1009,16262,547,189,239,228,0.9671174883842468
2119,1009,22347,79,198,200,195,0.9641371965408325
2120,1009,3483,576,812,279,193,0.9601638913154602
2121,1010,3483,602,845,278,187,0.9862300157546997
2122,1010,16262,573,193,245,235,0.9859100580215454
2123,1010,22347,94,206,207,198,0.9737975001335144
2124,1010,25469,52,857,372,222,0.5179954767227173
2125,1012,27926,572,629,258,489,0.9819564819335938
2126,1012,1900,143,243,198,126,0.9780373573303223
2127,1012,16548,612,160,231,222,0.9738516211509705
2128,1012,24850,143,701,178,296,0.8467288017272949
2129,1013,27926,148,144,256,453,0.991752564907074
2130,1013,1900,630,893,211,134,0.989646852016449
2131,1013,16548,106,865,242,239,0.9792071580886841
2132,1013,24850,636,275,179,276,0.9735882878303528
2133,1014,1900,158,252,200,126,0.990315854549408
2134,1014,24850,173,740,180,292,0.9890862703323364
2135,1014,16548,640,165,238,223,0.9860361814498901
2136,1014,27926,600,673,253,486,0.9837985038757324
2137,1015,35206,660,173,223,405,0.9899991154670715
2138,1015,30308,69,124,397,405,0.9876197576522827
2139,1015,3483,649,749,212,271,0.9835922718048096
2140,1015,20877,116,767,332,229,0.9821839332580566
2141,1016,3483,142,292,211,257,0.9815390706062317
2142,1016,35206,100,672,230,408,0.9800028800964355
2143,1016,20877,543,294,329,233,0.9705429077148438
2144,1016,30308,536,721,413,414,0.30995091795921326
2145,1018,3483,121,307,272,199,0.9925179481506348
2146,1018,30308,443,741,470,307,0.9892358183860779
2147,1018,27733,561,257,299,262,0.987602174282074
2148,1018,29667,87,862,232,228,0.9780378341674805
2149,1019,27733,130,776,313,275,0.9856520891189575
2150,1019,3483,608,791,274,210,0.9854893088340759
2151,1019,29667,667,181,227,214,0.9844368696212769
2152,1019,30308,95,212,458,297,0.9567247033119202
2153,1020,3483,579,760,275,208,0.994562566280365
2154,1020,29667,638,179,220,212,0.9865281581878662
2155,1020,27733,91,734,321,280,0.9802885055541992
2156,1020,30308,79,190,443,296,0.9791218638420105
2157,1022,29451,37,803,422,222,0.9971742630004883
2158,1022,33208,584,813,212,203,0.9910968542098999
2159,1022,1900,147,241,181,182,0.9886853694915771
2160,1022,16551,627,24,279,467,0.9868767261505127
2161,1023,1900,166,246,184,183,0.9875035881996155
2162,1023,33208,610,844,211,200,0.9861641526222229
2163,1023,16551,657,29,288,484,0.9809788465499878
2164,1023,29451,75,842,411,219,0.952587366104126
2165,1023,29451,74,841,412,221,0.6322790384292603
2166,1025,16262,110,834,246,244,0.9937208890914917
2167,1025,20877,543,294,330,233,0.9824333190917969
2168,1025,28763,643,862,223,213,0.9729815125465393
2169,1025,3483,142,291,213,257,0.9723878502845764
2170,1026,16262,630,191,242,233,0.9932303428649902
2171,1026,20877,116,769,331,229,0.9897839426994324
2172,1026,28763,135,205,213,202,0.9884548187255859
2173,1026,3483,650,750,211,270,0.9876049757003784
2174,1027,16232,601,262,189,187,0.9962277412414551
2175,1027,13900,191,286,198,235,0.9923120141029358
2176,1027,3351,354,885,188,190,0.9845829010009766
2177,1028,16232,135,780,194,190,0.9878805875778198
2178,1028,3351,391,156,185,189,0.9868339896202087
2179,1028,13900,556,709,204,248,0.9262145757675171
2180,1029,16232,178,866,189,192,0.9913600087165833
2181,1029,3351,435,216,185,183,0.986879289150238
2182,1029,13900,595,799,200,242,0.979282796382904
2183,1030,3483,580,759,274,208,0.9938656687736511
2184,1030,27733,86,728,321,281,0.991843044757843
2185,1030,34597,48,142,444,412,0.9840187430381775
2186,1030,35206,565,120,253,378,0.9357330203056335
2187,1034,3483,151,219,247,221,0.9902413487434387
2188,1034,19861,638,278,220,169,0.9767377972602844
2189,1034,28763,647,884,226,213,0.9626040458679199
2190,1034,36637,94,908,278,167,0.5486255884170532
2191,1039,16262,572,193,245,234,0.9895104169845581
2192,1039,3483,602,845,278,187,0.985356867313385
2193,1039,28763,126,215,215,202,0.9832472205162048
2194,1039,25469,52,857,372,221,0.9100130796432495
2195,1041,25469,572,232,378,218,0.9961631298065186
2196,1041,16262,167,833,248,243,0.9945335388183594
2197,1041,3483,126,272,270,189,0.9850211143493652
2198,1041,28763,649,852,225,213,0.9531888365745544
2199,1043,3351,314,169,182,187,0.9927965998649597
2200,1043,35206,513,606,245,412,0.985680341720581
2201,1043,18357,50,628,271,351,0.9846409559249878
2202,1044,18357,95,724,265,352,0.9951350092887878
2203,1044,3351,354,229,184,181,0.9930908679962158
2204,1044,35206,555,702,238,407,0.9917551279067993
2205,1045,20877,42,756,326,252,0.989020049571991
2206,1045,28763,134,212,209,202,0.9886617660522461
2207,1045,29667,596,179,219,214,0.9867728352546692
2208,1045,3483,625,719,209,272,0.984806478023529
2209,1046,3483,650,750,211,270,0.9859098196029663
2210,1046,29667,623,183,225,215,0.9855538010597229
2211,1046,28763,152,222,213,204,0.9829198122024536
2212,1046,20877,74,801,326,240,0.9788824915885925
2213,1047,20877,591,259,324,242,0.9883241653442383
2214,1047,3483,143,291,211,256,0.9801076650619507
2215,1047,28763,626,844,222,213,0.9760284423828125
2216,1047,29667,135,863,229,226,0.9599184393882751
2217,1050,22362,609,781,252,404,0.9877585768699646
2218,1050,2483,649,80,202,491,0.932239294052124
2219,1050,3743,138,847,274,274,0.9270257949829102
2220,1050,19552,96,177,334,471,0.3926795423030853
2221,1051,13395,138,106,212,440,0.9847702980041504
2222,1051,2483,85,679,234,479,0.946638822555542
2223,1051,3743,553,191,267,267,0.8903851509094238
2224,1053,2483,618,48,220,489,0.9608966112136841
2225,1053,13395,590,700,212,451,0.8498977422714233
2226,1053,3743,107,800,273,274,0.7586482167243958
2227,1053,34597,77,69,382,476,0.5200371742248535
2228,1055,27733,81,733,328,271,0.9916048049926758
2229,1055,3483,571,768,276,205,0.9906167387962341
2230,1055,31885,59,31,418,486,0.988558292388916
2231,1055,29667,648,186,220,213,0.9824187159538269
2232,1056,29667,676,189,228,215,0.984382688999176
2233,1056,31885,70,54,444,486,0.9826449751853943
2234,1056,27733,118,774,320,266,0.981411874294281
2235,1056,3483,600,798,275,207,0.9801861047744751
2236,1057,2483,604,63,250,480,0.9722693562507629
2237,1057,25438,112,831,253,253,0.9649542570114136
2238,1057,13395,642,705,220,453,0.9305887222290039
2239,1057,12778,80,72,334,509,0.9210641384124756
2240,1058,25438,113,842,256,268,0.9878761768341064
2241,1058,12778,86,100,330,514,0.9848268032073975
2242,1058,2483,594,97,255,469,0.9483745694160461
2243,1058,13395,656,706,216,472,0.8492562770843506
2244,1060,25438,556,203,245,256,0.9957436919212341
2245,1060,2483,112,682,218,492,0.9669481515884399
2246,1060,19552,531,645,346,473,0.9498623013496399
2247,1060,13395,113,45,242,491,0.6393396258354187
2248,1064,20238,618,194,228,220,0.9906197786331177
2249,1064,3483,602,845,279,187,0.9853775501251221
2250,1064,25469,52,857,373,221,0.9515124559402466
2251,1064,34597,59,130,450,419,0.8088655471801758
2252,1065,25469,572,232,378,218,0.9957701563835144
2253,1065,20238,141,849,229,226,0.9956759810447693
2254,1065,3483,125,271,272,190,0.9864250421524048
2255,1065,34597,488,687,458,431,0.9848494529724121
2256,1067,31885,557,675,400,526,0.9738984704017639
2257,1067,3483,134,287,277,175,0.9696646928787231
2258,1067,28763,681,257,208,196,0.8166436553001404
2259,1067,16262,118,844,248,244,0.6372826099395752
2260,1067,16262,117,844,248,244,0.5932118892669678
2261,1069,1900,623,889,205,138,0.9915204644203186
2262,1069,16548,643,166,238,225,0.9909804463386536
2263,1069,21771,116,204,192,183,0.9800792336463928
2264,1069,19607,138,869,179,175,0.613619863986969
2265,1070,1900,174,282,202,138,0.9892478585243225
2266,1070,16548,102,865,241,239,0.9846120476722717
2267,1070,21771,687,883,197,190,0.9845545887947083
2268,1073,27777,144,775,180,204,0.996023416519165
2269,1073,36637,637,178,181,240,0.9907802939414978
2270,1073,22347,116,199,201,194,0.9725827574729919
2271,1073,3483,537,779,266,226,0.9666820764541626
2272,1075,3544,104,161,201,200,0.9890696406364441
2273,1075,16551,94,595,337,463,0.9850686192512512
2274,1075,4543,610,144,206,200,0.9792686104774475
2275,1075,1900,602,770,208,225,0.7341050505638123
2276,1076,3544,668,899,215,213,0.9903212189674377
2277,1076,4543,134,917,211,211,0.9875566959381104
2278,1076,16551,531,193,332,436,0.9617806077003479
2279,1077,3544,117,165,209,204,0.9864734411239624
2280,1077,4543,640,144,207,200,0.9789750576019287
2281,1077,16551,129,643,331,457,0.8665788173675537
2282,1079,29667,625,186,225,216,0.9892985820770264
2283,1079,3483,647,754,212,269,0.9869250059127808
2284,1079,20877,71,799,326,242,0.9697473049163818
2285,1079,22347,119,220,207,197,0.9453470706939697
2286,1080,29667,597,182,220,215,0.9879325032234192
2287,1080,3483,622,722,211,272,0.9876027703285217
2288,1080,20877,39,755,327,253,0.9866308569908142
2289,1080,22347,103,212,201,195,0.9777607321739197
2290,1081,16551,483,202,458,325,0.9862383604049683
2291,1081,1900,610,900,204,135,0.9402220249176025
2292,1085,16232,627,222,187,183,0.9956668615341187
2293,1085,25367,34,129,437,412,0.9912195801734924
2294,1085,3483,626,718,209,271,0.9894116520881653
2295,1085,20877,86,724,330,243,0.9866716265678406
2296,1087,16551,87,590,294,485,0.9731854200363159
2297,1087,3544,134,176,202,200,0.9719623923301697
2298,1089,3544,635,887,214,213,0.9690008163452148
2299,1089,16551,581,184,295,456,0.9519975185394287
2300,1092,1900,652,850,211,158,0.991097092628479
2301,1092,16548,85,915,242,238,0.983322024345398
2302,1092,33009,566,213,324,289,0.9829217195510864
2303,1093,3483,151,220,247,220,0.9894536733627319
2304,1093,34597,501,693,463,437,0.9844492077827454
2305,1093,19861,638,278,220,170,0.9832460880279541
2306,1093,16262,101,852,246,240,0.978904664516449
2307,1095,34597,48,121,446,418,0.9874356985092163
2308,1095,19861,127,865,220,168,0.9844144582748413
2309,1095,3483,601,867,260,231,0.9777622818946838
2310,1095,16262,637,175,246,233,0.961783766746521
2311,1096,3544,93,196,201,201,0.9921127557754517
2312,1096,27993,547,776,310,243,0.9806907773017883
2313,1096,16551,481,113,445,325,0.9636346101760864
2314,1096,29451,166,673,221,364,0.4901941418647766
2315,1097,3544,108,205,209,202,0.9910127520561218
2316,1097,27993,573,814,308,231,0.9615880846977234
2317,1097,29451,197,715,220,358,0.9490744471549988
2318,1097,16551,507,126,456,329,0.9184303879737854
2319,1098,3544,678,862,215,211,0.9907407760620117
2320,1098,27993,127,255,295,230,0.9830166697502136
2321,1098,16551,24,782,469,346,0.6963827013969421
2322,1098,29451,582,232,213,334,0.6542724370956421
2323,1098,16551,23,782,469,348,0.44604554772377014
2324,1100,27777,144,774,179,205,0.9924845099449158
2325,1100,31885,56,97,414,491,0.9873834252357483
2326,1100,36637,637,178,180,242,0.9843610525131226
2327,1100,3483,537,779,265,225,0.9813438653945923
2328,1101,36637,666,181,185,247,0.9973570108413696
2329,1101,31885,71,123,434,492,0.9826967716217041
2330,1101,3483,565,813,263,221,0.9704145789146423
2331,1101,27777,178,810,174,199,0.9580718874931335
2332,1105,27733,124,767,315,276,0.9891701340675354
2333,1105,35206,601,128,255,388,0.9875499606132507
2334,1105,3483,609,791,273,210,0.9800775051116943
2335,1105,22347,112,213,207,196,0.9657304286956787
2336,1109,28763,140,226,214,201,0.9885876178741455
2337,1109,3483,590,844,283,172,0.9877946376800537
2338,1109,16262,622,181,243,233,0.9591188430786133
2339,1109,28763,98,855,215,201,0.9572276473045349
2340,1111,29667,604,177,219,213,0.9867990612983704
2341,1111,3483,561,811,286,177,0.985221803188324
2342,1111,28763,115,188,209,199,0.9829208254814148
2343,1111,28763,62,812,220,207,0.9716635942459106
2344,1114,35206,104,688,206,418,0.9805552363395691
2345,1114,30308,555,698,405,419,0.9783554077148438
2346,1114,3483,132,286,278,175,0.9770878553390503
2347,1114,28763,680,257,210,196,0.9631825089454651
2348,1115,30308,41,124,380,407,0.9896966218948364
2349,1115,3483,562,811,285,177,0.9861819744110107
2350,1115,35206,648,140,206,402,0.9789076447486877
2351,1115,28763,63,813,220,207,0.9480367302894592
2352,1116,35206,678,150,205,412,0.9879572987556458
2353,1116,3483,590,844,283,172,0.9879041314125061
2354,1116,28763,98,854,214,202,0.9358320832252502
2355,1116,30308,54,141,393,415,0.7160745859146118
2356,1116,30308,55,141,391,416,0.6362213492393494
2357,1118,3544,677,859,215,214,0.9930791258811951
2358,1118,16548,103,880,240,241,0.9590268731117249
2359,1118,29451,587,237,213,334,0.8571171164512634
2360,1119,3544,109,207,208,202,0.987528383731842
2361,1119,16548,644,146,237,227,0.9811208844184875
2362,1119,29451,193,711,218,356,0.863326907157898
2363,1119,27993,632,824,172,242,0.43570947647094727
2364,1121,25469,575,192,328,281,0.9964507818222046
2365,1121,3483,126,271,271,189,0.9864317774772644
2366,1121,29667,139,872,229,227,0.9849527478218079
2367,1121,28763,620,860,223,214,0.9772025942802429
2368,1123,3483,121,306,273,201,0.9931546449661255
2369,1123,27733,564,261,303,267,0.9856842756271362
2370,1123,25367,493,668,449,437,0.9845431447029114
2371,1123,16262,151,802,250,243,0.9617518186569214
2372,1125,27733,122,766,316,277,0.991131603717804
2373,1125,16262,589,226,243,232,0.9897470474243164
2374,1125,25367,64,160,444,423,0.9885567426681519
2375,1125,3483,608,791,273,210,0.9822878837585449
2376,1126,16262,110,831,247,246,0.9826860427856445
2377,1126,3483,144,291,211,257,0.9799807667732239
2378,1126,20877,545,293,328,234,0.9747841358184814
2379,1126,31885,514,732,460,472,0.9713894128799438
2380,1129,3483,121,306,273,201,0.9925534129142761
2381,1129,20238,113,854,231,227,0.9858704209327698
2382,1129,27733,564,261,302,267,0.9847334027290344
2383,1129,22347,681,826,213,207,0.971855103969574
2384,1135,1900,152,254,196,162,0.9881040453910828
2385,1135,33009,549,837,374,199,0.9792948961257935
2386,1135,16551,608,56,282,482,0.9768375158309937
2387,1135,3544,81,795,299,292,0.9004969596862793
2388,1136,33009,87,257,367,210,0.9955711960792542
2389,1136,1900,643,855,204,173,0.9920456409454346
2390,1136,16551,90,702,299,500,0.9705628752708435
2391,1138,3483,563,811,285,176,0.9849821329116821
2392,1138,20238,594,173,221,214,0.979246199131012
2393,1138,34597,31,81,370,485,0.7616283297538757
2394,1138,31885,31,81,369,484,0.5740599036216736
2395,1140,20238,623,177,226,217,0.9864556789398193
2396,1140,3483,591,843,283,172,0.9856531620025635
2397,1140,34597,48,114,376,478,0.8904373049736023
2398,1140,31885,47,113,375,478,0.27526727318763733
2399,1141,2483,68,651,303,453,0.9810397624969482
2400,1141,12081,69,118,225,426,0.9776198863983154
2401,1141,25438,558,194,243,253,0.7579508423805237
2402,1141,25438,558,194,242,252,0.6804368495941162
2403,1142,2483,578,116,291,449,0.974253237247467
2404,1142,12081,647,704,243,447,0.9724017977714539
2405,1142,25438,124,822,253,253,0.9717650413513184
2406,1143,2483,567,147,299,443,0.9552392363548279
2407,1143,25438,124,833,259,268,0.8229615688323975
2408,1143,12081,655,704,254,471,0.660888135433197
2409,1143,12081,654,706,254,468,0.5406666994094849
2410,1143,12778,70,158,301,508,0.5105927586555481
2411,1144,16262,573,193,244,235,0.9876561164855957
2412,1144,3483,602,844,278,187,0.9858679175376892
2413,1144,31885,57,174,435,482,0.967456579208374
2414,1144,25469,52,857,372,221,0.919328510761261
2415,1148,41768,554,632,270,308,0.9940580129623413
2416,1148,16232,147,731,195,194,0.9915458559989929
2417,1148,3351,385,160,182,188,0.9906627535820007
2418,1149,41768,592,722,267,308,0.9880208373069763
2419,1149,3351,428,220,184,183,0.9788274765014648
2420,1149,16232,188,820,193,191,0.9685510396957397
2421,1150,29667,630,164,223,215,0.9910376071929932
2422,1150,27777,176,810,176,201,0.9857401251792908
2423,1150,34597,82,53,404,467,0.9832659959793091
2424,1150,3483,564,813,264,221,0.9810959696769714
2425,1153,16232,645,176,192,186,0.9858560562133789
2426,1153,19861,127,866,220,168,0.9714853763580322
2427,1153,3483,601,869,259,229,0.9611501693725586
2428,1153,22347,145,210,205,198,0.9300398826599121
2429,1154,16232,617,173,188,181,0.9965697526931763
2430,1154,3483,573,839,261,228,0.9820382595062256
2431,1154,22347,128,202,199,194,0.9778534770011902
2432,1154,19861,91,827,227,176,0.9732090830802917
2433,1155,3483,151,220,246,220,0.989990234375
2434,1155,19861,638,278,219,169,0.9886732697486877
2435,1155,16232,145,898,195,194,0.9744670391082764
2436,1155,22347,641,860,213,207,0.9679025411605835
2437,1156,13900,185,285,203,228,0.9891074299812317
2438,1156,16262,573,310,243,235,0.9815018773078918
2439,1156,3351,394,858,187,190,0.9144576191902161
2440,1157,13900,557,717,209,240,0.9951719641685486
2441,1157,3351,354,183,184,189,0.9908131957054138
2442,1157,16262,111,675,249,247,0.9762728810310364
2443,1158,16262,154,767,242,239,0.9971522092819214
2444,1158,3351,397,244,184,182,0.9790251851081848
2445,1158,13900,595,807,206,235,0.9753873348236084
2446,1159,16232,644,294,194,196,0.9925578832626343
2447,1159,3351,403,810,189,188,0.9896911382675171
2448,1159,18357,150,301,244,354,0.9768096804618835
2449,1161,3351,387,281,184,181,0.9926441311836243
2450,1161,18357,586,617,238,370,0.9869583249092102
2451,1161,16232,131,816,191,190,0.9261078238487244
2452,1163,29451,497,803,406,242,0.9922860860824585
2453,1163,3544,118,185,210,202,0.9882946014404297
2454,1163,16551,41,605,306,472,0.9342337250709534
2455,1164,3544,104,180,201,201,0.9932243227958679
2456,1164,16551,11,557,306,481,0.9844856262207031
2457,1164,29451,465,767,415,246,0.9519031047821045
2458,1166,25469,574,191,329,285,0.998358428478241
2459,1166,36637,132,828,179,263,0.9955188035964966
2460,1166,25367,568,683,395,492,0.994053304195404
2461,1166,3483,126,271,272,190,0.9852432012557983
2462,1167,36637,675,173,173,254,0.9924387335777283
2463,1167,3483,602,846,278,186,0.9855754375457764
2464,1167,25367,44,90,395,477,0.9723905324935913
2465,1167,25469,84,830,344,303,0.9694119691848755
2466,1168,25469,51,786,350,302,0.9934873580932617
2467,1168,30308,44,14,350,430,0.9923576712608337
2468,1168,29667,592,171,217,213,0.9804539084434509
2469,1168,3483,574,812,279,192,0.9690558910369873
2470,1170,30308,52,23,367,442,0.9889529943466187
2471,1170,29667,620,173,224,217,0.9868932962417603
2472,1170,3483,601,845,279,187,0.9865179657936096
2473,1170,25469,84,830,344,301,0.8760009407997131
2474,1170,25469,84,829,344,302,0.46450328826904297
2475,1171,16548,580,745,239,235,0.9942441582679749
2476,1171,3544,123,181,202,201,0.9926291704177856
2477,1171,4543,640,153,201,196,0.9846770167350769
2478,1173,16548,161,285,233,226,0.9947532415390015
2479,1173,3544,646,877,215,213,0.9876076579093933
2480,1173,4543,105,907,211,210,0.9801614880561829
2481,1173,29667,642,261,220,211,0.2515694200992584
2482,1174,30308,573,757,401,428,0.979490339756012
2483,1174,29667,126,865,230,226,0.9753065705299377
2484,1174,3483,134,287,277,174,0.9668042063713074
2485,1174,28763,681,258,210,195,0.8805100917816162
2486,1176,30308,41,75,388,420,0.9890585541725159
2487,1176,29667,631,180,224,215,0.9879992008209229
2488,1176,3483,589,844,283,172,0.987882137298584
2489,1176,28763,97,853,214,202,0.9338622093200684
2490,1178,20238,576,191,220,214,0.9973545074462891
2491,1178,27777,145,776,179,206,0.9931135773658752
2492,1178,3483,539,780,265,226,0.9820470809936523
2493,1178,31885,104,49,402,501,0.9755242466926575
2494,1180,21325,188,307,167,225,0.9888479709625244
2495,1180,19232,497,232,329,256,0.9869259595870972
2496,1180,3351,393,917,193,191,0.9802439212799072
2497,1184,1900,188,274,201,135,0.9918056726455688
2498,1184,16548,145,877,242,240,0.9838802218437195
2499,1184,24850,674,826,191,301,0.9490795731544495
2500,1185,1900,610,901,203,135,0.9909145832061768
2501,1185,16548,601,150,239,226,0.9874359369277954
2502,1185,24850,137,145,191,290,0.9660228490829468
2503,1186,13395,138,107,211,439,0.9816352128982544
2504,1186,19552,512,557,318,492,0.9781955480575562
2505,1186,3743,553,191,267,267,0.9529832005500793
2506,1186,2483,83,680,239,479,0.9528800249099731
2507,1187,2483,618,48,221,486,0.9783188700675964
2508,1187,19552,111,158,324,489,0.968518853187561
2509,1187,13395,591,700,211,451,0.5652188062667847
2510,1187,3743,107,800,273,273,0.4450061619281769
2511,1189,3743,120,787,322,320,0.9827315211296082
2512,1189,2483,593,65,245,482,0.9285191893577576
2513,1189,12778,99,126,317,495,0.7296351194381714
2514,1190,2483,590,98,231,476,0.9596447348594666
2515,1190,12081,612,709,242,475,0.7122879028320312
2516,1190,3743,119,797,331,333,0.5480846762657166
2517,1190,12778,105,143,308,512,0.5039652585983276
2518,1191,12081,107,104,232,436,0.992927610874176
2519,1191,2483,86,668,261,475,0.9889272451400757
2520,1191,3743,495,167,312,298,0.8821717500686646
2521,1191,19552,531,588,309,488,0.40449273586273193
2522,1192,1900,643,855,204,173,0.9914011359214783
2523,1192,16551,85,693,295,499,0.9758225679397583
2524,1192,24850,642,205,183,278,0.975040078163147
2525,1192,33009,89,256,366,210,0.8934141993522644
2526,1192,33009,88,256,367,210,0.8798731565475464
2527,1194,24850,164,816,181,296,0.9942880272865295
2528,1194,1900,151,254,196,164,0.9893649816513062
2529,1194,33009,550,836,372,200,0.9871556758880615
2530,1194,16551,616,63,284,481,0.9671370387077332
2531,1196,27777,637,295,176,195,0.9915669560432434
2532,1196,35206,140,709,242,410,0.9808314442634583
2533,1196,3483,172,276,262,219,0.9721317887306213
2534,1196,28763,614,888,224,213,0.9657595753669739
2535,1197,27777,179,812,175,199,0.9860150814056396
2536,1197,35206,615,143,223,398,0.9849608540534973
2537,1197,28763,163,179,213,200,0.97853022813797
2538,1197,3483,568,812,264,220,0.9761022329330444
2539,1198,20238,604,196,227,216,0.9943063855171204
2540,1198,27777,178,814,175,198,0.984207808971405
2541,1198,28763,129,216,214,202,0.9723173975944519
2542,1198,3483,567,815,264,221,0.9620928764343262
2543,1199,20238,152,851,232,226,0.9952617883682251
2544,1199,27777,638,293,176,195,0.9939640164375305
2545,1199,3483,173,274,262,221,0.9758462905883789
2546,1199,28763,647,851,223,213,0.9737077355384827
2547,1201,12247,584,816,209,156,0.9991714954376221
2548,1201,3544,145,188,203,199,0.9947408437728882
2549,1201,16548,585,212,233,225,0.9918013215065002
2550,1204,32310,68,214,342,255,0.9957838654518127
2551,1204,22074,688,264,182,185,0.9795582890510559
2552,1204,3351,394,862,190,192,0.9536621570587158
2553,1206,22074,93,853,185,189,0.9900193214416504
2554,1206,32310,567,816,352,272,0.9803056716918945
2555,1206,3351,396,226,183,182,0.9767065048217773
2556,1207,27777,638,294,174,195,0.9904984831809998
2557,1207,16232,154,828,190,193,0.9904234409332275
2558,1207,22347,688,814,211,205,0.9801895022392273
2559,1207,3483,173,277,261,218,0.9731167554855347
2560,1209,16232,643,250,189,183,0.9837952852249146
2561,1209,27777,179,812,175,199,0.9833611845970154
2562,1209,22347,102,261,206,197,0.9794470071792603
2563,1209,3483,568,813,262,219,0.9423299431800842
2564,1210,35206,659,172,223,407,0.9885683059692383
2565,1210,20877,116,767,333,230,0.9831872582435608
2566,1210,3483,649,748,212,271,0.9819454550743103
2567,1210,34597,69,138,472,387,0.977863073348999
2568,1212,35206,99,671,232,408,0.9815811514854431
2569,1212,3483,141,292,212,258,0.9787560701370239
2570,1212,34597,456,709,482,402,0.9749588370323181
2571,1212,20877,542,294,330,234,0.970487654209137
2572,1213,13395,591,679,235,492,0.9462834596633911
2573,1213,2483,658,59,204,491,0.9362911581993103
2574,1213,12778,109,0,313,490,0.4289887547492981
2575,1213,25438,129,837,254,256,0.4192373752593994
2576,1213,25438,129,837,255,255,0.3040894865989685
2577,1214,25438,129,847,261,270,0.9927734732627869
2578,1214,13395,597,678,250,510,0.9406241774559021
2579,1214,2483,652,95,199,476,0.9343692064285278
2580,1214,12778,112,10,308,522,0.5817723274230957
2581,1216,27926,153,175,271,456,0.9950026869773865
2582,1216,3544,660,864,214,214,0.9922749400138855
2583,1216,16551,616,180,286,460,0.8402946591377258
2584,1219,3544,105,241,202,201,0.9900234341621399
2585,1219,29345,581,668,282,448,0.983244001865387
2586,1219,29667,649,206,220,217,0.838413655757904
2587,1219,16551,65,581,334,466,0.7548553347587585
2588,1220,29345,605,703,284,446,0.9951316118240356
2589,1220,3544,120,251,209,202,0.9855886101722717
2590,1220,16551,94,631,339,456,0.7834398150444031
2591,1222,3483,562,811,285,177,0.9836604595184326
2592,1222,25367,93,102,318,493,0.9810132384300232
2593,1222,36637,615,203,184,241,0.8988240361213684
2594,1222,28763,63,812,221,208,0.7541376352310181
2595,1224,36637,643,207,189,248,0.9959267973899841
2596,1224,3483,590,844,283,171,0.9867311716079712
2597,1224,25367,115,121,323,500,0.9823963642120361
2598,1224,28763,98,855,215,202,0.4399400055408478
2599,1226,35206,581,96,290,380,0.9918822646141052
2600,1226,31885,123,6,321,542,0.9770491719245911
2601,1226,3483,601,866,259,231,0.9739669561386108
2602,1226,19861,127,866,219,167,0.9369372129440308
2603,1227,3483,152,220,245,220,0.9893890023231506
2604,1227,35206,110,775,302,390,0.987934947013855
2605,1227,19861,639,279,218,169,0.9807403087615967
2606,1227,31885,546,695,327,553,0.9676721692085266
2607,1232,3483,146,288,211,256,0.9820125102996826
2608,1232,20877,595,258,322,243,0.9801127910614014
2609,1232,31885,545,662,402,519,0.9716705679893494
2610,1232,29667,134,859,228,227,0.9683297872543335
2611,1235,33009,549,838,373,199,0.989874005317688
2612,1235,1900,151,253,197,164,0.9848242402076721
2613,1235,16548,620,146,242,227,0.9755864143371582
2614,1235,21771,160,805,193,186,0.9716198444366455
2615,1237,16548,613,190,240,224,0.990626335144043
2616,1237,1900,106,269,202,125,0.9830343723297119
2617,1238,1900,683,879,211,133,0.9941562414169312
2618,1238,16548,133,844,241,237,0.9804713726043701
2619,1238,12247,207,231,160,274,0.6184739470481873
2620,1239,1900,88,260,200,128,0.988204836845398
2621,1239,16548,586,181,231,225,0.9783958196640015
2622,1242,29345,89,707,290,449,0.9924652576446533
2623,1242,16551,547,90,285,465,0.9867498278617859
2624,1242,1900,160,258,125,200,0.9807921051979065
2625,1243,35206,597,127,259,389,0.9882269501686096
2626,1243,27733,123,767,314,276,0.9866808652877808
2627,1243,30308,68,138,377,426,0.9857519268989563
2628,1243,3483,609,790,273,210,0.9837121367454529
2629,1244,3483,121,307,272,199,0.9903082251548767
2630,1244,35206,124,736,273,398,0.986544668674469
2631,1244,27733,565,261,300,267,0.985408365726471
2632,1244,30308,562,688,384,431,0.9118428826332092
2633,1245,3483,580,759,274,208,0.9940342307090759
2634,1245,27733,87,728,319,281,0.9919003248214722
2635,1245,30308,55,121,364,416,0.9887192845344543
2636,1245,35206,569,119,249,378,0.9823139905929565
2637,1246,27777,144,776,180,207,0.9948299527168274
2638,1246,16262,575,188,237,227,0.9857611060142517
2639,1246,3483,538,780,266,225,0.9834433794021606
2640,1246,34597,57,78,394,466,0.9720845222473145
2641,1248,16262,137,832,249,246,0.9951366782188416
2642,1248,34597,519,662,421,482,0.988929808139801
2643,1248,27777,639,291,176,197,0.9845770001411438
2644,1248,3483,173,272,264,223,0.9716672301292419
2645,1250,13395,598,702,222,469,0.9627994894981384
2646,1250,3743,107,810,282,287,0.9513556361198425
2647,1250,12778,105,58,293,539,0.934655487537384
2648,1250,2483,611,84,211,477,0.642630934715271
2649,1250,2483,612,84,211,476,0.3675885796546936
2650,1251,13395,138,108,212,438,0.9783898591995239
2651,1251,12778,551,647,299,527,0.9736740589141846
2652,1251,2483,83,682,239,477,0.9409056901931763
2653,1251,3743,553,191,267,267,0.9403892755508423
2654,1252,30308,76,79,396,411,0.9902729392051697
2655,1252,29667,624,186,225,215,0.9896279573440552
2656,1252,3483,647,754,212,268,0.9870449900627136
2657,1252,20877,71,798,327,243,0.9737411737442017
2658,1254,3483,621,722,210,271,0.9886903762817383
2659,1254,30308,66,66,381,402,0.9884977340698242
2660,1254,20877,40,755,326,253,0.9879442453384399
2661,1254,29667,597,182,219,214,0.9857963919639587
2662,1256,16551,91,662,306,490,0.9884821176528931
2663,1256,19607,657,272,156,151,0.9805023074150085
2664,1256,1900,643,828,171,202,0.9758983850479126
2665,1261,16232,647,231,195,183,0.9879223704338074
2666,1261,3483,590,845,282,171,0.9872618317604065
2667,1261,22347,141,170,207,197,0.9746676683425903
2668,1262,16232,620,221,189,183,0.9929376244544983
2669,1262,3483,562,812,284,176,0.9847612380981445
2670,1262,22347,126,165,198,193,0.9802882671356201
2671,1262,28763,63,813,219,206,0.6741296648979187
2672,1263,16232,142,846,197,195,0.9871936440467834
2673,1263,22347,646,902,214,208,0.9841949939727783
2674,1263,3483,134,287,276,174,0.9683974981307983
2675,1263,28763,681,257,209,195,0.41974082589149475
2676,1264,36637,227,318,205,238,0.9955845475196838
2677,1264,31863,637,322,210,205,0.9898051023483276
2678,1264,3351,392,862,189,191,0.9653393626213074
2679,1265,36637,508,661,208,250,0.9969381093978882
2680,1265,3351,356,179,184,188,0.9887795448303223
2681,1265,31863,82,705,207,212,0.9731979370117188
2682,1269,36637,221,771,207,236,0.9977311491966248
2683,1269,3351,362,235,183,181,0.9807087182998657
2684,1269,13900,620,763,175,260,0.5971837639808655
2685,1269,13900,620,762,175,262,0.37871217727661133
2686,1270,1900,630,895,211,134,0.9885023832321167
2687,1270,27926,145,143,264,458,0.9884017109870911
2688,1270,16548,116,851,242,240,0.9585374593734741
2689,1272,1900,158,250,200,126,0.9914175271987915
2690,1272,16548,629,177,241,226,0.9889209270477295
2691,1272,27926,599,672,253,487,0.9819459319114685
2692,1273,25438,554,202,246,255,0.9940657615661621
2693,1273,2483,104,679,232,492,0.9712097644805908
2694,1273,13395,111,43,243,490,0.8897517323493958
2695,1274,25438,126,812,254,255,0.9961467981338501
2696,1274,2483,601,40,217,492,0.979769229888916
2697,1274,13395,592,714,236,497,0.9796674251556396
2698,1274,12778,103,75,302,534,0.37359246611595154
2699,1278,3351,418,257,183,180,0.9919785261154175
2700,1278,38162,623,703,186,296,0.9867847561836243
2701,1278,3832,149,605,305,421,0.9660390615463257
2702,1279,21771,674,288,189,179,0.9948977828025818
2703,1279,1900,647,857,211,154,0.9936453104019165
2704,1279,16551,89,764,301,502,0.9661549925804138
2705,1280,21771,91,811,195,187,0.9973157048225403
2706,1280,1900,124,261,197,147,0.9892706871032715
2707,1280,16551,573,0,283,454,0.9777465462684631
2708,1282,3743,498,125,313,304,0.9906556010246277
2709,1282,13395,84,80,229,488,0.9852015376091003
2710,1282,19552,506,590,311,496,0.978552520275116
2711,1282,2483,61,649,201,487,0.9416127800941467
2712,1284,3743,117,828,321,320,0.9898461699485779
2713,1284,2483,670,78,206,489,0.972583532333374
2714,1284,13395,628,677,229,495,0.9718847274780273
2715,1284,19552,123,119,314,500,0.9666828513145447
2716,1290,16548,539,140,229,225,0.9867843985557556
2717,1290,1900,162,257,127,199,0.969832718372345
2718,1290,29345,590,536,271,442,0.9694322943687439
2719,1293,20238,575,192,222,213,0.9975451827049255
2720,1293,27777,145,777,179,206,0.9956271648406982
2721,1293,3483,538,781,267,225,0.9792502522468567
2722,1293,30308,115,85,313,449,0.970455527305603
2723,1294,3483,590,843,283,172,0.9886214137077332
2724,1294,35206,678,149,206,413,0.9866257905960083
2725,1294,34597,13,44,418,455,0.9777339100837708
2726,1294,28763,98,853,216,202,0.31060105562210083
2727,1295,34597,0,19,411,457,0.9868882298469543
2728,1295,3483,562,811,285,176,0.9857871532440186
2729,1295,35206,648,138,206,403,0.9756306409835815
2730,1296,35206,105,686,206,421,0.9809852838516235
2731,1296,34597,565,730,411,478,0.979252278804779
2732,1296,3483,132,285,279,176,0.9743719696998596
2733,1296,28763,678,255,214,199,0.3589457869529724
2734,1297,16548,153,245,230,225,0.9897569417953491
2735,1297,4543,159,891,210,211,0.9854084849357605
2736,1297,4543,689,275,183,171,0.981423020362854
2737,1297,3544,645,919,215,215,0.8632513880729675
2738,1298,3544,141,145,207,201,0.9922564029693604
2739,1298,4543,618,171,205,197,0.9037479162216187
2740,1298,4543,117,861,185,180,0.8802424073219299
2741,1298,16548,617,828,236,229,0.531670331954956
2742,1300,29667,631,179,224,217,0.9876279830932617
2743,1300,3483,589,844,283,172,0.986336350440979
2744,1300,31885,77,126,459,466,0.9793068170547485
2745,1300,28763,97,853,213,201,0.7325400710105896
2746,1302,3483,561,811,284,176,0.9853910207748413
2747,1302,29667,603,176,218,214,0.9823015928268433
2748,1302,31885,64,99,440,468,0.9744224548339844
2749,1302,28763,62,811,219,207,0.8927256464958191
2750,1305,1900,631,894,212,136,0.9848870635032654
2751,1305,27926,598,161,262,450,0.9836530685424805
2752,1305,16551,80,669,340,470,0.9624114036560059
2753,1305,12247,139,291,282,151,0.4997529983520508
2754,1309,27733,561,257,300,262,0.9887802600860596
2755,1309,29667,87,862,232,228,0.9793002009391785
2756,1309,3483,122,306,271,199,0.9690386652946472
2757,1309,28763,583,871,223,212,0.9680348634719849
2758,1311,3483,580,759,275,209,0.9949468970298767
2759,1311,28763,177,188,206,199,0.9851484298706055
2760,1311,27733,91,735,323,281,0.9847596287727356
2761,1311,29667,639,179,220,211,0.9822620153427124
2762,1312,2483,612,49,256,477,0.9881455898284912
2763,1312,13395,594,683,238,489,0.929634690284729
2764,1312,3743,110,805,273,275,0.9288579225540161
2765,1312,12778,74,54,326,488,0.25920310616493225
2766,1315,3351,422,880,191,192,0.9873821139335632
2767,1315,19232,544,205,299,293,0.9754391312599182
2768,1315,16688,145,88,272,609,0.3292042315006256
2769,1316,3351,326,162,186,187,0.9911471009254456
2770,1316,16688,517,476,290,661,0.986303985118866
2771,1316,19232,84,691,310,312,0.966995894908905
2772,1322,13395,137,107,213,438,0.9778212308883667
2773,1322,2483,83,680,239,479,0.9454429745674133
2774,1322,3743,553,191,267,267,0.934344470500946
2775,1323,2483,617,49,223,487,0.9705932140350342
2776,1323,13395,591,700,213,451,0.8672376871109009
2777,1323,3743,107,800,273,274,0.717079222202301
2778,1326,3351,370,246,183,182,0.9962407350540161
2779,1326,18357,164,674,264,347,0.9935245513916016
2780,1326,20238,601,839,226,224,0.9934133887290955
2781,1327,29451,513,241,408,223,0.99739009141922
2782,1327,16548,170,814,240,237,0.9828842878341675
2783,1327,1900,643,845,190,191,0.8803013563156128
2784,1328,29451,74,843,413,218,0.9963520765304565
2785,1328,1900,167,246,185,183,0.9852961897850037
2786,1328,16548,581,217,238,227,0.9434416890144348
2787,1329,29451,36,803,421,222,0.9964851140975952
2788,1329,1900,148,241,181,181,0.9898474812507629
2789,1329,16548,555,208,229,227,0.9880964756011963
2790,1330,25469,86,829,344,302,0.9929996728897095
2791,1330,35206,610,117,231,405,0.9882997274398804
2792,1330,3483,602,845,279,187,0.9871271848678589
2793,1330,34597,92,160,445,424,0.9745839834213257
2794,1331,25469,52,785,350,303,0.9936267137527466
2795,1331,35206,580,110,225,393,0.9872216582298279
2796,1331,34597,77,130,436,428,0.9773802161216736
2797,1331,3483,576,811,277,192,0.8217465877532959
2798,1332,25469,575,192,328,283,0.9981313347816467
2799,1332,3483,125,271,271,190,0.9840712547302246
2800,1332,35206,134,725,250,415,0.9805741906166077
2801,1332,34597,460,649,455,439,0.9716237783432007
2802,1333,36637,158,283,196,246,0.9967634677886963
2803,1333,20014,581,282,342,319,0.9889519810676575
2804,1333,3351,399,922,193,192,0.9623216390609741
2805,1337,29451,496,821,399,267,0.9906330108642578
2806,1337,1900,167,245,185,181,0.9865715503692627
2807,1337,16548,576,188,241,226,0.9801530838012695
2808,1340,1900,642,860,211,157,0.9922096729278564
2809,1340,24850,582,286,289,170,0.9836964011192322
2810,1340,16548,188,823,240,241,0.9785605072975159
2811,1345,29667,619,174,223,217,0.9889296889305115
2812,1345,25469,84,830,345,300,0.9851287603378296
2813,1345,3483,601,845,278,188,0.9847730398178101
2814,1345,31885,165,132,424,492,0.978411078453064
2815,1347,25469,577,192,326,281,0.9930520057678223
2816,1347,29667,141,870,228,228,0.9846481084823608
2817,1347,3483,127,272,270,189,0.9814256429672241
2818,1347,31885,419,616,417,512,0.9525555372238159
2819,1348,31863,186,266,206,204,0.9965535402297974
2820,1348,3351,362,881,189,191,0.9814671874046326
2821,1348,22074,675,311,185,187,0.9798636436462402
2822,1350,31863,588,857,204,205,0.9970818161964417
2823,1350,22074,106,814,184,189,0.975788414478302
2824,1350,3351,426,220,184,183,0.9754909873008728
2825,1353,34597,512,677,444,458,0.9916400909423828
2826,1353,27777,638,293,175,196,0.9866754412651062
2827,1353,16232,154,828,190,193,0.9846950173377991
2828,1353,3483,172,276,263,219,0.9736568927764893
2829,1354,36637,167,799,188,255,0.9976431727409363
2830,1354,3483,141,292,212,257,0.9798739552497864
2831,1354,20877,543,294,329,233,0.9763422012329102
2832,1354,30308,579,737,345,465,0.9749619960784912
2833,1355,36637,605,204,176,243,0.9934712648391724
2834,1355,30308,81,47,324,444,0.9908463358879089
2835,1355,20877,87,724,329,242,0.9875479936599731
2836,1355,3483,625,717,209,272,0.8228575587272644
2837,1357,16548,578,169,233,224,0.9904406070709229
2838,1357,3544,96,228,201,201,0.9894860982894897
2839,1357,4543,626,815,189,186,0.9722936153411865
2840,1357,29451,165,673,218,363,0.7842751741409302
2841,1358,3544,112,240,207,201,0.9913361072540283
2842,1358,4543,654,848,186,179,0.9904589653015137
2843,1358,16548,606,177,239,224,0.9856369495391846
2844,1358,29451,197,717,216,356,0.8538768291473389
2845,1359,3544,675,828,211,211,0.9925956130027771
2846,1359,16548,142,854,241,238,0.9907854795455933
2847,1359,4543,164,279,183,178,0.9869110584259033
2848,1359,29451,584,231,212,334,0.7164048552513123
2849,1361,3351,357,149,185,189,0.9931008815765381
2850,1361,19232,170,648,241,358,0.9930605888366699
2851,1361,29667,627,691,232,231,0.9843457341194153
2852,1363,33880,453,245,432,290,0.9981938004493713
2853,1363,3351,432,888,191,190,0.9919989705085754
2854,1363,16262,117,292,246,237,0.9658644199371338
2855,1366,22347,663,837,213,207,0.9842086434364319
2856,1366,29667,125,865,230,227,0.9839305281639099
2857,1366,3483,134,286,277,175,0.9673136472702026
2858,1366,28763,680,257,211,197,0.7916342616081238
2859,1367,29667,603,177,219,214,0.9871916770935059
2860,1367,3483,561,811,286,176,0.9861683249473572
2861,1367,22347,107,227,202,193,0.972366988658905
2862,1367,28763,62,812,219,207,0.9320719242095947
2863,1369,16262,638,176,245,233,0.9758415222167969
2864,1369,22347,120,214,206,197,0.9728306531906128
2865,1369,3483,601,868,260,230,0.9685723185539246
2866,1369,19861,126,865,220,168,0.9477739334106445
2867,1371,22347,104,206,200,194,0.9841743111610413
2868,1371,3483,573,839,261,228,0.9827274680137634
2869,1371,16262,609,172,241,228,0.9311882853507996
2870,1371,19861,91,828,227,176,0.8478249311447144
2871,1372,3743,75,812,329,332,0.9851390719413757
2872,1372,2483,596,108,282,452,0.9838188290596008
2873,1372,13395,613,697,240,512,0.8474847078323364
2874,1372,19552,86,90,324,494,0.5214247703552246
2875,1376,33009,584,243,361,234,0.9953580498695374
2876,1376,1900,641,859,207,166,0.9932838678359985
2877,1376,33208,152,297,206,196,0.9829667806625366
2878,1376,16551,90,699,297,501,0.954904317855835
2879,1377,33208,641,806,211,202,0.9924958944320679
2880,1377,1900,151,256,199,157,0.9890127182006836
2881,1377,33009,47,823,360,230,0.9855680465698242
2882,1377,16551,609,57,282,483,0.9781084060668945
2883,1378,3483,152,219,245,220,0.9892745614051819
2884,1378,35206,111,777,298,389,0.9809633493423462
2885,1378,19861,638,279,219,169,0.9776415228843689
2886,1378,22347,624,868,212,209,0.9665839672088623
2887,1379,35206,585,98,286,376,0.9922027587890625
2888,1379,22347,162,202,206,198,0.9821773767471313
2889,1379,3483,602,868,259,230,0.9706887602806091
2890,1379,19861,127,866,220,167,0.9440183043479919
2891,1381,21325,632,278,237,136,0.9938416481018066
2892,1381,3351,407,845,189,192,0.9881735444068909
2893,1381,32310,33,236,367,233,0.971470832824707
2894,1384,25367,49,96,421,451,0.9960746765136719
2895,1384,20238,603,196,227,217,0.9942235350608826
2896,1384,27777,177,813,175,199,0.9785269498825073
2897,1384,3483,567,815,264,221,0.9683911800384521
2898,1385,20238,575,192,222,213,0.9967973828315735
2899,1385,27777,144,776,179,206,0.9941885471343994
2900,1385,25367,39,77,405,447,0.9860668778419495
2901,1385,3483,538,781,267,225,0.9778575897216797
2902,1386,20238,153,851,232,226,0.9932097792625427
2903,1386,25367,532,702,425,468,0.9865406155586243
2904,1386,27777,639,294,174,194,0.9841019511222839
2905,1386,3483,173,273,263,221,0.9755448698997498
2906,1387,20238,601,181,227,217,0.9838475584983826
2907,1387,3483,644,759,202,273,0.968394935131073
2908,1387,22347,112,242,208,197,0.9636840224266052
2909,1387,20877,138,834,277,310,0.9155380129814148
2910,1390,22362,608,744,262,424,0.9964562058448792
2911,1390,25438,156,872,261,269,0.9956309795379639
2912,1390,2483,598,112,207,471,0.9873560070991516
2913,1390,19552,118,159,356,463,0.7312979698181152
2914,1392,25438,155,861,255,255,0.9976175427436829
2915,1392,2483,603,78,218,484,0.9670577645301819
2916,1392,22362,598,744,255,409,0.7005457878112793
2917,1392,19552,116,131,361,458,0.263536274433136
2918,1393,16262,136,833,249,245,0.9963855743408203
2919,1393,27777,639,293,175,195,0.992519736289978
2920,1393,3483,174,273,263,222,0.9718425869941711
2921,1393,22347,683,870,214,208,0.970538854598999
2922,1395,27777,144,776,179,206,0.9964728951454163
2923,1395,16262,575,188,238,226,0.9797202944755554
2924,1395,3483,538,780,266,226,0.979034423828125
2925,1395,22347,89,194,202,194,0.9727723598480225
2926,1396,2483,81,662,219,489,0.9889764189720154
2927,1396,19552,508,596,326,486,0.9876261353492737
2928,1396,13395,81,82,230,484,0.9869780540466309
2929,1396,3743,524,163,269,264,0.9783792495727539
2930,1401,25469,576,192,329,282,0.9951587319374084
2931,1401,29667,139,871,229,227,0.9857656955718994
2932,1401,3483,126,271,271,189,0.9850448966026306
2933,1401,22347,649,851,218,210,0.9788282513618469
2934,1402,20238,84,336,229,221,0.9975389242172241
2935,1402,33880,460,196,391,365,0.9972569346427917
2936,1402,3351,423,885,194,193,0.989922821521759
2937,1404,33880,118,739,398,377,0.9945407509803772
2938,1404,3351,365,216,185,182,0.9884591698646545
2939,1404,20238,669,763,227,221,0.9819804430007935
2940,1407,38162,604,793,246,256,0.9964624047279358
2941,1407,3351,379,232,183,180,0.9862469434738159
2942,1407,33880,103,683,313,431,0.9243255257606506
2943,1408,33208,657,901,218,208,0.9937682151794434
2944,1408,1900,187,275,201,135,0.9928596019744873
2945,1408,16548,76,807,239,237,0.9741169214248657
2946,1411,36637,643,207,190,248,0.9946282505989075
2947,1411,30308,70,128,387,420,0.9902881383895874
2948,1411,3483,591,844,283,171,0.9829182624816895
2949,1411,28763,99,855,213,202,0.932441234588623
2950,1413,3483,131,287,278,174,0.9729730486869812
2951,1413,36637,150,803,194,252,0.9723313450813293
2952,1413,30308,548,707,401,427,0.9676581025123596
2953,1413,28763,679,256,210,196,0.8746002912521362
2954,1414,3544,110,193,202,201,0.9946184754371643
2955,1414,16548,57,775,238,233,0.9791184663772583
2956,1414,27926,559,598,266,487,0.9181495308876038
2957,1414,29667,600,190,219,215,0.3287065923213959
2958,1418,16551,102,648,294,497,0.9845907688140869
2959,1418,1900,128,257,195,149,0.9767600893974304
2960,1418,25367,557,87,244,401,0.9430703520774841
2961,1420,3351,410,876,190,190,0.9899659156799316
2962,1420,16688,547,66,264,597,0.9736667275428772
2963,1420,41768,96,237,295,268,0.9581465125083923
2964,1421,41768,553,719,301,288,0.9955514073371887
2965,1421,3351,339,166,183,188,0.9881219863891602
2966,1421,16688,119,508,269,656,0.850591242313385
2967,1424,27777,145,775,178,206,0.9931421279907227
2968,1424,31885,93,72,363,524,0.9864149689674377
2969,1424,3483,538,777,265,226,0.9778238534927368
2970,1424,35206,576,130,227,395,0.9776003956794739
2971,1425,35206,606,141,230,405,0.9867920875549316
2972,1425,3483,566,812,263,221,0.9800218939781189
2973,1425,31885,109,97,380,526,0.9741191864013672
2974,1425,27777,178,812,174,199,0.9261735081672668
2975,1429,3544,121,252,209,202,0.9840637445449829
2976,1429,16548,125,829,240,230,0.8807395100593567
2977,1429,29667,678,213,225,218,0.3878158926963806
2978,1431,3544,104,241,203,201,0.9940060377120972
2979,1431,16548,92,789,240,235,0.9846092462539673
2980,1431,29667,649,206,220,216,0.9381364583969116
2981,1431,29345,582,668,282,447,0.2572464048862457
2982,1433,3351,369,174,179,184,0.9951883554458618
2983,1433,32310,0,662,305,333,0.9788612723350525
2984,1433,38162,607,758,295,205,0.8651551008224487
2985,1435,13900,170,338,174,257,0.9926115870475769
2986,1435,3351,398,855,188,189,0.9758400321006775
2987,1436,20238,111,700,232,228,0.9947502017021179
2988,1436,3351,349,187,186,187,0.9900652766227722
2989,1436,13900,601,627,181,268,0.9895114302635193
2990,1438,16548,208,842,242,237,0.9905793070793152
2991,1438,3544,700,857,212,212,0.990419328212738
2992,1438,12247,174,303,206,127,0.987484872341156
2993,1438,29451,583,232,212,333,0.9081960320472717
2994,1439,12247,593,851,210,126,0.9934636354446411
2995,1439,3544,74,200,200,200,0.9903614521026611
2996,1439,16548,514,180,233,225,0.985104501247406
2997,1439,29451,166,673,219,363,0.9779775142669678
2998,1441,3483,580,760,274,209,0.9952557682991028
2999,1441,36637,594,204,251,168,0.9903218150138855
3000,1441,27733,91,735,322,281,0.985076367855072
3001,1441,22347,119,175,200,192,0.9752859473228455
3002,1442,36637,621,209,261,169,0.989060640335083
3003,1442,27733,130,777,312,275,0.9867411255836487
3004,1442,3483,609,792,273,210,0.9760202169418335
3005,1442,22347,134,180,207,196,0.9755997061729431
3006,1444,3743,484,151,315,300,0.9868835806846619
3007,1444,2483,91,695,215,486,0.9738976359367371
3008,1444,13395,133,107,221,440,0.9695793986320496
3009,1444,12778,523,621,296,518,0.2980441451072693
3010,1446,13395,586,701,223,449,0.932392418384552
3011,1446,2483,629,27,203,492,0.8607650995254517
3012,1446,3743,131,801,322,322,0.5177966356277466
3013,1446,12778,118,59,305,523,0.5115305185317993
3014,1447,3544,104,180,202,201,0.9940078258514404
3015,1447,29451,466,767,416,246,0.9920716881752014
3016,1447,16548,46,791,242,235,0.9907584190368652
3017,1449,3544,118,185,210,203,0.9877108931541443
3018,1449,29451,498,805,405,241,0.9805574417114258
3019,1449,16548,80,831,239,229,0.9685048460960388
3020,1449,29667,656,196,227,219,0.34234946966171265
3021,1450,25438,125,812,255,255,0.9970614314079285
3022,1450,12778,113,62,291,528,0.982669472694397
3023,1450,13395,592,714,235,497,0.9785319566726685
3024,1450,2483,603,40,214,492,0.9769362807273865
3025,1452,25438,126,824,260,268,0.9824478030204773
3026,1452,2483,596,75,209,480,0.9820504188537598
3027,1452,13395,602,710,234,523,0.9665694832801819
3028,1452,12778,113,87,290,540,0.96365886926651
3029,1453,3351,457,907,192,191,0.9858564138412476
3030,1453,18357,47,308,283,334,0.9483704566955566
3031,1453,16688,482,123,416,522,0.8955634832382202
3032,1455,18357,652,651,284,340,0.9934120774269104
3033,1455,3351,333,194,185,180,0.9831799268722534
3034,1455,16688,78,627,424,571,0.5315060019493103
3035,1458,25438,111,831,253,252,0.9741429686546326
3036,1458,2483,604,61,250,483,0.9679611921310425
3037,1458,13395,641,706,224,451,0.9241050481796265
3038,1458,12778,76,162,308,511,0.7604352831840515
3039,1459,2483,625,69,225,468,0.9641096591949463
3040,1459,3743,107,811,283,288,0.9167425632476807
3041,1459,12081,651,694,244,467,0.32809123396873474
3042,1460,2483,50,703,258,479,0.9859548211097717
3043,1460,12081,70,122,231,437,0.9580546617507935
3044,1460,3743,553,190,264,267,0.9459454417228699
3045,1460,12778,547,566,315,491,0.353042870759964
3046,1461,2483,629,31,241,482,0.9260488748550415
3047,1461,3743,108,801,273,275,0.9057096838951111
3048,1461,12778,71,143,323,491,0.4150463342666626
3049,1462,25367,524,678,424,463,0.9951469302177429
3050,1462,20238,134,868,231,228,0.9865438342094421
3051,1462,3483,131,286,279,176,0.9694119095802307
3052,1463,20238,623,178,226,216,0.9913430213928223
3053,1463,25367,58,124,420,450,0.9903022646903992
3054,1463,3483,591,844,283,173,0.9868130087852478
3055,1463,28763,99,855,216,201,0.4740604758262634
3056,1464,20238,594,175,221,213,0.9851458072662354
3057,1464,3483,563,811,285,177,0.9844158291816711
3058,1464,25367,45,104,405,446,0.9812264442443848
3059,1464,28763,64,813,221,208,0.8061865568161011
3060,1466,3483,562,811,285,176,0.9867849946022034
3061,1466,16262,595,178,237,228,0.9819009900093079
3062,1466,22347,107,179,199,193,0.981715977191925
3063,1466,28763,63,813,220,207,0.8487100005149841
3064,1473,16551,575,92,285,479,0.9619563817977905
3065,1473,19607,151,218,158,153,0.9465653896331787
3066,1474,36637,620,207,260,169,0.9916995763778687
3067,1474,34597,67,99,442,427,0.9895663261413574
3068,1474,3483,609,790,274,210,0.9853931069374084
3069,1474,27733,125,767,314,275,0.9840596914291382
3070,1476,3483,580,758,275,209,0.9941328167915344
3071,1476,27733,87,728,320,283,0.9922846555709839
3072,1476,36637,594,203,249,169,0.9852192401885986
3073,1476,34597,54,71,429,433,0.9808863997459412
3074,1477,36637,87,231,241,213,0.9932855367660522
3075,1477,18357,356,678,257,374,0.9828702807426453
3076,1477,3351,651,290,183,182,0.9713630676269531
3077,1480,3544,642,876,214,213,0.9900349974632263
3078,1480,29451,591,239,214,334,0.9445288181304932
3079,1480,16548,174,833,240,238,0.9321067333221436
3080,1480,29667,157,260,221,213,0.8153610229492188
3081,1483,3483,152,220,245,220,0.9887183904647827
3082,1483,35206,111,777,299,390,0.9815571308135986
3083,1483,28763,630,898,222,214,0.9772679209709167
3084,1483,19861,638,279,219,170,0.9660815596580505
3085,1485,35206,585,99,285,375,0.9911509156227112
3086,1485,28763,148,169,212,201,0.978438138961792
3087,1485,3483,602,868,259,230,0.9666779637336731
3088,1485,19861,127,866,220,167,0.9548420310020447
3089,1488,31863,627,831,206,204,0.9876954555511475
3090,1488,21325,211,827,201,198,0.9726584553718567
3091,1488,3351,393,208,182,182,0.8122309446334839
3092,1488,3351,393,208,183,181,0.5463817119598389
3093,1489,20014,535,287,342,319,0.9806652665138245
3094,1489,20238,184,282,225,217,0.9625136852264404
3095,1489,3351,401,851,191,191,0.5214409232139587
3096,1492,18147,527,295,340,358,0.995214581489563
3097,1492,3351,379,904,190,192,0.9901778101921082
3098,1492,21325,184,278,160,232,0.8241289854049683
3099,1492,21325,184,278,160,231,0.5057919025421143
3100,1493,18147,59,544,353,378,0.9900310039520264
3101,1493,3351,368,136,185,191,0.9880304932594299
3102,1493,21325,600,720,159,240,0.9842207431793213
3103,1497,3483,566,842,261,231,0.9873730540275574
3104,1497,29667,610,197,219,216,0.9858726263046265
3105,1497,19861,84,826,228,178,0.9834166765213013
3106,1497,34597,60,54,303,505,0.9717900156974792
3107,1500,3351,351,238,185,181,0.9921297430992126
3108,1500,38162,198,734,187,297,0.9603129029273987
3109,1500,41768,573,859,344,178,0.6436719298362732
