annotation_id,image_id,category_id,bbox_x,bbox_y,bbox_w,bbox_h,score
1,1,1900,159,252,201,124,0.9868879914283752
2,1,16551,556,69,396,408,0.9742590188980103
3,1,27926,604,670,246,487,0.9706729650497437
4,1,24850,172,740,180,291,0.9673565030097961
5,3,27926,573,628,257,489,0.9788909554481506
6,3,1900,143,243,196,127,0.9766051173210144
7,3,16551,528,62,384,399,0.9736976623535156
8,3,24850,138,703,186,294,0.9717069268226624
9,4,29345,118,155,276,416,0.9790313839912415
10,4,16551,130,648,293,495,0.9764286875724792
11,4,24850,601,252,291,168,0.9663896560668945
12,4,1900,685,807,129,208,0.9634662866592407
13,5,29345,613,712,287,449,0.9740613698959351
14,5,16551,568,111,290,482,0.9734459519386292
15,5,24850,93,892,303,167,0.9696565270423889
16,5,1900,181,266,130,199,0.9656559824943542
17,8,22347,131,221,206,196,0.9900642037391663
18,8,28763,99,854,217,207,0.9794294834136963
19,8,3483,592,843,282,173,0.9777296185493469
20,8,20238,623,177,227,216,0.7300038933753967
21,9,22347,115,212,199,195,0.985943078994751
22,9,28763,65,813,219,209,0.9805384874343872
23,9,3483,562,811,286,177,0.9740627408027649
24,9,20238,595,174,220,212,0.9686301350593567
25,10,29451,102,234,412,220,0.9878188371658325
26,10,16548,104,808,240,239,0.9832137823104858
27,10,21771,643,290,190,182,0.9820356965065002
28,10,1900,642,844,192,191,0.936238169670105
29,13,33880,480,242,437,276,0.9790679216384888
30,13,3351,430,853,190,192,0.9727399945259094
31,13,16232,142,330,196,191,0.9633769989013672
32,15,16232,642,797,195,190,0.983500599861145
33,15,33880,52,783,444,279,0.9743006825447083
34,15,3351,362,248,183,182,0.9729305505752563
35,17,41768,561,646,276,299,0.9816046953201294
36,17,3351,299,166,185,191,0.9708187580108643
37,17,35206,114,587,309,383,0.9687322378158569
38,19,28763,103,169,211,206,0.9885459542274475
39,19,3483,611,788,273,212,0.9804302453994751
40,19,27733,123,768,318,277,0.9796063303947449
41,19,20877,619,202,263,175,0.9528610110282898
42,23,25367,22,90,413,438,0.9832311868667603
43,23,16262,593,177,240,229,0.982660710811615
44,23,28763,63,812,218,210,0.9743784070014954
45,23,3483,562,811,285,175,0.9730442762374878
46,24,16262,620,183,246,232,0.9808787107467651
47,24,25367,37,107,422,440,0.9793909788131714
48,24,3483,590,844,282,173,0.9782534241676331
49,24,28763,97,852,217,208,0.9666061997413635
50,27,25438,127,822,257,266,0.9860073924064636
51,27,2483,603,86,206,466,0.9766179323196411
52,27,12081,595,716,239,509,0.9013785123825073
53,28,27777,178,812,175,201,0.9869662523269653
54,28,3483,564,812,269,221,0.9735585451126099
55,28,25367,17,65,411,454,0.9685349464416504
56,28,35206,617,139,224,405,0.9593210220336914
57,29,3483,535,780,270,222,0.972223162651062
58,29,27777,144,777,179,203,0.9711018800735474
59,29,35206,589,133,213,394,0.9704495072364807
60,29,25367,8,50,397,451,0.9670882821083069
61,31,3544,111,239,211,201,0.9787160754203796
62,31,4543,653,848,189,180,0.9661581516265869
63,31,16551,591,50,290,480,0.964612603187561
64,31,27926,196,715,217,361,0.4105561375617981
65,32,3544,673,826,215,212,0.9795474410057068
66,32,4543,161,278,188,181,0.9730567932128906
67,32,16551,104,707,297,498,0.9704635143280029
68,38,31885,111,24,397,507,0.9877459406852722
69,38,20877,85,725,332,241,0.9823973178863525
70,38,3483,625,717,211,273,0.9769428968429565
71,38,35206,629,164,210,393,0.9654233455657959
72,40,31885,619,610,325,557,0.9834328889846802
73,40,29667,119,839,231,228,0.9826371073722839
74,40,3483,157,213,249,222,0.9804490208625793
75,40,19861,647,280,222,170,0.9792221188545227
76,41,19861,119,864,220,168,0.986902117729187
77,41,31885,54,87,325,543,0.9864383935928345
78,41,3483,592,872,257,231,0.9801428914070129
79,41,29667,639,207,222,213,0.9767233729362488
80,42,29667,610,199,218,215,0.985605776309967
81,42,3483,564,840,261,233,0.9769687056541443
82,42,19861,84,826,226,177,0.9747784733772278
83,42,31885,31,69,325,533,0.9655010104179382
84,44,13900,580,671,180,268,0.9866763353347778
85,44,29667,94,724,232,231,0.9771462678909302
86,44,3351,370,154,184,188,0.9719028472900391
87,46,3743,120,784,322,321,0.9920002222061157
88,46,2483,591,72,244,477,0.987726628780365
89,46,12081,602,713,235,446,0.9714561104774475
90,46,13395,602,706,233,459,0.30825358629226685
91,47,3743,494,164,313,302,0.9864825010299683
92,47,13395,108,102,230,436,0.9748552441596985
93,47,2483,91,672,250,471,0.9717239141464233
94,47,12081,109,108,228,428,0.5228182077407837
95,53,25438,135,853,260,268,0.984060525894165
96,53,19552,92,113,358,476,0.9672442674636841
97,53,2483,647,100,220,473,0.9652714133262634
98,53,12081,604,687,245,499,0.7481455206871033
99,53,13395,605,681,244,509,0.6664039492607117
100,54,25438,546,178,247,252,0.9915492534637451
101,54,2483,69,667,205,489,0.9580124616622925
102,54,19552,461,645,371,484,0.954009473323822
103,54,12081,113,89,231,467,0.8557831645011902
104,54,13395,114,84,231,473,0.5189828276634216
105,55,16688,436,161,502,461,0.9844978451728821
106,55,20014,49,284,340,321,0.9738006591796875
107,55,3351,424,847,189,192,0.9680368900299072
108,56,16688,0,550,509,507,0.9803606867790222
109,56,20014,550,619,350,344,0.9762963652610779
110,56,3351,324,192,188,189,0.9698268175125122
111,58,34597,39,50,386,466,0.9826399683952332
112,58,3483,573,836,262,231,0.9736668467521667
113,58,19861,92,827,226,177,0.9703998565673828
114,58,35206,559,93,274,366,0.9703916907310486
115,60,19861,641,279,220,170,0.985732913017273
116,60,3483,147,219,252,222,0.981550931930542
117,60,35206,109,777,302,387,0.9681609272956848
118,60,34597,549,694,405,485,0.9193946123123169
119,62,36637,543,649,206,256,0.982300341129303
120,62,18147,92,549,286,419,0.9803091287612915
121,62,3351,326,155,186,189,0.9750580787658691
122,64,29667,151,277,231,225,0.9719704985618591
123,64,20014,593,267,339,318,0.9685587882995605
124,64,3351,396,887,192,193,0.9650076627731323
125,65,20014,0,632,340,343,0.9723935723304749
126,65,29667,556,727,236,234,0.9708188772201538
127,65,3351,350,152,186,189,0.9703303575515747
128,66,29667,597,818,230,225,0.9744651317596436
129,66,3351,393,211,185,184,0.9740930795669556
130,66,20014,36,716,341,340,0.9658598899841309
131,68,16232,151,828,193,193,0.9839829206466675
132,68,27777,639,293,173,194,0.9801118969917297
133,68,3483,167,280,266,215,0.9740810990333557
134,68,30308,511,766,446,379,0.9675244092941284
135,70,29451,43,231,408,228,0.983892560005188
136,70,16551,48,708,304,499,0.9693505167961121
137,70,24850,642,259,197,269,0.9619987607002258
138,70,1900,631,899,210,156,0.9318840503692627
139,72,29451,552,841,406,223,0.9792590141296387
140,72,1900,158,225,205,149,0.9790521860122681
141,72,16551,642,46,295,485,0.9721370935440063
142,72,24850,149,776,198,280,0.9709544777870178
143,73,3544,74,201,203,199,0.9798087477684021
144,73,16551,524,73,351,424,0.97575443983078
145,73,12247,591,850,214,128,0.9687950015068054
146,75,3544,89,210,209,201,0.9806913137435913
147,75,16551,551,80,361,437,0.9724288582801819
148,75,12247,620,880,210,126,0.970660388469696
149,79,3351,387,846,190,191,0.9760756492614746
150,79,19232,503,239,327,252,0.970095157623291
151,79,16262,128,298,242,234,0.9665420651435852
152,80,19232,96,698,339,268,0.980130672454834
153,80,3351,361,195,183,187,0.9727855324745178
154,80,16262,568,695,249,245,0.9701451063156128
155,82,3743,123,837,328,332,0.9895276427268982
156,82,19552,117,150,324,488,0.9841640591621399
157,82,2483,627,100,210,468,0.9828627705574036
158,82,22362,611,737,268,418,0.9766854643821716
159,83,3743,491,124,310,306,0.9809641242027283
160,83,19552,506,600,320,484,0.9769902229309082
161,83,2483,96,664,199,490,0.9740065336227417
162,83,22362,83,114,259,395,0.9172224402427673
163,85,21771,151,850,191,191,0.9866405129432678
164,85,16548,571,250,234,228,0.9811584949493408
165,85,1900,162,257,127,200,0.9760327339172363
166,85,29345,588,679,285,448,0.9702829122543335
167,86,29345,117,156,277,417,0.9791272282600403
168,86,21771,619,251,185,181,0.9784432649612427
169,86,16548,153,769,238,238,0.9782041311264038
170,86,1900,685,807,131,209,0.9697788953781128
171,88,1900,131,230,204,139,0.9841757416725159
172,88,16551,609,48,290,484,0.9692895412445068
173,89,16551,581,42,281,471,0.9683770537376404
174,89,1900,114,225,201,139,0.9680924415588379
175,89,19232,587,695,269,458,0.5924365520477295
176,90,16551,89,708,292,496,0.9766921997070312
177,90,1900,656,903,212,147,0.9758782982826233
178,90,24850,128,129,257,423,0.2854878902435303
179,91,1900,631,894,209,134,0.9822680950164795
180,91,19607,689,299,158,151,0.9757534265518188
181,91,27926,142,143,265,458,0.9728237986564636
182,91,16548,125,865,238,237,0.9710572361946106
183,95,32310,500,716,387,243,0.9827249646186829
184,95,3351,339,182,181,187,0.976202666759491
185,95,29667,62,743,231,233,0.9751399159431458
186,97,16548,102,820,238,239,0.9753085374832153
187,97,1900,687,805,131,209,0.9726153612136841
188,97,19607,668,252,155,152,0.9723132252693176
189,97,29345,118,169,310,401,0.9685625433921814
190,100,16548,586,132,233,226,0.9821348190307617
191,100,1900,136,245,191,161,0.9762967228889465
192,100,33009,522,793,380,210,0.9745965600013733
193,102,16548,613,135,241,228,0.977747917175293
194,102,1900,151,253,196,164,0.9742369651794434
195,102,33009,550,838,369,198,0.6412128210067749
196,104,18357,106,610,251,371,0.9791966080665588
197,104,21325,617,759,177,233,0.9779773950576782
198,104,3351,326,204,182,188,0.9658048152923584
199,108,22362,591,741,250,412,0.9867161512374878
200,108,25438,145,845,256,256,0.9853137135505676
201,108,2483,599,82,246,478,0.9717311263084412
202,108,12778,94,34,311,533,0.9493244886398315
203,109,19861,641,279,220,170,0.9860133528709412
204,109,25367,581,724,388,489,0.9855404496192932
205,109,3483,147,219,252,222,0.98139888048172
206,109,35206,109,777,302,386,0.9693596959114075
207,110,19861,127,866,219,166,0.9840048551559448
208,110,3483,599,866,260,231,0.9826039671897888
209,110,25367,42,52,378,478,0.9709322452545166
210,110,35206,585,97,283,379,0.9622142910957336
211,112,3544,128,235,208,201,0.9819626212120056
212,112,16551,157,586,307,473,0.9746978282928467
213,112,33009,564,811,372,208,0.8263586759567261
214,113,3544,658,833,215,212,0.9804697632789612
215,113,33009,77,270,364,221,0.9724843502044678
216,113,16551,525,230,313,458,0.9670702219009399
217,114,3544,111,225,204,200,0.9835969805717468
218,114,16551,125,540,312,475,0.9740764498710632
219,114,33009,532,765,381,225,0.9734487533569336
220,115,27733,560,257,300,266,0.9825749397277832
221,115,25367,496,649,421,462,0.9772836565971375
222,115,3483,121,308,275,201,0.9705588221549988
223,115,27777,100,879,269,182,0.4561674892902374
224,118,16688,424,81,429,515,0.9878320097923279
225,118,13900,62,310,231,217,0.9784975051879883
226,118,3351,458,847,189,192,0.9689165353775024
227,119,16688,77,579,462,580,0.9854530692100525
228,119,13900,647,702,233,230,0.9825426340103149
229,119,3351,293,194,187,189,0.9697951674461365
230,120,13900,685,794,233,224,0.9839472770690918
231,120,16688,116,679,461,587,0.9792662262916565
232,120,3351,333,254,187,186,0.9719688296318054
233,122,29667,591,169,219,217,0.986242413520813
234,122,25469,49,787,354,302,0.9844464659690857
235,122,3483,575,812,279,191,0.9825019836425781
236,122,25367,58,95,359,471,0.9714104533195496
237,124,21771,686,884,197,192,0.9776979088783264
238,124,1900,174,282,202,139,0.9726022481918335
239,124,16551,0,765,375,455,0.9696511030197144
240,125,21771,115,203,193,185,0.9826492071151733
241,125,16551,620,32,356,445,0.9758387207984924
242,125,16548,138,869,180,176,0.9729535579681396
243,125,1900,624,890,206,139,0.9581796526908875
244,126,1900,596,858,209,144,0.9773966073989868
245,126,16551,593,27,348,433,0.9768738150596619
246,126,21771,99,196,190,183,0.971609890460968
247,127,3743,138,856,281,285,0.9853546619415283
248,127,2483,640,115,207,472,0.9802512526512146
249,127,22362,621,779,252,425,0.9662688374519348
250,127,12778,134,156,294,540,0.7705339193344116
251,128,2483,650,78,201,491,0.984262228012085
252,128,3743,137,847,274,272,0.9472730755805969
253,128,22362,611,776,246,414,0.9414845705032349
254,128,12778,130,118,300,547,0.3528051972389221
255,129,2483,88,647,194,489,0.9680706262588501
256,129,3743,522,147,267,268,0.9527342915534973
257,129,22362,81,72,251,394,0.9196783900260925
258,129,12778,519,541,292,530,0.2832312285900116
259,130,36637,130,828,194,257,0.9833651185035706
260,130,3483,170,279,264,217,0.9759701490402222
261,130,27777,639,293,174,194,0.9751231670379639
262,130,30308,505,762,471,322,0.9696286916732788
263,132,36637,665,177,188,252,0.9860848188400269
264,132,27777,178,811,176,202,0.9856518507003784
265,132,3483,564,813,267,221,0.9766339659690857
266,132,30308,30,176,456,312,0.972805380821228
267,134,28763,63,812,219,209,0.9877035617828369
268,134,31885,33,6,356,520,0.9809838533401489
269,134,35206,650,142,202,400,0.9727097749710083
270,134,3483,561,811,285,177,0.9724380970001221
271,135,28763,97,854,216,205,0.9864482283592224
272,135,3483,591,844,281,173,0.9796881079673767
273,135,31885,48,17,368,533,0.9765409827232361
274,135,35206,679,150,208,411,0.9687486886978149
275,136,1900,652,852,209,156,0.9783205986022949
276,136,16551,82,656,312,481,0.971846878528595
277,136,33009,568,214,321,290,0.9687927961349487
278,136,12247,134,243,242,234,0.25077494978904724
279,139,3483,576,812,279,192,0.9841791987419128
280,139,25469,49,787,353,303,0.9822264909744263
281,139,31885,1,43,398,506,0.9801576733589172
282,139,35206,588,113,218,388,0.9736766815185547
283,140,31885,15,64,410,514,0.9825150966644287
284,140,25469,88,828,342,302,0.9782779216766357
285,140,3483,603,846,277,188,0.9745415449142456
286,140,35206,613,118,233,405,0.9676865935325623
287,142,16548,593,154,234,227,0.9800825715065002
288,142,1900,583,868,209,141,0.9783671498298645
289,143,16548,620,161,240,226,0.9787403345108032
290,143,1900,610,901,204,135,0.9733238220214844
291,143,25367,93,183,258,231,0.7432935833930969
292,146,16232,152,828,192,193,0.9891180396080017
293,146,31885,556,669,398,533,0.9888082146644592
294,146,27777,639,293,174,195,0.9810177087783813
295,146,3483,168,278,265,214,0.9791349172592163
296,148,20238,120,297,228,222,0.9763941168785095
297,148,3351,402,850,190,192,0.9745882153511047
298,148,19232,503,237,327,255,0.9729457497596741
299,149,19232,96,699,339,268,0.9808534383773804
300,149,3351,346,190,184,187,0.9768592715263367
301,149,20238,594,711,231,228,0.9763092398643494
302,150,20238,634,802,227,222,0.978878378868103
303,150,19232,139,803,333,261,0.9766716957092285
304,150,3351,389,252,183,180,0.9754728674888611
305,151,29451,511,243,406,218,0.9864137768745422
306,151,33208,182,267,207,196,0.981635570526123
307,151,16548,99,820,240,237,0.97898930311203
308,151,1900,644,845,189,190,0.9758753776550293
309,152,29451,36,801,424,224,0.9886705875396729
310,152,33208,583,811,215,205,0.980509877204895
311,152,16548,620,204,231,225,0.9769020676612854
312,152,1900,149,241,181,181,0.9743189811706543
313,153,16548,648,212,239,227,0.9823811650276184
314,153,33208,610,843,214,203,0.9794694185256958
315,153,1900,167,248,183,181,0.9784613251686096
316,153,29451,71,842,417,215,0.977850079536438
317,154,13395,595,681,241,496,0.9826862812042236
318,154,3743,109,806,277,273,0.9810769557952881
319,154,2483,615,51,252,471,0.9724368453025818
320,155,13395,116,85,233,471,0.9882445335388184
321,155,2483,70,695,249,471,0.976875901222229
322,155,3743,548,185,269,268,0.9691554307937622
323,156,2483,603,94,257,453,0.9804854393005371
324,156,13395,601,684,250,505,0.9772137403488159
325,156,3743,110,816,283,284,0.9666651487350464
326,157,25367,108,84,389,457,0.9801297187805176
327,157,3483,536,783,269,220,0.9760530591011047
328,157,16262,572,186,242,231,0.9759644865989685
329,157,27777,144,777,179,204,0.9754155874252319
330,159,27777,177,813,176,201,0.9832573533058167
331,159,25367,124,98,399,465,0.9788444638252258
332,159,3483,564,814,268,221,0.9748046398162842
333,159,16262,603,193,246,232,0.973218560218811
334,160,3544,626,887,215,212,0.982063889503479
335,160,16551,571,266,293,466,0.9771419167518616
336,160,4543,146,917,212,210,0.9708423614501953
337,160,33208,210,319,136,135,0.5643395185470581
338,162,3544,158,177,209,201,0.9820391535758972
339,162,4543,628,145,208,201,0.9665411710739136
340,162,16551,129,535,287,481,0.9060474634170532
341,162,33208,654,856,136,132,0.29234781861305237
342,163,28763,128,174,213,204,0.9882763028144836
343,163,27777,179,812,176,202,0.9876015782356262
344,163,16232,645,252,187,179,0.9797804951667786
345,163,3483,566,813,268,219,0.9765381217002869
346,164,16232,151,828,193,193,0.9881176352500916
347,164,28763,653,892,221,214,0.9870217442512512
348,164,27777,638,292,175,194,0.9809951186180115
349,164,3483,168,277,265,215,0.978931188583374
350,165,28763,111,169,209,197,0.9874544143676758
351,165,16232,616,239,183,182,0.9854604601860046
352,165,3483,537,780,269,219,0.9772132039070129
353,165,27777,145,776,179,204,0.976392388343811
354,170,3743,108,809,281,287,0.9848346710205078
355,170,2483,619,76,232,461,0.9832858443260193
356,170,12081,651,697,247,460,0.9557680487632751
357,170,12778,118,151,311,534,0.8624785542488098
358,170,13395,652,691,244,470,0.3908778727054596
359,172,29667,633,181,222,213,0.9813535213470459
360,172,3483,590,844,281,172,0.9795889258384705
361,172,28763,97,852,216,207,0.8805010914802551
362,172,25367,119,67,330,495,0.6102402806282043
363,173,29667,603,176,218,215,0.9846648573875427
364,173,3483,561,811,285,175,0.9724128842353821
365,173,28763,62,812,219,210,0.9338440299034119
366,173,30308,103,53,319,489,0.5938535928726196
367,174,29667,125,864,231,229,0.9773280620574951
368,174,3483,134,289,275,170,0.9742878675460815
369,174,30308,553,687,335,510,0.8873202204704285
370,175,19861,120,864,220,168,0.9887796640396118
371,175,30308,121,95,282,479,0.9811966419219971
372,175,3483,593,870,258,233,0.9791135191917419
373,175,29667,639,205,223,213,0.9664685726165771
374,176,19861,646,280,220,171,0.9842793941497803
375,176,29667,119,840,231,228,0.9818599820137024
376,176,3483,157,214,247,222,0.9778027534484863
377,176,30308,595,676,282,488,0.953479528427124
378,179,22347,644,834,214,208,0.9869728684425354
379,179,27777,639,292,175,194,0.9823935031890869
380,179,3483,171,273,263,217,0.9772501587867737
381,179,20238,153,850,231,227,0.9728376865386963
382,179,22347,152,850,233,227,0.32287096977233887
383,180,22347,125,228,201,196,0.9884026646614075
384,180,27777,144,777,180,205,0.9787958264350891
385,180,3483,536,782,269,221,0.9765251874923706
386,180,20238,577,190,221,214,0.9630439877510071
387,183,3544,641,876,216,213,0.9809060096740723
388,183,16551,22,694,402,419,0.9734719395637512
389,183,16548,157,260,222,217,0.8047342896461487
390,185,3544,143,172,203,199,0.9839400053024292
391,185,16548,135,738,238,234,0.9781112670898438
392,185,4543,600,145,201,200,0.9676629304885864
393,186,3544,159,177,208,203,0.9798763990402222
394,186,4543,628,144,207,202,0.9740135669708252
395,186,16548,167,781,236,229,0.9714210033416748
396,189,3743,137,856,282,286,0.9842036962509155
397,189,2483,641,114,206,474,0.9779303073883057
398,189,22362,621,779,253,425,0.9659668803215027
399,189,12778,82,117,300,546,0.9609711170196533
400,191,3544,123,181,204,200,0.9842473268508911
401,191,4543,639,153,204,199,0.9796598553657532
402,191,16551,577,569,291,490,0.9764894843101501
403,196,3743,491,123,309,307,0.9797030091285706
404,196,2483,92,666,205,489,0.9740083813667297
405,196,12778,531,503,286,536,0.9624633193016052
406,196,22362,84,113,257,395,0.9317539930343628
407,197,3743,122,828,321,319,0.9895603656768799
408,197,2483,633,55,205,495,0.9811907410621643
409,197,22362,605,729,257,413,0.954122006893158
410,197,12778,108,150,300,540,0.9496583938598633
411,198,3743,122,836,330,333,0.9874858260154724
412,198,2483,626,96,208,471,0.9845444560050964
413,198,22362,612,737,267,419,0.9756500720977783
414,198,12778,113,180,297,544,0.9548166990280151
415,199,29667,630,165,222,215,0.9846065044403076
416,199,27777,175,810,177,202,0.9834340810775757
417,199,30308,38,115,405,405,0.9787039756774902
418,199,3483,562,814,268,220,0.9771768450737
419,200,29667,126,879,233,230,0.980719268321991
420,200,27777,640,294,175,194,0.9795083999633789
421,200,3483,173,279,263,215,0.9778797030448914
422,200,30308,558,732,417,414,0.9758498072624207
423,202,22347,689,868,212,206,0.9830923676490784
424,202,16262,110,836,248,242,0.9823235273361206
425,202,3483,142,290,213,257,0.9791064262390137
426,202,20877,543,294,331,235,0.9750003814697266
427,203,20877,82,725,334,242,0.9827544093132019
428,203,22347,84,198,200,195,0.9802307486534119
429,203,3483,622,719,212,272,0.9788482189178467
430,203,16262,603,188,237,229,0.9777042865753174
431,204,20877,114,767,332,235,0.9813846349716187
432,204,22347,100,206,204,196,0.9795408844947815
433,204,3483,649,751,213,270,0.9788895845413208
434,204,16262,630,194,242,231,0.9773998856544495
435,205,16548,593,121,232,225,0.9848670363426208
436,205,3544,114,163,203,200,0.9824513792991638
437,205,33208,623,853,139,134,0.3911260962486267
438,210,31863,597,875,204,205,0.9853197932243347
439,210,29667,163,750,228,223,0.9780622124671936
440,210,3351,421,245,181,182,0.9727178812026978
441,212,16548,138,869,180,176,0.9741355180740356
442,212,16551,480,136,437,358,0.968424916267395
443,212,1900,624,889,206,139,0.9637500643730164
444,213,1900,596,858,210,144,0.9796827435493469
445,213,16551,455,124,425,352,0.9754712581634521
446,213,16548,105,835,182,180,0.31916117668151855
447,214,33208,588,801,212,206,0.9803189635276794
448,214,1900,142,240,198,128,0.9749705791473389
449,214,16551,566,53,281,465,0.9732506275177002
450,214,27926,93,615,269,483,0.9683051109313965
451,215,1900,158,249,202,126,0.9853277802467346
452,215,33208,615,833,211,205,0.9770500659942627
453,215,16551,594,60,288,482,0.9704253673553467
454,215,27926,129,663,263,479,0.9648109078407288
455,217,3743,119,784,322,322,0.991179883480072
456,217,2483,591,71,243,478,0.98661869764328
457,217,12081,602,714,234,445,0.9695594310760498
458,217,13395,602,706,233,459,0.4651639759540558
459,217,12778,121,116,293,543,0.40249624848365784
460,219,3743,494,163,313,303,0.9854016304016113
461,219,13395,110,102,229,436,0.9796180129051208
462,219,2483,92,672,249,470,0.9715536832809448
463,219,12081,110,110,228,431,0.41880369186401367
464,222,16262,172,770,242,238,0.9765806198120117
465,222,41768,608,741,271,302,0.9758419990539551
466,222,3351,406,204,184,185,0.9700064659118652
467,224,34597,107,86,355,481,0.9867221117019653
468,224,29667,618,173,224,216,0.9865269064903259
469,224,25469,85,829,345,299,0.9783667922019958
470,224,3483,603,846,277,188,0.9767539501190186
471,225,25469,572,188,334,286,0.9834866523742676
472,225,29667,138,871,233,230,0.9763982892036438
473,225,3483,127,273,269,188,0.9709380865097046
474,225,34597,531,667,370,505,0.9573803544044495
475,226,22347,108,229,205,199,0.9923356175422668
476,226,19861,127,865,220,168,0.9821274876594543
477,226,3483,599,866,261,231,0.98170405626297
478,226,20238,645,190,226,216,0.9790751338005066
479,229,3743,535,150,316,306,0.9890267252922058
480,229,13395,97,76,241,466,0.9789751768112183
481,229,2483,50,680,280,461,0.971707820892334
482,231,3743,74,811,332,331,0.9912334084510803
483,231,2483,594,120,286,437,0.975408673286438
484,231,13395,607,695,240,511,0.9324343204498291
485,231,19552,54,140,398,439,0.9102078080177307
486,232,22347,129,233,206,197,0.9902260899543762
487,232,3483,599,798,277,208,0.9834311604499817
488,232,29667,678,191,224,213,0.9819959402084351
489,232,27733,114,775,326,266,0.9703750610351562
490,234,22347,111,222,202,197,0.9914261102676392
491,234,29667,648,184,220,214,0.9867992997169495
492,234,3483,571,767,277,206,0.9787458181381226
493,234,27733,82,732,325,270,0.9602417945861816
494,236,3483,132,287,279,172,0.9730673432350159
495,236,35206,103,687,207,419,0.972247838973999
496,236,28763,617,835,221,212,0.9494896531105042
497,236,28763,680,258,210,195,0.8130555748939514
498,237,28763,143,223,213,199,0.9883553981781006
499,237,28763,64,813,219,209,0.9856070280075073
500,237,35206,650,141,203,401,0.975465714931488
501,237,3483,561,811,287,176,0.9721160531044006
502,238,18357,67,261,303,298,0.9827786087989807
503,238,16262,625,241,242,233,0.9785939455032349
504,238,3351,402,834,188,189,0.9709832668304443
505,241,18147,512,257,312,385,0.9830134510993958
506,241,3351,410,913,191,191,0.972431480884552
507,241,20238,129,326,228,220,0.9710786938667297
508,243,20238,622,769,230,225,0.9842564463615417
509,243,3351,379,185,185,184,0.9743582606315613
510,243,18147,143,646,314,405,0.973150372505188
511,244,3544,128,169,208,201,0.9803332686424255
512,244,16551,581,6,285,481,0.9732845425605774
513,244,27926,198,716,217,361,0.4212137460708618
514,244,33208,650,883,137,133,0.36868444085121155
515,247,3743,122,837,328,332,0.9911991953849792
516,247,2483,623,102,210,466,0.9844644665718079
517,247,22362,611,737,267,418,0.971985399723053
518,247,19552,59,141,337,493,0.9449521899223328
519,248,3743,121,828,321,318,0.9832173585891724
520,248,2483,629,60,209,491,0.9804298877716064
521,248,22362,604,731,257,411,0.9500846266746521
522,248,19552,53,103,342,504,0.8509130477905273
523,249,3743,491,125,311,305,0.9828159213066101
524,249,2483,90,667,211,487,0.9715359807014465
525,249,22362,83,115,258,394,0.9282309412956238
526,249,19552,562,600,337,492,0.8586952090263367
527,250,18357,543,232,244,352,0.9804992079734802
528,250,29667,130,206,227,223,0.9735327959060669
529,250,3351,379,849,187,190,0.9659591913223267
530,251,29667,585,795,234,233,0.9789056777954102
531,251,18357,139,598,250,372,0.9770441651344299
532,251,3351,370,179,182,187,0.9730263352394104
533,252,3351,412,239,182,182,0.9770742058753967
534,252,29667,624,886,228,222,0.9762638807296753
535,252,18357,184,692,243,373,0.970488429069519
536,253,33880,453,249,435,296,0.9840549826622009
537,253,35206,55,257,422,219,0.9783687591552734
538,253,3351,446,850,189,190,0.969940721988678
539,256,25438,543,179,246,252,0.9876262545585632
540,256,19552,495,659,321,496,0.9609937071800232
541,256,2483,60,671,212,486,0.957778811454773
542,256,12081,110,90,236,468,0.7451795339584351
543,256,13395,110,88,236,472,0.6837301254272461
544,259,41768,108,284,276,290,0.9792272448539734
545,259,3351,385,895,187,189,0.9704288244247437
546,259,20238,609,278,218,218,0.9661865830421448
547,262,29667,603,176,219,215,0.9845440983772278
548,262,28763,63,812,219,209,0.9798281788825989
549,262,3483,561,811,284,175,0.9721714854240417
550,262,34597,79,37,329,493,0.8858884572982788
551,264,29667,125,864,231,229,0.9766380786895752
552,264,3483,133,289,276,170,0.9705604314804077
553,264,34597,567,682,345,516,0.7143042683601379
554,265,25367,598,671,378,486,0.985754132270813
555,265,16232,142,846,196,192,0.983272135257721
556,265,3483,131,289,279,171,0.9785188436508179
557,266,16232,649,231,192,180,0.9879403114318848
558,266,3483,590,844,282,174,0.977725625038147
559,266,25367,19,110,383,472,0.9718838930130005
560,266,28763,97,853,216,207,0.9703119993209839
561,271,22347,106,188,199,195,0.9832276105880737
562,271,20877,84,725,333,242,0.9819834232330322
563,271,3483,624,716,212,274,0.9751601815223694
564,271,35206,632,164,215,394,0.9701882004737854
565,273,22347,667,877,212,208,0.9751797318458557
566,273,35206,98,672,235,408,0.9750608205795288
567,273,3483,140,289,215,260,0.9745311141014099
568,273,20877,543,294,331,235,0.9744588136672974
569,274,3351,422,891,187,190,0.9648770093917847
570,274,21325,206,326,149,234,0.9645193219184875
571,274,20014,578,259,340,316,0.962648332118988
572,275,3351,328,149,184,189,0.9731812477111816
573,275,20014,6,647,352,341,0.970361590385437
574,275,21325,583,664,151,245,0.9668212532997131
575,277,19861,127,866,219,167,0.9855152368545532
576,277,3483,599,866,261,231,0.9833749532699585
577,277,25367,76,94,407,409,0.9754815697669983
578,277,20877,618,197,267,155,0.3434152603149414
579,278,19861,640,279,221,171,0.9822960495948792
580,278,3483,148,219,251,224,0.9814597368240356
581,278,36637,96,905,272,166,0.968579113483429
582,278,25367,518,748,408,420,0.7576424479484558
583,280,3832,435,273,392,354,0.9847725629806519
584,280,16232,135,291,188,192,0.9839195609092712
585,280,3351,411,867,187,191,0.9702337384223938
586,286,3483,535,783,269,220,0.9771153926849365
587,286,27777,144,777,180,204,0.9758709073066711
588,286,30308,33,114,367,411,0.9755167365074158
589,286,16262,573,186,240,232,0.9733235836029053
590,287,27777,640,292,174,195,0.9806108474731445
591,287,16262,138,835,249,243,0.9803316593170166
592,287,3483,170,276,264,217,0.9754449129104614
593,287,30308,575,702,393,429,0.9705853462219238
594,288,27777,177,812,176,202,0.9850680232048035
595,288,16262,603,193,243,234,0.9758683443069458
596,288,3483,564,815,268,220,0.9751810431480408
597,288,30308,44,127,382,423,0.974298894405365
598,289,22362,592,740,248,412,0.9858442544937134
599,289,25438,145,844,256,256,0.9834465384483337
600,289,2483,598,83,247,476,0.972590982913971
601,289,12778,84,36,293,555,0.6254487633705139
602,291,25438,535,176,245,251,0.9891084432601929
603,291,22362,99,103,255,396,0.9751355051994324
604,291,2483,77,661,262,475,0.9736533761024475
605,291,12778,569,619,283,529,0.46481308341026306
606,292,25438,547,178,246,251,0.990029513835907
607,292,2483,69,667,203,488,0.9584366083145142
608,292,12778,543,598,316,505,0.9540543556213379
609,292,12081,113,88,231,467,0.8408007025718689
610,292,13395,114,84,231,473,0.7946944832801819
611,295,16232,641,297,195,190,0.9804000854492188
612,295,20014,125,192,337,315,0.9662864208221436
613,295,3351,414,864,189,189,0.9635127782821655
614,298,33208,153,234,209,196,0.9796234965324402
615,298,16548,162,776,239,235,0.979353666305542
616,298,1900,684,879,210,131,0.9786171317100525
617,299,16548,561,245,232,227,0.9807383418083191
618,299,1900,88,260,200,127,0.977238118648529
619,299,33208,612,846,213,207,0.9767598509788513
620,299,19232,135,645,263,452,0.9152279496192932
621,302,19232,98,635,278,326,0.9774513840675354
622,302,36637,571,713,234,227,0.9773826003074646
623,302,3351,309,160,187,188,0.9772273898124695
624,304,13395,595,704,233,465,0.993242084980011
625,304,2483,623,75,194,465,0.982377827167511
626,304,3743,131,811,331,331,0.9747641682624817
627,304,12778,100,131,314,502,0.43251439929008484
628,308,41768,563,605,276,299,0.9866563081741333
629,308,36637,118,711,190,264,0.9742324352264404
630,308,3351,289,204,186,192,0.968255341053009
631,310,12247,616,321,176,185,0.9782580733299255
632,310,4543,138,866,214,213,0.9747217297554016
633,310,3544,653,890,216,214,0.9739298820495605
634,310,16551,102,149,317,447,0.9722784161567688
635,313,34597,19,25,440,408,0.9964542388916016
636,313,20877,39,754,328,253,0.9863371253013611
637,313,3483,620,723,212,271,0.9823920130729675
638,313,29667,595,180,220,217,0.9811850190162659
639,315,34597,509,784,467,422,0.9933366775512695
640,315,3483,143,289,213,256,0.9799946546554565
641,315,29667,134,860,230,227,0.978563129901886
642,315,20877,593,258,325,244,0.9638631343841553
643,316,16548,168,791,237,229,0.9867812991142273
644,316,3544,128,234,208,202,0.9845260381698608
645,316,33009,565,812,371,208,0.7033495306968689
646,316,16548,633,198,224,217,0.2520520091056824
647,317,16548,591,283,232,224,0.9864155650138855
648,317,3544,658,832,215,212,0.9848041534423828
649,317,33009,76,268,365,220,0.9728299975395203
650,320,28763,135,194,212,201,0.9902181029319763
651,320,20877,85,725,332,242,0.9847737550735474
652,320,3483,624,717,211,272,0.9773953557014465
653,320,35206,633,164,215,394,0.9754586815834045
654,323,36637,149,801,197,256,0.985094428062439
655,323,22347,655,875,215,210,0.9821630120277405
656,323,3483,131,287,279,172,0.9771507978439331
657,323,28763,679,257,210,194,0.6374637484550476
658,324,36637,642,208,192,249,0.9865753054618835
659,324,22347,132,196,207,196,0.9865358471870422
660,324,28763,98,854,217,207,0.9844189286231995
661,324,3483,591,844,282,173,0.9782910346984863
662,325,31885,505,703,403,529,0.9881463050842285
663,325,27777,640,292,175,194,0.9835122227668762
664,325,16262,138,836,250,242,0.9808618426322937
665,325,3483,171,276,262,215,0.9783851504325867
666,327,27777,177,812,177,202,0.985633909702301
667,327,31885,90,20,406,516,0.9822458028793335
668,327,3483,564,814,267,220,0.9760965704917908
669,327,16262,602,193,242,232,0.9737156629562378
670,328,31885,519,645,374,535,0.9918208122253418
671,328,27733,561,258,299,264,0.9791050553321838
672,328,3483,122,307,273,200,0.9703720211982727
673,328,27777,101,880,268,181,0.44448423385620117
674,328,20877,102,879,267,182,0.3005334436893463
675,332,3544,126,141,202,199,0.9817199110984802
676,332,16551,564,537,287,491,0.9744297862052917
677,332,4543,82,823,190,185,0.9721197485923767
678,332,4543,589,167,204,199,0.9683127999305725
679,334,22347,147,224,201,195,0.9864566326141357
680,334,16232,628,221,187,183,0.9852031469345093
681,334,20877,84,724,333,242,0.9847832322120667
682,334,3483,624,718,211,272,0.9765952229499817
683,335,16232,135,847,194,190,0.9866346120834351
684,335,20877,543,294,330,235,0.9793553948402405
685,335,3483,141,291,215,258,0.9778022766113281
686,335,22347,623,841,209,205,0.9767500758171082
687,336,16232,657,232,191,178,0.9871039986610413
688,336,22347,165,233,204,197,0.98564213514328
689,336,20877,116,767,332,234,0.9849957823753357
690,336,3483,651,749,213,272,0.9784597158432007
691,337,22347,641,836,214,208,0.9815647006034851
692,337,25469,571,186,334,286,0.9801064729690552
693,337,3483,127,271,270,189,0.9686359167098999
694,337,36637,130,828,184,264,0.9540499448776245
695,338,22347,128,225,200,197,0.9859606027603149
696,338,36637,643,168,173,251,0.985544741153717
697,338,25469,50,787,352,302,0.9850528836250305
698,338,3483,575,813,280,191,0.9820207953453064
699,339,36637,674,169,178,257,0.9878239631652832
700,339,22347,145,235,206,198,0.9839576482772827
701,339,25469,87,829,342,300,0.9777231812477112
702,339,3483,602,845,278,189,0.9746750593185425
703,340,34597,40,86,383,469,0.9914156794548035
704,340,20238,576,191,223,214,0.9851363897323608
705,340,3483,537,784,268,219,0.9779835343360901
706,340,27777,144,778,179,203,0.97227942943573
707,341,34597,52,113,392,466,0.987579882144928
708,341,27777,178,814,176,201,0.9855093359947205
709,341,20238,603,195,229,217,0.9765123128890991
710,341,3483,565,815,268,220,0.9757983684539795
711,344,27777,177,813,177,201,0.9840153455734253
712,344,28763,156,194,210,204,0.9816152453422546
713,344,16262,603,192,245,233,0.9791474938392639
714,344,3483,564,814,268,220,0.9759848117828369
715,345,16262,574,187,240,229,0.9790112376213074
716,345,27777,144,777,180,204,0.9768218398094177
717,345,3483,536,783,269,220,0.9759460687637329
718,345,28763,138,187,207,199,0.9745917916297913
719,346,27777,179,812,176,202,0.9878944754600525
720,346,16232,645,252,186,179,0.9795253276824951
721,346,3483,566,813,268,218,0.9743278622627258
722,346,25367,142,56,331,496,0.642207682132721
723,347,3483,537,780,269,221,0.9769682288169861
724,347,16232,616,240,182,182,0.9765985012054443
725,347,27777,145,776,179,204,0.9762548208236694
726,347,25367,128,45,323,485,0.7722835540771484
727,349,34597,6,128,435,428,0.9913027286529541
728,349,27777,180,812,174,201,0.9873425960540771
729,349,3483,566,812,267,219,0.9750356674194336
730,349,35206,616,139,225,406,0.9571784138679504
731,352,19552,110,181,329,478,0.986241340637207
732,352,3743,139,857,281,285,0.9835299849510193
733,352,2483,639,120,211,467,0.977369487285614
734,352,22362,622,779,252,424,0.970919668674469
735,355,3743,550,187,268,271,0.9924505352973938
736,355,2483,53,706,250,474,0.9812532067298889
737,355,13395,67,118,234,440,0.9686844944953918
738,355,12081,69,124,232,432,0.3993455469608307
739,356,3743,107,799,276,275,0.9864707589149475
740,356,2483,630,37,236,478,0.9801905751228333
741,356,12081,644,690,235,447,0.9647799134254456
742,356,13395,643,683,235,460,0.7612394094467163
743,359,27777,176,810,177,201,0.98580002784729
744,359,29667,631,165,221,215,0.9831699132919312
745,359,3483,563,814,267,219,0.9767955541610718
746,359,31885,81,41,362,532,0.9652952551841736
747,361,18147,212,165,217,416,0.9774192571640015
748,361,16262,645,288,242,236,0.9745385050773621
749,361,3351,429,882,190,191,0.9722374677658081
750,364,32310,583,166,250,346,0.9789052605628967
751,364,35206,103,254,347,324,0.9753308296203613
752,364,3351,407,855,190,193,0.9653843641281128
753,372,34597,16,145,445,412,0.9915964007377625
754,372,25469,47,856,380,221,0.9779351949691772
755,372,3483,602,846,280,189,0.9768450260162354
756,372,16262,573,194,244,233,0.9725522994995117
757,374,29667,624,187,223,215,0.98633873462677
758,374,3483,648,754,212,269,0.9802044034004211
759,374,20877,73,795,324,246,0.9784401655197144
760,374,25367,102,36,401,464,0.9714694023132324
761,379,16688,455,152,488,472,0.9840148091316223
762,379,3351,465,859,189,192,0.9679108262062073
763,379,22074,137,313,209,210,0.9349173903465271
764,379,31863,136,314,209,209,0.5083429217338562
765,380,16688,0,548,502,522,0.9808792471885681
766,380,3351,284,179,189,193,0.9712154269218445
767,380,31863,594,714,216,218,0.6433840394020081
768,382,3743,73,811,332,331,0.9922866821289062
769,382,2483,595,120,287,438,0.9764295816421509
770,382,13395,608,696,239,511,0.9414229989051819
771,382,19552,96,127,379,458,0.6902957558631897
772,382,12778,88,130,386,482,0.676349401473999
773,384,3743,73,800,327,321,0.975735068321228
774,384,13395,596,695,243,500,0.9739552140235901
775,384,2483,606,81,278,455,0.9729102253913879
776,384,12778,80,84,394,481,0.729804277420044
777,384,19552,92,86,383,464,0.6006864309310913
778,387,31885,495,654,416,519,0.9863623976707458
779,387,3483,131,289,278,170,0.9775115251541138
780,387,28763,679,258,210,195,0.9633930325508118
781,387,16262,134,868,231,227,0.9054434895515442
782,387,20238,135,867,229,227,0.37987878918647766
783,389,34597,31,125,431,423,0.9966429471969604
784,389,20877,84,724,333,243,0.9849886894226074
785,389,3483,623,720,212,271,0.9793477654457092
786,389,16262,602,187,238,229,0.9781309962272644
787,390,34597,43,155,443,418,0.9942670464515686
788,390,20877,116,767,331,234,0.9827970266342163
789,390,3483,651,749,213,271,0.9800862073898315
790,390,16262,630,193,244,232,0.9752101898193359
791,392,1900,188,275,201,135,0.9807013869285583
792,392,33208,657,901,219,209,0.9797210693359375
793,392,16551,109,701,299,496,0.9724302291870117
794,392,21771,686,276,176,171,0.27265501022338867
795,393,33208,109,160,208,196,0.9770908355712891
796,393,16551,558,49,281,467,0.971325159072876
797,393,1900,582,868,209,142,0.9669779539108276
798,393,16548,92,832,181,180,0.8702630400657654
799,394,20238,139,848,233,227,0.9857380390167236
800,394,28763,608,855,220,212,0.9822468161582947
801,394,3483,126,272,270,188,0.9702343344688416
802,394,25469,572,230,373,221,0.9623545408248901
803,395,20238,618,195,226,217,0.9818534255027771
804,395,3483,603,845,278,189,0.9770631790161133
805,395,28763,173,208,213,205,0.976545512676239
806,395,25469,47,857,378,220,0.9761509895324707
807,396,28763,154,200,210,200,0.9838787317276001
808,396,20238,589,190,221,213,0.983444333076477
809,396,25469,10,813,387,221,0.9802016615867615
810,396,3483,575,812,281,192,0.9790215492248535
811,400,16548,604,124,231,226,0.9837914705276489
812,400,1900,134,245,195,157,0.981600284576416
813,400,33208,613,771,215,206,0.9792032241821289
814,400,33009,15,776,371,236,0.8737202286720276
815,401,33208,150,296,209,197,0.9806486964225769
816,401,1900,641,857,207,167,0.9785903692245483
817,401,33009,586,242,360,236,0.9782097935676575
818,401,16548,113,899,240,239,0.9779559373855591
819,404,35206,437,697,420,239,0.9782379865646362
820,404,3351,358,144,185,191,0.9739381074905396
821,404,18147,18,588,285,420,0.9700530171394348
822,409,1900,135,245,190,165,0.9759101867675781
823,409,33009,516,793,389,210,0.9753678441047668
824,409,16551,8,730,464,322,0.9003919959068298
825,409,25367,537,126,380,289,0.7014199495315552
826,411,33009,88,257,367,211,0.9788323640823364
827,411,1900,645,853,202,177,0.976876437664032
828,411,16551,496,200,451,310,0.9562763571739197
829,412,2483,622,75,226,462,0.9797441959381104
830,412,3743,107,808,282,287,0.9729204773902893
831,412,19552,108,191,316,493,0.9710872173309326
832,412,12081,651,697,246,459,0.9434530138969421
833,412,13395,652,691,243,469,0.6087271571159363
834,413,3743,107,800,275,275,0.9864898920059204
835,413,2483,626,35,244,479,0.978342592716217
836,413,12081,643,686,237,452,0.9669885039329529
837,413,19552,106,153,324,501,0.9355999827384949
838,413,13395,642,683,237,462,0.5967916250228882
839,414,3743,550,188,268,271,0.9896988272666931
840,414,2483,51,706,256,472,0.9813810586929321
841,414,19552,517,555,309,490,0.9126191139221191
842,414,13395,67,120,235,438,0.8949183225631714
843,414,12081,67,124,235,432,0.784617006778717
844,415,19861,127,865,219,167,0.9814029932022095
845,415,16262,639,178,243,230,0.9812529683113098
846,415,31885,98,88,327,543,0.9811708927154541
847,415,3483,599,866,260,230,0.981083333492279
848,416,16262,609,172,237,228,0.9804348945617676
849,416,31885,80,71,318,532,0.979814350605011
850,416,3483,574,836,262,232,0.9740134477615356
851,416,19861,92,827,226,177,0.971259593963623
852,417,16262,101,852,247,241,0.9826706051826477
853,417,3483,148,219,252,222,0.9825133085250854
854,417,31885,573,609,324,559,0.9798713326454163
855,417,19861,640,279,220,170,0.9797273874282837
856,419,25367,542,737,434,442,0.9857511520385742
857,419,20238,113,855,231,226,0.9787725210189819
858,419,27733,565,262,301,267,0.9747142195701599
859,419,3483,121,305,275,203,0.9729335904121399
860,420,20238,614,187,221,213,0.9800406694412231
861,420,3483,580,759,274,210,0.9790858626365662
862,420,25367,6,74,427,421,0.9717437624931335
863,420,27733,89,727,318,280,0.9710515141487122
864,422,19861,642,280,219,171,0.9835572242736816
865,422,3483,150,218,250,222,0.9831624031066895
866,422,36637,97,904,272,166,0.9602659940719604
867,422,34597,564,702,340,511,0.8105893135070801
868,423,19861,91,826,225,177,0.9771845936775208
869,423,3483,571,837,263,232,0.973917543888092
870,423,34597,84,20,334,492,0.8269778490066528
871,423,36637,591,194,260,155,0.7694143652915955
872,429,34597,75,153,481,353,0.9929049611091614
873,429,29667,667,180,225,215,0.9813186526298523
874,429,3483,611,790,273,209,0.9802483916282654
875,429,27733,128,775,318,275,0.9725120663642883
876,430,3544,182,198,204,200,0.9876634478569031
877,430,4543,612,155,204,199,0.9784236550331116
878,430,16551,71,612,403,408,0.9234640598297119
879,431,3544,199,206,210,202,0.9838502407073975
880,431,4543,640,155,209,201,0.9785608053207397
881,431,16551,105,661,399,401,0.9712438583374023
882,432,3544,583,857,215,214,0.9816027283668518
883,432,4543,133,905,213,212,0.9751958250999451
884,432,16551,491,225,397,391,0.9654050469398499
885,433,16232,620,179,186,183,0.9824842810630798
886,433,3483,580,760,274,210,0.9782034158706665
887,433,27733,89,727,315,281,0.9703017473220825
888,433,30308,96,106,347,425,0.9633697867393494
889,434,16232,140,893,198,192,0.985395073890686
890,434,27733,565,261,300,267,0.9735562801361084
891,434,30308,537,693,365,450,0.9729663133621216
892,434,3483,123,306,273,203,0.9677246809005737
893,435,16232,649,185,193,179,0.9863448143005371
894,435,3483,609,790,272,212,0.981787919998169
895,435,27733,122,768,316,276,0.9791046380996704
896,435,30308,110,119,359,440,0.9746881723403931
897,436,31885,36,129,444,487,0.9819039702415466
898,436,20238,618,196,224,216,0.9804956316947937
899,436,25469,47,857,377,220,0.9777553677558899
900,436,3483,603,846,278,188,0.9761621952056885
901,443,25438,568,188,245,251,0.9870800375938416
902,443,2483,82,676,249,477,0.9727542996406555
903,443,12778,534,685,345,483,0.8508970141410828
904,443,12081,75,102,224,434,0.6541863679885864
905,443,19552,536,686,343,474,0.5296388268470764
906,443,13395,74,104,227,433,0.508875846862793
907,444,25438,114,842,259,267,0.9853833913803101
908,444,2483,594,106,256,458,0.972875714302063
909,444,12081,648,707,223,464,0.9072020649909973
910,444,12778,73,87,342,473,0.9005094170570374
911,449,34597,47,133,374,476,0.9858047366142273
912,449,16262,619,182,246,233,0.982481837272644
913,449,3483,591,844,282,172,0.9803275465965271
914,449,28763,97,853,216,207,0.9731085300445557
915,452,29451,513,242,405,220,0.9850120544433594
916,452,16551,139,637,307,485,0.9776971340179443
917,452,12247,174,233,197,263,0.9177599549293518
918,452,1900,643,845,190,191,0.44725301861763
919,454,13395,130,85,230,471,0.9920732378959656
920,454,3743,562,194,268,267,0.9883490800857544
921,454,2483,104,710,222,482,0.9750127792358398
922,454,12778,493,595,296,523,0.27876347303390503
923,455,13395,584,679,237,499,0.9886754751205444
924,455,2483,601,27,216,480,0.9864397644996643
925,455,3743,94,794,278,274,0.9120495915412903
926,455,12778,137,79,300,544,0.6272883415222168
927,456,13395,590,683,247,505,0.9868785738945007
928,456,2483,595,65,207,467,0.9776471853256226
929,456,3743,95,806,283,282,0.9686102271080017
930,456,12778,140,115,295,531,0.8707088828086853
931,457,3743,136,834,276,273,0.9921702742576599
932,457,13395,631,673,235,503,0.9901974201202393
933,457,2483,637,65,224,487,0.9809877872467041
934,457,12778,102,145,294,549,0.5456912517547607
935,458,13395,638,674,248,516,0.9906721711158752
936,458,3743,136,844,283,285,0.9826589822769165
937,458,2483,625,100,232,471,0.9719905853271484
938,458,12778,103,174,293,548,0.7709370255470276
939,459,13395,84,85,228,479,0.9943904280662537
940,459,2483,88,666,214,485,0.9727092981338501
941,459,3743,523,160,269,268,0.947973370552063
942,460,3743,491,124,309,305,0.98478102684021
943,460,2483,98,663,198,491,0.9761364459991455
944,460,22362,83,113,259,395,0.9245522022247314
945,462,3743,122,836,329,332,0.9875154495239258
946,462,2483,629,102,207,469,0.9857855439186096
947,462,22362,612,736,268,420,0.9756335020065308
948,463,28763,626,874,218,213,0.990627646446228
949,463,3483,129,288,280,171,0.9772524237632751
950,463,16262,133,869,233,226,0.8850129842758179
951,463,20238,133,868,232,227,0.7614368200302124
952,463,28763,678,257,211,195,0.6463074684143066
953,464,20238,595,173,222,211,0.9812275767326355
954,464,28763,66,814,217,209,0.9803418517112732
955,464,3483,564,811,285,175,0.9734843373298645
956,464,28763,138,184,208,201,0.9629167318344116
957,465,28763,100,854,216,207,0.9795785546302795
958,465,3483,592,843,282,173,0.9794346690177917
959,465,28763,155,193,213,202,0.9788715243339539
960,465,20238,623,176,228,216,0.9780617952346802
961,465,16262,621,176,231,216,0.45455682277679443
962,468,25438,157,872,260,269,0.9795653820037842
963,468,2483,599,113,201,471,0.9776558876037598
964,468,22362,606,745,262,421,0.9739462733268738
965,468,12778,104,118,319,507,0.30810707807540894
966,469,28763,149,222,216,201,0.989230215549469
967,469,3483,610,790,273,211,0.9811865091323853
968,469,27733,123,768,316,276,0.9780053496360779
969,469,35206,604,125,251,392,0.958071231842041
970,472,3544,150,190,209,201,0.9843399524688721
971,472,16548,626,147,239,227,0.9807315468788147
972,472,33009,631,851,221,136,0.8634198904037476
973,474,3544,635,875,216,214,0.982602596282959
974,474,16548,119,880,239,238,0.9763033390045166
975,474,33009,152,307,219,148,0.8063036203384399
976,475,19552,83,140,319,490,0.9876469373703003
977,475,25438,128,823,257,267,0.9842414259910583
978,475,2483,592,88,213,465,0.9738465547561646
979,475,12081,596,718,240,506,0.89463210105896
980,477,25438,125,813,253,257,0.9903621673583984
981,477,19552,81,104,319,491,0.9874314069747925
982,477,2483,598,44,220,487,0.9819821715354919
983,477,12081,584,715,240,497,0.8492366075515747
984,477,13395,584,711,239,506,0.5736252069473267
985,479,25367,66,85,368,468,0.9789639711380005
986,479,3483,535,780,269,220,0.9770558476448059
987,479,27777,145,776,178,203,0.9755532741546631
988,479,36637,636,176,181,245,0.9755213856697083
989,481,13395,638,674,245,515,0.9915105700492859
990,481,3743,136,843,282,285,0.9832260012626648
991,481,2483,625,101,231,468,0.9766284823417664
992,481,12778,70,107,319,501,0.416411429643631
993,482,13395,83,85,229,479,0.993514895439148
994,482,2483,89,666,211,485,0.9719237685203552
995,482,3743,523,160,269,268,0.9285518527030945
996,482,12778,557,637,313,505,0.6024275422096252
997,484,16688,483,122,411,525,0.9793696999549866
998,484,3351,421,895,191,192,0.9705243706703186
999,484,32310,23,328,291,326,0.9660946130752563
1000,485,16688,35,518,441,588,0.9753103256225586
1001,485,3351,327,147,186,188,0.9701113104820251
1002,485,32310,619,534,295,349,0.9476794004440308
1003,486,3351,369,206,186,184,0.976155161857605
1004,486,16688,76,619,434,596,0.9751548767089844
1005,486,32310,658,631,298,349,0.9702558517456055
1006,487,16232,649,185,193,179,0.9865573048591614
1007,487,3483,609,791,272,211,0.9821195602416992
1008,487,31885,93,40,407,516,0.9777307510375977
1009,487,27733,122,769,315,274,0.9766146540641785
1010,493,16548,126,885,240,237,0.9783505201339722
1011,493,1900,186,292,198,154,0.9731386303901672
1012,493,19607,684,901,165,161,0.9731326699256897
1013,494,16548,593,138,231,224,0.9761468768119812
1014,494,19607,137,214,153,149,0.9732235670089722
1015,494,1900,588,828,204,163,0.9698963165283203
1016,494,16548,93,833,180,179,0.4352518618106842
1017,496,3832,493,178,379,366,0.9813920855522156
1018,496,36637,164,292,189,251,0.978563129901886
1019,496,3351,395,871,187,191,0.9622454047203064
1020,497,3832,56,652,388,381,0.9830843806266785
1021,497,36637,588,670,192,257,0.9819259643554688
1022,497,3351,357,160,179,184,0.9574482440948486
1023,499,25367,527,729,437,457,0.9847866892814636
1024,499,3483,126,273,270,189,0.9719712734222412
1025,499,16262,166,833,250,244,0.9691122174263
1026,499,25469,571,231,375,223,0.9603500962257385
1027,500,25469,10,813,388,222,0.9813278317451477
1028,500,25367,37,67,406,435,0.9750944375991821
1029,500,3483,575,811,282,193,0.9746041297912598
1030,500,16262,545,187,240,231,0.9708921313285828
1031,501,25367,48,80,420,442,0.9816052317619324
1032,501,25469,46,857,381,221,0.9804732799530029
1033,501,3483,602,845,280,189,0.9762800335884094
1034,501,16262,573,194,244,233,0.9709981083869934
1035,502,30308,550,728,412,416,0.975196123123169
1036,502,20238,139,848,233,228,0.9680546522140503
1037,502,3483,124,273,272,189,0.9652063250541687
1038,502,25469,572,231,373,222,0.9619516730308533
1039,503,30308,41,99,384,399,0.9841203093528748
1040,503,25469,11,813,387,222,0.9820513725280762
1041,503,20238,588,190,222,214,0.980407178401947
1042,503,3483,575,812,280,192,0.9780755639076233
1043,506,31863,82,698,209,212,0.9853057265281677
1044,506,38162,534,632,197,303,0.985094428062439
1045,506,3351,353,141,182,187,0.9735238552093506
1046,507,38162,575,728,192,293,0.9865266680717468
1047,507,31863,125,784,205,206,0.9828205108642578
1048,507,3351,395,198,182,181,0.9740473628044128
1049,508,22074,166,260,189,190,0.9812435507774353
1050,508,18147,540,238,337,354,0.9763131141662598
1051,508,3351,419,871,190,192,0.9691718816757202
1052,509,22074,588,778,191,196,0.9870796799659729
1053,509,18147,45,604,352,382,0.9777204990386963
1054,509,3351,329,166,184,190,0.9691157937049866
1055,511,25367,575,749,393,489,0.9847687482833862
1056,511,19861,642,280,220,171,0.9840359091758728
1057,511,3483,150,217,251,224,0.9819855690002441
1058,511,36637,97,904,271,166,0.9577363729476929
1059,515,27777,179,812,175,202,0.9863795638084412
1060,515,30308,92,183,427,370,0.9791127443313599
1061,515,3483,565,812,268,220,0.975159764289856
1062,515,35206,611,139,230,406,0.9551722407341003
1063,516,27777,639,293,173,195,0.9841576814651489
1064,516,30308,476,702,442,376,0.9746092557907104
1065,516,35206,140,708,242,410,0.9742684364318848
1066,516,3483,169,278,264,217,0.9738538861274719
1067,517,36637,643,208,191,249,0.9887039065361023
1068,517,28763,98,854,216,206,0.9865114688873291
1069,517,31885,20,13,381,527,0.9829668998718262
1070,517,3483,591,844,281,173,0.9796903133392334
1071,518,28763,64,813,217,209,0.9852531552314758
1072,518,36637,614,204,186,244,0.9838036298751831
1073,518,3483,562,812,285,175,0.9731475710868835
1074,518,31885,11,2,367,517,0.9678488373756409
1075,519,31885,597,700,379,537,0.9882113337516785
1076,519,36637,151,801,195,254,0.9840907454490662
1077,519,3483,131,289,279,171,0.9777461290359497
1078,519,28763,679,258,210,194,0.9365413188934326
1079,520,28763,615,906,222,214,0.9890941977500916
1080,520,27777,640,294,175,194,0.9824804663658142
1081,520,29667,127,879,232,230,0.9806667566299438
1082,520,3483,174,277,261,214,0.9779828786849976
1083,521,28763,147,154,211,200,0.9875255823135376
1084,521,29667,601,160,219,215,0.9828625321388245
1085,521,3483,535,781,269,220,0.9786800146102905
1086,521,27777,143,774,180,205,0.9748645424842834
1087,522,27777,176,810,178,203,0.9852521419525146
1088,522,29667,631,164,222,214,0.9836402535438538
1089,522,3483,563,813,268,221,0.9774385094642639
1090,522,28763,163,158,217,205,0.9757241606712341
1091,525,28763,637,865,220,214,0.9908021092414856
1092,525,16232,139,892,200,193,0.9848288893699646
1093,525,27733,565,262,302,265,0.9760279655456543
1094,525,3483,121,305,276,202,0.9705848693847656
1095,526,16262,101,851,248,242,0.9855685830116272
1096,526,19861,640,278,220,171,0.9833593368530273
1097,526,3483,148,219,251,223,0.980461835861206
1098,526,30308,550,708,307,477,0.9766051173210144
1099,527,19861,127,865,219,167,0.984931468963623
1100,527,30308,141,74,309,465,0.9849145412445068
1101,527,3483,599,865,260,232,0.9804412126541138
1102,527,16262,637,176,247,234,0.9747228622436523
1103,528,16262,609,172,239,229,0.9787194132804871
1104,528,19861,93,826,224,177,0.9757179021835327
1105,528,3483,574,836,262,232,0.9697157740592957
1106,528,30308,129,66,296,446,0.968871533870697
1107,529,22347,107,241,204,198,0.9864529967308044
1108,529,25469,47,857,378,220,0.9780916571617126
1109,529,3483,603,845,279,190,0.9766679406166077
1110,529,20238,618,196,225,216,0.9686331152915955
1111,530,22347,681,831,211,207,0.9713832139968872
1112,530,3483,127,271,269,189,0.9689303040504456
1113,530,25469,572,231,373,221,0.9674235582351685
1114,530,20238,139,848,233,228,0.949416995048523
1115,531,22347,90,230,202,196,0.9881614446640015
1116,531,25469,10,813,388,221,0.9816539287567139
1117,531,20238,590,191,220,213,0.9789968729019165
1118,531,3483,575,812,281,192,0.978166937828064
1119,532,19552,120,117,380,424,0.9933913946151733
1120,532,3743,74,812,332,330,0.9930847883224487
1121,532,2483,594,120,287,438,0.9750739336013794
1122,532,13395,609,696,238,511,0.9643582105636597
1123,533,19552,117,76,389,429,0.9891175627708435
1124,533,2483,605,81,279,455,0.9751707315444946
1125,533,3743,74,801,325,321,0.9747986197471619
1126,533,13395,597,695,241,500,0.9683910608291626
1127,534,19552,450,701,392,431,0.9912998080253601
1128,534,3743,535,149,316,306,0.9883717894554138
1129,534,13395,96,73,242,469,0.9766354560852051
1130,534,2483,50,678,281,462,0.9752568006515503
1131,535,36637,673,171,177,255,0.9863466620445251
1132,535,31885,81,139,404,510,0.984208881855011
1133,535,25469,87,830,342,299,0.9799795150756836
1134,535,3483,603,847,276,187,0.9759899377822876
1135,536,36637,644,169,171,251,0.983979344367981
1136,536,25469,50,787,352,301,0.9832861423492432
1137,536,3483,575,813,279,191,0.9829455614089966
1138,536,31885,64,113,396,505,0.981491208076477
1139,537,31885,511,594,404,525,0.9849274158477783
1140,537,25469,571,187,332,285,0.9806519746780396
1141,537,3483,127,272,269,187,0.9696648120880127
1142,537,36637,132,829,182,262,0.9663601517677307
1143,539,38162,593,709,201,306,0.9856536984443665
1144,539,20014,12,669,346,342,0.9753047823905945
1145,539,3351,321,131,185,190,0.9715378880500793
1146,540,38162,632,804,194,300,0.990009069442749
1147,540,3351,363,189,186,183,0.9762601256370544
1148,540,20014,58,755,341,335,0.9717956185340881
1149,541,31885,589,648,321,556,0.9911049008369446
1150,541,16232,146,899,193,190,0.9829167723655701
1151,541,3483,147,219,253,222,0.982212245464325
1152,541,19861,640,279,220,170,0.9803494215011597
1153,542,31885,72,34,313,532,0.9858711361885071
1154,542,16232,618,173,185,181,0.9839835166931152
1155,542,3483,573,837,262,231,0.9751639366149902
1156,542,19861,92,827,226,177,0.9682388305664062
1157,543,31885,89,48,322,545,0.9840875267982483
1158,543,3483,599,867,260,230,0.9821011424064636
1159,543,19861,127,865,220,167,0.9775701761245728
1160,543,16232,647,175,190,185,0.9562693238258362
1161,545,22347,663,861,215,210,0.9868218898773193
1162,545,29667,126,879,232,229,0.981975257396698
1163,545,27777,640,294,175,194,0.9804822206497192
1164,545,3483,174,276,262,215,0.9751832485198975
1165,546,29667,601,161,219,216,0.9843898415565491
1166,546,22347,108,200,201,197,0.9843096733093262
1167,546,27777,142,774,181,205,0.9760115146636963
1168,546,3483,534,781,270,220,0.9746508002281189
1169,547,20877,115,766,332,234,0.9825153350830078
1170,547,36637,632,210,184,250,0.9814862608909607
1171,547,22347,123,243,205,197,0.9808328151702881
1172,547,3483,650,750,213,271,0.9787276387214661
1173,548,22347,667,832,209,206,0.9780751466751099
1174,548,3483,142,290,213,258,0.9771333932876587
1175,548,36637,167,798,191,255,0.9766245484352112
1176,548,20877,544,293,330,234,0.9758678674697876
1177,551,30308,547,683,386,437,0.9787324070930481
1178,551,3483,130,290,279,170,0.9720224142074585
1179,551,28763,677,258,211,196,0.8419572114944458
1180,551,16262,134,868,233,227,0.8048747777938843
1181,551,20238,134,868,231,228,0.6783536076545715
1182,552,30308,78,144,378,421,0.9871276617050171
1183,552,20238,623,177,227,216,0.987121045589447
1184,552,3483,592,844,281,173,0.9793821573257446
1185,552,28763,100,854,216,207,0.9755731225013733
1186,553,16232,602,213,187,182,0.9875665903091431
1187,553,34597,13,80,410,439,0.982715368270874
1188,553,25469,10,813,388,222,0.9822052121162415
1189,553,3483,575,811,282,193,0.9761471152305603
1190,555,34597,25,103,418,440,0.9852046966552734
1191,555,16232,630,220,192,187,0.9844821691513062
1192,555,3483,603,846,279,188,0.9772158861160278
1193,555,25469,47,856,378,221,0.976902961730957
1194,560,3483,600,866,260,231,0.9838392734527588
1195,560,19861,127,866,219,167,0.983475923538208
1196,560,30308,115,77,280,475,0.9737923741340637
1197,560,35206,585,96,284,378,0.9671525359153748
1198,564,21771,160,806,191,186,0.9768373966217041
1199,564,16551,590,106,300,478,0.9756292700767517
1200,564,1900,151,253,197,164,0.9721936583518982
1201,564,33009,548,838,375,199,0.8603299856185913
1202,565,19552,25,157,404,436,0.9855567812919617
1203,565,2483,621,76,227,461,0.9809889197349548
1204,565,3743,108,808,282,287,0.9740689992904663
1205,565,12081,650,697,248,460,0.9574456214904785
1206,565,13395,652,690,245,470,0.5251671671867371
1207,569,3743,494,162,313,303,0.9850967526435852
1208,569,13395,110,103,228,436,0.977833092212677
1209,569,2483,91,672,249,472,0.9731916189193726
1210,569,12778,537,567,298,527,0.9704006314277649
1211,569,12081,110,110,227,431,0.3779955208301544
1212,571,16551,540,55,304,453,0.9768819212913513
1213,571,24850,122,138,181,283,0.9700978994369507
1214,571,1900,582,868,208,142,0.9657098650932312
1215,571,16548,92,831,180,179,0.4488895833492279
1216,572,1900,188,275,200,135,0.9793106913566589
1217,572,16551,100,711,329,478,0.9763634204864502
1218,572,24850,672,829,191,302,0.9656174182891846
1219,572,21771,687,278,175,172,0.40966862440109253
1220,573,1900,610,901,203,135,0.9765419960021973
1221,573,16551,565,63,314,468,0.9686871767044067
1222,573,24850,137,143,187,292,0.9516417980194092
1223,573,16548,125,866,179,176,0.5725690126419067
1224,574,3743,116,827,324,321,0.9927207827568054
1225,574,13395,629,674,230,503,0.9895111918449402
1226,574,2483,672,77,210,491,0.9835931062698364
1227,575,13395,87,85,228,480,0.9948274493217468
1228,575,3743,498,122,310,308,0.9894634485244751
1229,575,2483,63,651,197,486,0.9719698429107666
1230,575,12778,537,542,308,496,0.6745628118515015
1231,576,3743,118,837,330,333,0.9919867515563965
1232,576,13395,635,674,244,516,0.9913026094436646
1233,576,2483,660,113,220,473,0.9834409952163696
1234,576,12778,88,184,321,506,0.3681536614894867
1235,577,19607,139,787,161,157,0.9791539907455444
1236,577,1900,134,247,195,156,0.9776891469955444
1237,577,16551,539,72,352,423,0.9774631261825562
1238,577,33009,520,792,384,211,0.9726163744926453
1239,578,1900,640,859,207,166,0.9775656461715698
1240,578,19607,661,333,156,152,0.9772606492042542
1241,578,33009,88,257,366,211,0.9766395688056946
1242,578,16551,54,726,378,447,0.9707103371620178
1243,579,1900,151,255,199,157,0.9766539931297302
1244,579,16551,565,78,367,439,0.9749656319618225
1245,579,19607,172,822,159,152,0.9692445397377014
1246,579,33009,548,838,373,199,0.9058717489242554
1247,581,1900,644,852,204,173,0.981940746307373
1248,581,16548,106,905,240,239,0.9778425097465515
1249,581,33009,89,255,364,209,0.9687380790710449
1250,581,24850,647,207,176,274,0.9673966765403748
1251,583,13395,116,84,233,471,0.9865388870239258
1252,583,19552,472,642,330,479,0.9826425313949585
1253,583,2483,69,696,250,468,0.976203203201294
1254,583,3743,548,185,270,267,0.9745705127716064
1255,584,19552,150,123,324,471,0.9900333285331726
1256,584,2483,602,95,258,451,0.9777444005012512
1257,584,3743,110,816,282,283,0.9763022065162659
1258,584,13395,601,684,251,505,0.9655823707580566
1259,586,25469,50,787,351,302,0.985115110874176
1260,586,36637,643,167,173,251,0.9836845397949219
1261,586,3483,575,812,280,192,0.9834806323051453
1262,586,28763,147,199,209,198,0.9765911102294922
1263,587,28763,615,858,222,214,0.9831402897834778
1264,587,25469,572,185,332,287,0.9773434400558472
1265,587,3483,126,271,270,188,0.971290647983551
1266,587,36637,130,829,183,263,0.965389609336853
1267,588,36637,674,169,178,257,0.9859229326248169
1268,588,28763,165,206,212,204,0.9812229871749878
1269,588,25469,87,829,341,301,0.9773349761962891
1270,588,3483,602,846,278,188,0.9763988852500916
1271,589,19861,127,866,218,166,0.9839582443237305
1272,589,3483,599,866,260,231,0.9806700944900513
1273,589,16262,638,177,246,232,0.9785539507865906
1274,589,25367,26,114,344,493,0.90012127161026
1275,591,16262,101,852,247,241,0.9850521087646484
1276,591,19861,640,279,220,171,0.9849350452423096
1277,591,3483,148,219,251,222,0.9808142185211182
1278,591,25367,634,647,342,505,0.8372358679771423
1279,592,28763,652,902,219,212,0.9851973652839661
1280,592,19861,642,279,220,171,0.9831356406211853
1281,592,29667,119,844,230,228,0.9813855886459351
1282,592,3483,150,218,251,221,0.9662743210792542
1283,593,29667,610,194,218,213,0.9855746030807495
1284,593,28763,114,159,210,198,0.9831861257553101
1285,593,19861,90,826,226,176,0.9762105941772461
1286,593,3483,571,837,263,231,0.9743778705596924
1287,594,28763,130,163,214,204,0.9895827770233154
1288,594,3483,598,867,260,231,0.9835510849952698
1289,594,19861,125,866,219,166,0.9822497963905334
1290,594,29667,639,200,223,213,0.9783266186714172
1291,595,16232,651,290,189,189,0.9872716069221497
1292,595,32310,107,216,254,343,0.9723948240280151
1293,595,3351,399,866,190,192,0.9715799689292908
1294,596,16232,80,735,199,196,0.9838895797729492
1295,596,3351,351,163,180,184,0.9762009382247925
1296,596,32310,576,618,269,371,0.9724829792976379
1297,598,36637,173,333,181,252,0.9779067039489746
1298,598,3351,402,874,191,192,0.9776219129562378
1299,598,33880,548,189,310,424,0.971369743347168
1300,600,36637,625,723,183,257,0.9708016514778137
1301,600,3351,389,228,182,180,0.9680721759796143
1302,600,33880,114,685,309,433,0.967587947845459
1303,601,31885,493,637,460,486,0.9873606562614441
1304,601,16262,153,803,250,242,0.9841663837432861
1305,601,27733,566,261,300,266,0.9742947816848755
1306,601,3483,121,307,274,201,0.9716300368309021
1307,602,16262,561,217,239,230,0.984062135219574
1308,602,3483,580,760,274,210,0.979465663433075
1309,602,31885,31,105,446,478,0.9785545468330383
1310,602,27733,90,728,314,279,0.9735742807388306
1311,603,16262,589,228,244,231,0.9822357892990112
1312,603,3483,609,791,272,211,0.9818865060806274
1313,603,31885,45,129,461,479,0.9805311560630798
1314,603,27733,122,769,316,274,0.9793751835823059
1315,605,36637,643,206,192,250,0.9891603589057922
1316,605,28763,99,855,216,205,0.984209418296814
1317,605,28763,147,248,214,203,0.9814968109130859
1318,605,3483,593,844,281,173,0.9789420366287231
1319,608,29667,589,722,233,232,0.9812563061714172
1320,608,3351,339,191,186,189,0.9780608415603638
1321,608,33880,52,608,315,444,0.9698226451873779
1322,610,34597,0,108,392,445,0.9908066391944885
1323,610,16232,621,222,187,183,0.9877820611000061
1324,610,28763,64,812,217,209,0.985903263092041
1325,610,3483,562,812,286,175,0.9730430245399475
1326,611,16232,142,846,197,193,0.9839514493942261
1327,611,3483,131,289,280,170,0.9797448515892029
1328,611,34597,584,658,392,457,0.968845784664154
1329,611,28763,680,258,211,196,0.48772746324539185
1330,612,34597,0,141,412,436,0.9902179837226868
1331,612,16232,649,231,192,180,0.9879498481750488
1332,612,28763,97,853,216,206,0.9840144515037537
1333,612,3483,590,845,282,172,0.9806729555130005
1334,614,19232,165,653,242,358,0.982769250869751
1335,614,22074,635,726,187,194,0.9748464226722717
1336,614,3351,347,155,184,187,0.9739179015159607
1337,615,19232,209,755,235,354,0.9823881983757019
1338,615,22074,674,820,183,187,0.9798489212989807
1339,615,3351,389,213,183,181,0.9767550826072693
1340,616,28763,632,887,219,213,0.991305410861969
1341,616,16232,144,899,195,190,0.9850339293479919
1342,616,19861,640,279,221,170,0.9824239611625671
1343,616,3483,147,219,253,221,0.9810757637023926
1344,617,28763,149,179,213,202,0.9868568778038025
1345,617,3483,599,866,262,231,0.9842644333839417
1346,617,19861,127,865,219,168,0.9830244779586792
1347,617,16232,647,175,192,185,0.9820224046707153
1348,618,28763,133,172,209,197,0.9908121228218079
1349,618,16232,618,172,186,181,0.9837489128112793
1350,618,19861,92,827,226,177,0.9735420942306519
1351,618,3483,573,837,263,231,0.9731934070587158
1352,620,2483,88,644,193,489,0.9620330929756165
1353,620,3743,521,147,267,268,0.9543008804321289
1354,620,22362,80,72,251,393,0.9203444123268127
1355,621,2483,649,80,204,492,0.9831061959266663
1356,621,3743,137,847,275,273,0.9632642865180969
1357,621,22362,612,777,244,415,0.9437751770019531
1358,622,22074,612,290,188,191,0.9771422743797302
1359,622,3351,397,891,188,190,0.969841718673706
1360,622,41768,123,292,270,299,0.9579448103904724
1361,623,22074,126,746,189,197,0.983242928981781
1362,623,3351,351,147,186,194,0.9665794968605042
1363,623,41768,554,631,271,309,0.9659312963485718
1364,624,41768,596,721,263,311,0.9767308235168457
1365,624,3351,394,207,184,186,0.9716467261314392
1366,624,22074,168,837,187,187,0.9548176527023315
1367,625,30308,501,697,423,406,0.9836379289627075
1368,625,16262,153,803,249,242,0.9807299375534058
1369,625,27733,564,261,301,267,0.971401572227478
1370,625,3483,122,307,273,202,0.9684911966323853
1371,627,30308,73,146,396,383,0.9833852052688599
1372,627,16262,562,217,240,231,0.9798852801322937
1373,627,3483,580,761,274,210,0.9793445467948914
1374,627,27733,89,727,317,281,0.9724188446998596
1375,628,22347,677,852,212,209,0.9883528351783752
1376,628,16232,139,892,199,193,0.9846900701522827
1377,628,3483,121,305,275,203,0.9730165004730225
1378,628,27733,565,261,301,267,0.9718126654624939
1379,632,25438,549,181,245,251,0.9859156608581543
1380,632,2483,61,669,216,486,0.954539954662323
1381,632,13395,118,85,235,475,0.911781907081604
1382,632,12081,118,86,236,472,0.4760286808013916
1383,632,12778,497,611,306,506,0.258764386177063
1384,633,25438,131,848,260,267,0.9847465753555298
1385,633,2483,653,97,204,474,0.9681683778762817
1386,633,13395,599,681,248,506,0.8511473536491394
1387,633,12081,597,689,251,495,0.6771467924118042
1388,635,3544,183,197,204,200,0.9863619804382324
1389,635,16548,72,752,237,234,0.9839370250701904
1390,635,4543,612,155,202,200,0.9805129766464233
1391,636,16548,653,279,231,223,0.9838128089904785
1392,636,3544,583,856,216,214,0.9799706935882568
1393,636,4543,134,904,212,212,0.9733613133430481
1394,636,12247,200,257,156,214,0.29434511065483093
1395,637,3743,74,812,332,331,0.9878415465354919
1396,637,2483,594,120,286,438,0.9770545959472656
1397,637,13395,608,695,240,511,0.936581015586853
1398,637,19552,51,188,478,352,0.8819657564163208
1399,637,33009,50,191,491,353,0.6353633999824524
1400,638,2483,604,80,280,457,0.9730471968650818
1401,638,3743,73,801,327,321,0.971674382686615
1402,638,13395,596,695,243,501,0.966053307056427
1403,638,19552,48,152,485,355,0.8357464671134949
1404,640,3832,487,282,396,344,0.979036271572113
1405,640,20238,97,299,226,221,0.9779455661773682
1406,640,3351,405,918,191,192,0.9724341630935669
1407,641,20238,619,709,232,229,0.980494499206543
1408,641,3351,343,125,183,187,0.975492000579834
1409,641,3832,44,582,406,344,0.9723281264305115
1410,644,3743,485,116,311,308,0.9938262104988098
1411,644,13395,78,88,230,478,0.9937263131141663
1412,644,2483,60,655,207,482,0.9753891229629517
1413,646,34597,401,633,457,433,0.98908931016922
1414,646,27777,639,293,175,194,0.982530415058136
1415,646,36637,130,828,195,257,0.9795758724212646
1416,646,3483,171,278,262,214,0.9786258935928345
1417,647,34597,146,187,448,417,0.9892833232879639
1418,647,36637,664,177,190,252,0.9886435866355896
1419,647,27777,178,813,176,201,0.9878393411636353
1420,647,3483,565,813,267,220,0.9766760468482971
1421,648,34597,125,154,439,425,0.9941043257713318
1422,648,36637,635,175,183,247,0.9824464321136475
1423,648,27777,145,776,179,203,0.979518473148346
1424,648,3483,537,781,268,220,0.9783968329429626
1425,650,36637,560,824,274,167,0.9871014356613159
1426,650,3351,369,177,179,185,0.9748218059539795
1427,650,32310,0,705,312,319,0.9732531309127808
1428,652,24850,114,843,304,169,0.9774413704872131
1429,652,16551,561,66,292,464,0.9716327786445618
1430,652,1900,126,259,199,149,0.96533203125
1431,652,19232,591,694,269,459,0.9462930560112
1432,653,1900,646,857,210,155,0.9826887845993042
1433,653,16551,93,691,309,490,0.9762124419212341
1434,653,24850,548,266,293,167,0.9698477387428284
1435,654,24850,149,879,298,164,0.9744992256164551
1436,654,16551,590,74,301,477,0.9725340604782104
1437,654,1900,142,268,204,148,0.9623579978942871
1438,656,3544,151,191,208,201,0.9840339422225952
1439,656,16551,539,179,411,390,0.9706767797470093
1440,656,33009,631,850,220,136,0.8147534132003784
1441,658,29451,496,819,398,269,0.9829958081245422
1442,658,1900,168,246,185,180,0.9670171737670898
1443,658,16551,631,10,293,488,0.9637387990951538
1444,658,1900,635,838,195,197,0.7411438226699829
1445,659,1900,149,240,183,181,0.9673106670379639
1446,659,16551,603,12,284,467,0.9600282907485962
1447,659,29451,466,785,403,271,0.28781259059906006
1448,660,29451,117,215,389,262,0.9835757613182068
1449,660,16551,64,743,297,502,0.9778481125831604
1450,660,1900,642,846,190,190,0.7207714915275574
1451,661,31863,178,304,205,207,0.9872785806655884
1452,661,16232,686,294,191,188,0.9780653119087219
1453,661,3351,378,879,188,189,0.9713834524154663
1454,662,31863,557,725,207,212,0.982450008392334
1455,662,16232,43,746,197,190,0.9799191951751709
1456,662,3351,371,162,181,187,0.9718986749649048
1457,664,28763,632,875,220,212,0.9899367094039917
1458,664,20877,543,294,330,234,0.982964038848877
1459,664,36637,166,799,192,256,0.9795703887939453
1460,664,3483,140,292,214,258,0.9787600636482239
1461,665,20877,84,725,334,242,0.9859472513198853
1462,665,28763,132,184,211,199,0.981437087059021
1463,665,36637,603,203,179,247,0.9812140464782715
1464,665,3483,625,718,210,272,0.979656457901001
1465,667,25438,123,821,254,254,0.9869236350059509
1466,667,2483,571,117,294,453,0.9753031730651855
1467,667,12081,645,698,246,453,0.9685196280479431
1468,667,19552,23,139,476,284,0.6596727967262268
1469,667,33009,19,143,485,280,0.5210880041122437
1470,668,25438,555,197,247,250,0.990453839302063
1471,668,2483,64,652,306,453,0.9627645611763
1472,668,12081,58,115,246,430,0.9591152667999268
1473,670,25469,570,186,333,287,0.98252272605896
1474,670,35206,133,727,248,412,0.9787823557853699
1475,670,22347,681,847,213,209,0.9768471121788025
1476,670,3483,124,269,273,191,0.9646379947662354
1477,672,22347,106,224,204,197,0.9915524125099182
1478,672,25469,88,829,342,301,0.9808343052864075
1479,672,3483,603,845,278,189,0.9747889637947083
1480,672,35206,613,117,234,407,0.9675338864326477
1481,674,1900,633,895,210,134,0.986250638961792
1482,674,27926,595,161,259,451,0.9817917943000793
1483,674,16548,153,890,241,239,0.9756584763526917
1484,674,12247,136,291,286,151,0.8916388750076294
1485,675,16548,566,135,229,224,0.9767723679542542
1486,675,1900,140,240,199,128,0.9762865900993347
1487,675,27926,99,617,270,485,0.9762861728668213
1488,675,12247,552,833,292,149,0.7284764051437378
1489,677,27926,570,628,260,489,0.9798771739006042
1490,677,1900,142,241,198,128,0.9715003371238708
1491,677,16551,611,15,305,453,0.9686800837516785
1492,679,13395,599,700,223,468,0.9912993311882019
1493,679,2483,605,90,216,468,0.9879108667373657
1494,679,3743,107,810,280,285,0.9766162037849426
1495,679,12778,133,160,338,478,0.6843188405036926
1496,679,19552,137,151,334,479,0.6803531050682068
1497,680,3743,551,189,269,270,0.9869405627250671
1498,680,13395,143,106,209,437,0.983112633228302
1499,680,2483,86,685,230,475,0.9767683744430542
1500,680,12778,473,603,342,479,0.5772842764854431
1501,680,19552,477,611,339,465,0.29756003618240356
1502,681,13395,593,698,213,459,0.9916084408760071
1503,681,2483,612,52,225,486,0.9871357083320618
1504,681,3743,106,800,275,274,0.9539621472358704
1505,681,12778,128,120,343,486,0.7513054609298706
1506,684,1900,182,266,130,198,0.9706779718399048
1507,684,29345,577,716,324,427,0.9696893692016602
1508,684,16551,527,87,366,436,0.9692230224609375
1509,685,25438,120,820,254,255,0.985957145690918
1510,685,2483,575,119,292,453,0.9791547656059265
1511,685,12081,643,697,245,456,0.9787978529930115
1512,685,12778,94,16,304,521,0.341488778591156
1513,688,34597,102,183,450,403,0.9926207065582275
1514,688,20238,613,186,222,214,0.9827572107315063
1515,688,3483,581,761,275,209,0.9805793166160583
1516,688,27733,89,727,317,281,0.9715506434440613
1517,692,22347,657,837,214,208,0.9796868562698364
1518,692,3483,132,287,278,173,0.9723391532897949
1519,692,35206,102,687,209,419,0.9718979001045227
1520,692,28763,680,258,211,195,0.8361608982086182
1521,694,35206,155,274,259,395,0.9789789319038391
1522,694,3351,402,851,189,190,0.9762715101242065
1523,694,19232,503,237,326,256,0.9739506840705872
1524,697,38162,139,259,229,268,0.9798382520675659
1525,697,18357,601,203,242,343,0.9791521430015564
1526,697,3351,403,855,190,192,0.9730262160301208
1527,698,38162,574,678,237,284,0.9796915650367737
1528,698,18357,80,633,249,369,0.9736117720603943
1529,698,3351,347,174,180,185,0.9727619886398315
1530,700,16232,618,174,185,181,0.9843730926513672
1531,700,3483,572,837,264,231,0.9728577733039856
1532,700,19861,92,826,226,177,0.9714695811271667
1533,700,25367,73,130,389,398,0.9698835015296936
1534,701,19861,127,865,220,168,0.9854589700698853
1535,701,3483,599,866,261,231,0.9825588464736938
1536,701,16232,647,176,191,185,0.979017436504364
1537,701,25367,87,148,403,408,0.9587984085083008
1538,702,16232,145,900,194,190,0.9857529997825623
1539,702,19861,640,279,220,171,0.9824758768081665
1540,702,3483,147,220,252,222,0.9806414246559143
1541,702,25367,513,695,403,420,0.8300838470458984
1542,705,22347,122,200,206,198,0.9879989624023438
1543,705,19861,118,864,221,168,0.9870635271072388
1544,705,3483,592,870,259,234,0.9788380861282349
1545,705,29667,639,207,222,213,0.9735122323036194
1546,706,2483,604,95,256,451,0.9822466969490051
1547,706,3743,110,816,282,284,0.971756100654602
1548,706,12778,69,122,345,501,0.9693983197212219
1549,706,13395,601,684,251,506,0.9609524011611938
1550,707,13395,115,85,234,471,0.9818291664123535
1551,707,3743,548,185,270,268,0.973757803440094
1552,707,2483,70,696,250,469,0.9715330600738525
1553,707,12778,529,634,356,494,0.9491415619850159
1554,708,3743,109,806,277,272,0.9776346683502197
1555,708,2483,616,52,251,471,0.9752593040466309
1556,708,13395,595,681,242,497,0.9677525758743286
1557,708,12778,60,78,352,503,0.9638481140136719
1558,710,28763,159,234,210,201,0.9883027672767639
1559,710,16262,562,216,241,229,0.9824360609054565
1560,710,3483,580,760,274,210,0.980120837688446
1561,710,27733,89,728,317,280,0.9693636894226074
1562,712,13395,638,673,246,517,0.9883425831794739
1563,712,3743,137,843,283,286,0.9853272438049316
1564,712,2483,625,98,230,473,0.965061366558075
1565,712,12778,93,108,308,544,0.9396260380744934
1566,713,13395,84,84,227,481,0.9935759902000427
1567,713,2483,88,666,212,483,0.9668805003166199
1568,713,12778,546,594,290,525,0.9620380401611328
1569,713,3743,522,158,270,269,0.9613216519355774
1570,714,3743,135,833,276,273,0.9913855791091919
1571,714,13395,632,672,233,505,0.9899271726608276
1572,714,2483,638,64,223,488,0.9794703125953674
1573,714,12778,90,69,313,539,0.9368327856063843
1574,716,3743,120,796,330,329,0.9927041530609131
1575,716,2483,583,105,235,466,0.9874787330627441
1576,716,19552,95,139,325,487,0.9711853861808777
1577,716,12081,611,717,240,463,0.9690008163452148
1578,716,13395,611,711,239,472,0.5467544794082642
1579,717,19552,526,610,327,488,0.9842639565467834
1580,717,3743,494,163,313,302,0.9830439686775208
1581,717,2483,91,671,251,473,0.9754482507705688
1582,717,13395,109,104,230,435,0.9506614208221436
1583,717,12081,110,110,229,429,0.6255403757095337
1584,719,16548,554,182,233,227,0.9856472015380859
1585,719,21771,92,811,193,190,0.979977548122406
1586,719,1900,123,261,199,147,0.9775955677032471
1587,719,19232,598,691,270,457,0.7847660779953003
1588,720,1900,647,857,210,154,0.9839257001876831
1589,720,16548,168,842,238,238,0.9810526967048645
1590,720,21771,675,288,189,181,0.9803789854049683
1591,720,24850,117,135,260,421,0.3507416546344757
1592,721,3483,581,760,274,210,0.9819538593292236
1593,721,31885,60,158,449,472,0.9816179871559143
1594,721,27733,91,729,313,278,0.9582093954086304
1595,721,35206,576,119,242,381,0.9408209323883057
1596,724,3544,133,178,203,200,0.9789643883705139
1597,724,16548,109,736,236,234,0.9744135141372681
1598,724,16548,578,165,217,216,0.5370620489120483
1599,724,19232,571,677,262,453,0.4654451310634613
1600,724,16548,181,177,241,244,0.35198989510536194
1601,725,3544,635,884,216,213,0.9868343472480774
1602,725,16548,618,300,232,227,0.9779356718063354
1603,725,16548,153,873,227,227,0.918666660785675
1604,725,29451,139,149,266,422,0.48176854848861694
1605,726,3544,150,182,208,203,0.9870943427085876
1606,726,16548,140,775,236,226,0.9764165878295898
1607,726,16548,607,170,222,217,0.8126353621482849
1608,727,16232,602,214,185,181,0.9874010682106018
1609,727,25469,10,813,387,221,0.9802756905555725
1610,727,25367,40,159,403,443,0.979188859462738
1611,727,3483,575,812,281,192,0.9772680401802063
1612,728,16232,630,220,191,186,0.9861067533493042
1613,728,25367,56,178,411,448,0.9782605767250061
1614,728,3483,603,845,279,189,0.9760672450065613
1615,728,25469,47,856,377,221,0.9758161306381226
1616,731,3544,103,159,204,200,0.9801029562950134
1617,731,4543,612,142,204,200,0.9791503548622131
1618,731,16548,120,769,237,231,0.976718008518219
1619,732,16548,607,265,230,222,0.9802337288856506
1620,732,3544,668,897,217,213,0.9788652658462524
1621,732,4543,133,918,212,210,0.9689532518386841
1622,738,1900,89,259,200,129,0.9738149046897888
1623,738,16551,584,89,292,462,0.9712697267532349
1624,738,19232,134,643,265,454,0.6946426033973694
1625,738,12247,605,769,170,286,0.659146785736084
1626,740,1900,642,830,173,198,0.9814704060554504
1627,740,19607,657,272,157,151,0.9794868230819702
1628,740,16548,123,804,237,235,0.9742538332939148
1629,740,24850,128,131,257,421,0.31888654828071594
1630,742,25438,568,188,245,251,0.9873486757278442
1631,742,2483,82,676,249,476,0.9711557030677795
1632,742,13395,77,102,222,436,0.7961045503616333
1633,742,12778,560,535,296,532,0.7114017009735107
1634,742,12081,77,106,221,430,0.648786723613739
1635,743,25438,113,830,253,254,0.9835038185119629
1636,743,2483,606,67,247,473,0.9681623578071594
1637,743,12081,640,704,218,455,0.9556617736816406
1638,743,12778,87,120,303,546,0.6179603338241577
1639,745,16262,663,271,237,230,0.9849889278411865
1640,745,3351,352,892,192,193,0.9650610685348511
1641,745,32310,112,180,231,361,0.7557304501533508
1642,747,16262,64,799,240,237,0.9805423021316528
1643,747,3351,437,193,183,183,0.9766108989715576
1644,747,32310,635,736,235,391,0.9499163627624512
1645,750,29345,582,133,281,409,0.9798607230186462
1646,750,16548,149,788,240,238,0.9774123430252075
1647,750,1900,688,805,131,209,0.9699697494506836
1648,750,12247,178,199,164,271,0.9696257710456848
1649,752,16548,559,137,233,225,0.9822853803634644
1650,752,3544,93,196,202,200,0.9818621277809143
1651,752,27993,547,779,310,240,0.9677208662033081
1652,754,3832,91,652,368,384,0.980974018573761
1653,754,29667,628,761,226,221,0.9785115122795105
1654,754,3351,374,198,181,182,0.9732264876365662
1655,756,3832,512,252,370,379,0.9831128716468811
1656,756,29667,127,318,226,225,0.9810051918029785
1657,756,3351,418,889,188,190,0.9633825421333313
1658,758,31885,568,656,331,554,0.9905250668525696
1659,758,3483,148,218,253,222,0.9834888577461243
1660,758,19861,642,280,220,170,0.9801663756370544
1661,758,36637,97,904,271,166,0.9597573280334473
1662,759,31885,81,27,323,530,0.9851176738739014
1663,759,3483,571,837,264,232,0.9753835797309875
1664,759,19861,90,827,226,177,0.972639262676239
1665,759,36637,591,194,260,155,0.8723731637001038
1666,760,16548,582,203,231,225,0.9828510284423828
1667,760,33208,657,803,213,205,0.9765486717224121
1668,760,1900,160,259,127,200,0.9754160046577454
1669,760,29345,92,711,286,441,0.9679812788963318
1670,761,29345,126,753,287,437,0.9800645709037781
1671,761,16548,609,210,241,227,0.9796326160430908
1672,761,33208,684,833,214,205,0.9776182770729065
1673,761,1900,179,268,128,198,0.9717929363250732
1674,763,31885,492,641,462,486,0.9888189435005188
1675,763,20238,113,854,231,227,0.9755855202674866
1676,763,27733,565,262,301,266,0.9721257090568542
1677,763,3483,121,307,274,202,0.9691967368125916
1678,764,20238,643,191,225,216,0.986711859703064
1679,764,3483,609,790,272,210,0.98155277967453
1680,764,27733,122,769,316,274,0.9795663952827454
1681,764,31885,44,126,463,478,0.9791881442070007
1682,766,34597,570,734,406,472,0.985680103302002
1683,766,3483,141,291,214,258,0.9790661931037903
1684,766,36637,167,799,191,255,0.9771255254745483
1685,766,20877,544,293,330,235,0.9753013849258423
1686,768,34597,9,25,395,453,0.9947209358215332
1687,768,20877,83,724,333,243,0.9855861067771912
1688,768,3483,624,719,211,272,0.98026043176651
1689,768,36637,603,204,179,248,0.9730507135391235
1690,772,1900,107,269,202,124,0.9756522178649902
1691,772,33208,639,876,211,205,0.9738267660140991
1692,772,16551,553,79,294,481,0.9736282825469971
1693,773,1900,89,259,199,128,0.9767014980316162
1694,773,33208,612,846,212,207,0.9735239744186401
1695,773,16551,529,74,282,463,0.972223162651062
1696,773,19232,135,644,262,453,0.9634996056556702
1697,778,16232,630,220,192,187,0.982858419418335
1698,778,30308,86,167,396,403,0.9823055863380432
1699,778,25469,47,856,377,221,0.9781631827354431
1700,778,3483,603,845,278,190,0.9767752289772034
1701,779,16232,161,856,196,191,0.984984278678894
1702,779,30308,514,682,411,414,0.9775519371032715
1703,779,25469,572,232,374,221,0.966343343257904
1704,779,3483,125,274,272,188,0.9628601670265198
1705,780,16232,602,214,186,182,0.9879583120346069
1706,780,25469,10,812,387,222,0.9834405183792114
1707,780,30308,72,146,385,397,0.9787938594818115
1708,780,3483,576,812,281,192,0.9768521189689636
1709,782,22074,587,728,188,195,0.980440080165863
1710,782,3351,339,182,186,190,0.9746329188346863
1711,782,20014,9,626,344,341,0.9656279683113098
1712,785,25367,540,695,392,488,0.9837153553962708
1713,785,3483,132,288,278,173,0.9729071855545044
1714,785,35206,102,687,209,418,0.9721459746360779
1715,787,19861,640,279,221,171,0.985007107257843
1716,787,3483,148,219,251,221,0.9821015000343323
1717,787,20238,114,857,227,225,0.9799801111221313
1718,787,34597,540,656,342,511,0.7675425410270691
1719,788,20238,616,186,220,212,0.9810250401496887
1720,788,19861,92,827,225,176,0.9743285179138184
1721,788,3483,574,837,262,231,0.9720479846000671
1722,788,34597,101,64,335,490,0.9270274043083191
1723,797,3544,147,191,204,199,0.9873712062835693
1724,797,4543,601,189,206,200,0.9702965021133423
1725,797,16551,40,529,309,477,0.9687777757644653
1726,797,27993,496,854,334,164,0.9622083306312561
1727,798,3544,164,198,209,201,0.9805272817611694
1728,798,4543,630,193,210,201,0.9736983776092529
1729,798,27993,522,888,334,159,0.9586305618286133
1730,798,16551,72,577,309,471,0.9502949714660645
1731,799,20238,644,189,228,216,0.9902182221412659
1732,799,28763,171,181,212,202,0.9856670498847961
1733,799,19861,127,865,220,168,0.9848049283027649
1734,799,3483,599,866,261,231,0.9828489422798157
1735,807,19861,647,279,220,171,0.9844117760658264
1736,807,3483,157,214,248,222,0.9821712970733643
1737,807,29667,120,839,230,228,0.9814431071281433
1738,807,30308,617,709,308,521,0.9388247132301331
1739,808,3544,108,206,210,202,0.9771392941474915
1740,808,16551,613,47,337,457,0.954169511795044
1741,810,3544,93,199,204,198,0.9815301299095154
1742,810,16551,587,43,327,446,0.9594322443008423
1743,810,19607,604,788,176,251,0.8818010687828064
1744,815,20238,101,712,227,226,0.979151725769043
1745,815,3351,364,170,180,184,0.9785559177398682
1746,815,32310,520,612,281,361,0.9684577584266663
1747,817,16232,649,231,192,181,0.9850083589553833
1748,817,28763,97,853,216,206,0.9848200082778931
1749,817,30308,97,153,377,424,0.981236457824707
1750,817,3483,590,845,281,172,0.9786449670791626
1751,818,16232,141,846,197,192,0.9825717210769653
1752,818,30308,527,674,386,435,0.9759422540664673
1753,818,28763,681,258,210,195,0.9732053875923157
1754,818,3483,132,290,279,172,0.9672159552574158
1755,819,16232,620,222,187,183,0.9855453372001648
1756,819,28763,64,812,217,210,0.9852800369262695
1757,819,30308,81,135,367,415,0.9796860814094543
1758,819,3483,561,812,286,175,0.978270947933197
1759,820,19552,491,651,334,475,0.9858089089393616
1760,820,3743,482,144,314,309,0.9810102581977844
1761,820,13395,137,107,218,434,0.97905433177948
1762,820,2483,94,699,205,482,0.9777933955192566
1763,822,19552,127,114,334,474,0.9886082410812378
1764,822,13395,594,705,234,463,0.9856669306755066
1765,822,2483,621,76,198,463,0.9830710291862488
1766,822,3743,130,811,330,331,0.9752487540245056
1767,826,38162,179,205,250,258,0.9777299165725708
1768,826,18147,542,318,302,388,0.9721685647964478
1769,826,3351,408,862,190,191,0.9698456525802612
1770,828,38162,552,864,250,253,0.9865169525146484
1771,828,3351,382,238,185,183,0.978091299533844
1772,828,18147,129,574,309,407,0.9777669906616211
1773,829,28763,98,168,209,201,0.9905881881713867
1774,829,36637,636,175,183,246,0.9807994365692139
1775,829,3483,536,780,269,219,0.9769198894500732
1776,829,27777,145,776,180,204,0.9763596653938293
1777,830,28763,667,893,222,212,0.9892446994781494
1778,830,27777,639,293,174,193,0.9820090532302856
1779,830,36637,129,828,194,256,0.9811363816261292
1780,830,3483,170,276,262,216,0.9787821173667908
1781,831,27777,178,812,177,202,0.9867674708366394
1782,831,28763,113,175,214,204,0.9854035973548889
1783,831,36637,665,177,189,251,0.9853118658065796
1784,831,3483,564,813,268,219,0.9767841696739197
1785,832,16548,607,162,236,223,0.9769649505615234
1786,832,1900,624,890,205,139,0.9700435996055603
1787,832,16548,138,869,180,176,0.956721842288971
1788,838,33208,589,802,213,205,0.9793965816497803
1789,838,16548,594,163,227,224,0.9769296646118164
1790,838,1900,142,241,197,127,0.9762672781944275
1791,838,27926,94,618,269,481,0.9710690379142761
1792,842,34597,469,669,463,429,0.9909399747848511
1793,842,16262,152,803,252,242,0.9796241521835327
1794,842,3483,121,307,274,201,0.970529317855835
1795,842,27733,564,262,301,266,0.9701836109161377
1796,851,3743,122,837,329,333,0.986713707447052
1797,851,2483,630,101,208,468,0.9851061105728149
1798,851,22362,612,736,267,420,0.9731911420822144
1799,851,12778,102,147,318,498,0.577686607837677
1800,855,13395,595,704,235,465,0.9907405376434326
1801,855,2483,624,73,195,467,0.9824994802474976
1802,855,3743,131,812,331,332,0.9804491400718689
1803,855,12778,84,128,310,528,0.9535369873046875
1804,857,31863,575,746,209,213,0.9881522059440613
1805,857,16262,95,679,247,245,0.981502115726471
1806,857,3351,338,133,183,188,0.9741094708442688
1807,858,31863,614,835,204,204,0.9858366250991821
1808,858,16262,138,771,239,237,0.983146607875824
1809,858,3351,382,191,181,181,0.9708483219146729
1810,861,19552,73,106,345,453,0.9919854402542114
1811,861,25438,124,833,259,266,0.9848747849464417
1812,861,12081,654,696,257,475,0.971872091293335
1813,861,2483,563,154,302,432,0.9714784026145935
1814,862,36637,673,169,178,257,0.9853811860084534
1815,862,34597,80,135,441,415,0.9848347902297974
1816,862,25469,87,829,343,301,0.978590726852417
1817,862,3483,603,847,278,188,0.9759669899940491
1818,864,36637,643,167,172,252,0.9863911867141724
1819,864,25469,50,786,353,303,0.9848740100860596
1820,864,34597,64,107,430,420,0.9839594960212708
1821,864,3483,575,813,279,192,0.981846034526825
1822,866,3832,480,556,387,379,0.9807422161102295
1823,866,16688,31,522,439,583,0.9776759147644043
1824,866,3351,305,172,187,190,0.9761580228805542
1825,867,16688,73,622,430,590,0.9781391024589539
1826,867,3832,521,656,383,369,0.9767888784408569
1827,867,3351,346,234,187,185,0.9737128019332886
1828,868,28763,98,854,215,205,0.9872991442680359
1829,868,16232,649,231,192,180,0.9868887662887573
1830,868,3483,590,845,281,172,0.980252206325531
1831,868,31885,25,52,410,514,0.9786028265953064
1832,869,16232,621,222,187,183,0.9875078797340393
1833,869,28763,64,812,216,209,0.9865341186523438
1834,869,3483,562,813,285,174,0.9735783338546753
1835,869,31885,13,36,392,506,0.9717144966125488
1836,870,31885,567,671,409,531,0.9875782132148743
1837,870,16232,142,846,196,193,0.9858781099319458
1838,870,3483,131,288,280,170,0.9763082265853882
1839,870,28763,680,258,210,195,0.9743415117263794
1840,873,16688,73,623,434,590,0.982417106628418
1841,873,3351,342,225,188,185,0.9771949648857117
1842,873,18147,622,670,283,426,0.9753994345664978
1843,874,20877,84,726,332,240,0.9862372875213623
1844,874,31885,140,145,433,486,0.985934317111969
1845,874,16232,628,222,187,183,0.9846857786178589
1846,874,3483,625,719,209,270,0.9787014722824097
1847,875,16232,656,233,190,178,0.9884713888168335
1848,875,20877,117,767,330,233,0.9832531809806824
1849,875,3483,653,749,210,270,0.9808750152587891
1850,875,31885,160,170,443,490,0.9689074754714966
1851,878,36637,642,206,192,250,0.9890332221984863
1852,878,3483,592,844,281,172,0.9808347821235657
1853,878,28763,99,854,216,207,0.9748061895370483
1854,878,34597,76,126,334,493,0.8453232049942017
1855,879,36637,613,202,185,244,0.9867939352989197
1856,879,28763,65,813,218,209,0.978717565536499
1857,879,3483,563,811,285,175,0.972149133682251
1858,880,13395,69,91,232,478,0.9911477565765381
1859,880,3743,510,157,267,268,0.9869057536125183
1860,880,2483,80,673,220,482,0.9692438840866089
1861,882,13395,643,666,239,506,0.9896434545516968
1862,882,3743,149,836,278,273,0.9812846779823303
1863,882,2483,635,59,229,486,0.9783007502555847
1864,883,16232,630,219,191,187,0.9853465557098389
1865,883,28763,144,232,214,203,0.9813311696052551
1866,883,25469,48,857,377,220,0.9772785305976868
1867,883,3483,603,845,279,189,0.977027177810669
1868,886,31863,161,284,209,207,0.98712557554245
1869,886,35206,543,263,270,384,0.9711982011795044
1870,886,3351,412,892,186,190,0.9639578461647034
1871,888,31863,611,835,207,204,0.9828990697860718
1872,888,35206,165,650,264,391,0.9768680334091187
1873,888,3351,382,207,182,182,0.9762058258056641
1874,889,16232,135,847,194,190,0.9866785407066345
1875,889,28763,712,890,219,210,0.9866547584533691
1876,889,20877,543,294,330,234,0.9809650778770447
1877,889,3483,140,291,214,258,0.9798303842544556
1878,891,28763,57,172,211,200,0.9904564023017883
1879,891,20877,84,726,333,241,0.9875165224075317
1880,891,16232,628,221,188,183,0.9857859015464783
1881,891,3483,624,719,211,271,0.9792329668998718
1882,894,20877,83,724,333,242,0.9865569472312927
1883,894,25367,27,29,412,439,0.9811557531356812
1884,894,3483,624,719,211,272,0.9791262149810791
1885,894,36637,603,205,178,246,0.9749394059181213
1886,895,3544,93,222,204,200,0.9842961430549622
1887,895,16551,532,39,301,461,0.9760562181472778
1888,895,16548,584,772,225,225,0.643734872341156
1889,896,3544,109,232,210,201,0.9807015061378479
1890,896,16551,560,45,307,473,0.9719020128250122
1891,896,16548,611,810,225,218,0.9702465534210205
1892,896,16548,135,856,179,176,0.5749269723892212
1893,897,3544,674,833,217,214,0.9817190766334534
1894,897,16551,112,721,324,489,0.9740567803382874
1895,897,16548,168,273,221,217,0.9627869725227356
1896,898,16548,75,777,238,234,0.984727144241333
1897,898,3544,120,172,203,198,0.9809142351150513
1898,898,27926,570,584,255,486,0.9786801338195801
1899,898,12247,618,205,173,187,0.9693018794059753
1900,900,16548,108,819,237,229,0.9855184555053711
1901,900,3544,136,178,208,201,0.9753764271736145
1902,900,12247,646,205,176,190,0.9704481363296509
1903,900,27926,600,625,244,483,0.9682903289794922
1904,904,20238,641,189,230,218,0.9891147613525391
1905,904,3483,609,789,273,212,0.9792630076408386
1906,904,27733,122,767,317,277,0.9779590368270874
1907,904,30308,164,52,285,479,0.9397667646408081
1908,906,27733,565,259,299,268,0.9742087125778198
1909,906,3483,124,305,270,203,0.9715405106544495
1910,906,20238,114,854,231,228,0.9700904488563538
1911,906,30308,550,720,291,489,0.9228728413581848
1912,908,31863,575,746,209,212,0.9851655960083008
1913,908,3351,305,194,184,188,0.9756903648376465
1914,908,20238,118,716,225,227,0.9680426120758057
1915,910,27777,640,294,175,194,0.9816121459007263
1916,910,29667,126,878,233,230,0.981028139591217
1917,910,3483,174,278,261,214,0.9769966006278992
1918,910,25367,509,703,457,440,0.9743166565895081
1919,912,29667,600,161,220,216,0.9847909808158875
1920,912,25367,32,106,433,423,0.979772686958313
1921,912,3483,535,782,269,219,0.9766210913658142
1922,912,27777,142,774,180,205,0.9747704267501831
1923,914,13900,555,706,205,252,0.9778709411621094
1924,914,3351,368,123,184,190,0.9735100865364075
1925,914,35206,42,616,348,351,0.9732972979545593
1926,915,13900,595,797,202,245,0.9809556603431702
1927,915,3351,412,182,183,183,0.9739970564842224
1928,915,35206,85,713,341,344,0.9692686200141907
1929,916,16232,140,892,199,193,0.9855526089668274
1930,916,25367,504,684,462,427,0.9824123978614807
1931,916,27733,565,262,301,266,0.9711846113204956
1932,916,3483,121,306,276,203,0.9706728458404541
1933,919,30308,493,676,373,447,0.9848184585571289
1934,919,27733,564,261,301,268,0.9714636206626892
1935,919,3483,121,308,273,203,0.9676328897476196
1936,919,27777,101,879,269,182,0.47960126399993896
1937,920,3483,582,759,275,210,0.9805806875228882
1938,920,27733,91,726,316,283,0.9633029699325562
1939,920,30308,131,121,351,428,0.9567340612411499
1940,920,36637,591,202,256,172,0.7496797442436218
1941,920,20877,592,202,255,172,0.577969491481781
1942,923,16262,109,835,249,242,0.9806194305419922
1943,923,25367,540,712,436,450,0.9795854091644287
1944,923,20877,543,293,331,236,0.9780369400978088
1945,923,3483,142,291,214,258,0.9775980114936829
1946,925,16232,144,899,195,191,0.9854353666305542
1947,925,19861,640,280,221,169,0.9829685091972351
1948,925,3483,147,220,252,221,0.9823353886604309
1949,925,34597,488,628,432,453,0.9791379570960999
1950,927,34597,65,143,414,438,0.9874710440635681
1951,927,16232,618,174,185,182,0.9824478030204773
1952,927,3483,573,837,263,231,0.9741407036781311
1953,927,19861,92,826,226,177,0.9690700769424438
1954,929,16232,602,214,186,182,0.9886071085929871
1955,929,25469,10,813,388,221,0.9832153916358948
1956,929,31885,19,34,415,495,0.9824329614639282
1957,929,3483,576,812,280,192,0.9784976840019226
1958,930,31885,538,684,431,521,0.9889290928840637
1959,930,16232,162,855,195,190,0.9857553839683533
1960,930,25469,572,232,373,221,0.9707940220832825
1961,930,3483,126,273,270,188,0.969048261642456
1962,931,19607,166,918,159,155,0.9834105372428894
1963,931,1900,180,269,129,198,0.9735644459724426
1964,931,16551,480,237,484,271,0.9698585271835327
1965,931,29345,577,717,324,425,0.9674009084701538
1966,932,1900,160,259,127,200,0.9760933518409729
1967,932,16551,453,219,475,269,0.9682761430740356
1968,932,19607,132,887,161,158,0.9648862481117249
1969,932,29345,551,680,324,430,0.9617109298706055
1970,933,1900,687,805,131,208,0.974107563495636
1971,933,16551,24,733,489,281,0.9733660817146301
1972,933,19607,668,252,154,152,0.9723839163780212
1973,933,29345,118,167,310,402,0.9712472558021545
1974,936,19552,110,193,324,492,0.9832060933113098
1975,936,25438,113,842,260,267,0.9817610383033752
1976,936,2483,593,106,256,456,0.9656488299369812
1977,936,12081,649,707,223,464,0.9421629309654236
1978,937,13395,595,704,232,464,0.9937254786491394
1979,937,2483,623,76,195,464,0.9829801321029663
1980,937,3743,131,812,330,331,0.9805188179016113
1981,937,12778,123,95,300,537,0.708597719669342
1982,938,13395,590,701,222,456,0.9884929060935974
1983,938,2483,633,35,194,482,0.9857301712036133
1984,938,3743,130,801,321,321,0.9617182016372681
1985,938,12778,123,56,300,552,0.41668394207954407
1986,940,18147,207,226,215,413,0.9748886823654175
1987,940,3351,422,898,189,191,0.9720301032066345
1988,940,16232,643,322,190,190,0.9697195291519165
1989,941,16232,89,711,194,194,0.9777023792266846
1990,941,18147,517,552,215,442,0.9775839447975159
1991,941,3351,327,142,184,189,0.974880039691925
1992,942,16232,132,800,191,189,0.9815300107002258
1993,942,18147,558,642,214,444,0.9789934158325195
1994,942,3351,369,201,183,183,0.9692670702934265
1995,945,19861,640,279,220,171,0.9842309355735779
1996,945,3483,149,218,251,223,0.98269122838974
1997,945,20238,113,857,228,224,0.9718945026397705
1998,945,30308,633,642,311,519,0.9427942633628845
1999,947,16232,141,846,197,192,0.9835135340690613
2000,947,3483,131,288,280,170,0.9758533239364624
2001,947,28763,595,889,221,210,0.858893632888794
2002,947,28763,681,258,210,194,0.6153379678726196
2003,948,16232,649,230,193,180,0.9885669946670532
2004,948,28763,185,178,214,203,0.9861187934875488
2005,948,28763,98,854,215,206,0.9848527312278748
2006,948,3483,590,844,282,173,0.9800267815589905
2007,949,16262,110,836,247,242,0.9788267612457275
2008,949,30308,505,723,417,404,0.975241482257843
2009,949,20877,542,293,332,235,0.9745503664016724
2010,949,3483,142,292,214,259,0.969244658946991
2011,950,20877,84,723,332,243,0.9833682179450989
2012,950,30308,74,116,391,390,0.9814547896385193
2013,950,3483,624,719,211,272,0.9783823490142822
2014,950,16262,602,187,238,229,0.970536470413208
2015,951,30308,87,133,403,396,0.9844026565551758
2016,951,20877,116,766,331,235,0.9809151887893677
2017,951,3483,650,750,213,271,0.9803481698036194
2018,951,16262,630,193,244,232,0.9729514122009277
2019,952,30308,563,647,385,432,0.9703555107116699
2020,952,16262,167,834,248,243,0.9678956270217896
2021,952,25469,571,231,374,222,0.9674597978591919
2022,952,3483,125,274,272,188,0.9637234210968018
2023,953,25469,10,813,387,222,0.9816040992736816
2024,953,30308,48,159,359,417,0.9812906384468079
2025,953,3483,576,811,281,194,0.9754168391227722
2026,953,16262,546,187,239,232,0.9618000984191895
2027,954,30308,64,178,370,428,0.9838674068450928
2028,954,25469,46,857,380,221,0.9792201519012451
2029,954,3483,603,846,280,188,0.9762517213821411
2030,954,16262,574,194,242,232,0.9710814952850342
2031,956,1900,158,249,202,126,0.985253632068634
2032,956,19607,142,862,161,155,0.9821803569793701
2033,956,27926,601,670,249,487,0.9713878035545349
2034,956,16551,597,0,310,445,0.9663645625114441
2035,957,1900,631,894,209,134,0.9835529327392578
2036,957,19607,689,299,158,151,0.9770533442497253
2037,957,16551,79,786,317,492,0.9741389751434326
2038,957,27926,142,142,265,458,0.9710445404052734
2039,962,19607,143,848,161,159,0.9770804643630981
2040,962,1900,149,240,181,181,0.9720287322998047
2041,962,16551,626,108,285,473,0.9663337469100952
2042,962,29451,475,779,403,275,0.9002925157546997
2043,966,1900,656,903,213,147,0.980412483215332
2044,966,16548,128,852,242,238,0.9789232611656189
2045,967,29667,586,305,229,226,0.9831950068473816
2046,967,3351,408,889,187,190,0.9672157168388367
2047,967,41768,121,299,274,302,0.9487339854240417
2048,968,29667,109,696,234,234,0.982141375541687
2049,968,41768,560,624,267,308,0.9793638586997986
2050,968,3351,341,154,186,192,0.9735254645347595
2051,972,27926,571,628,262,491,0.9789323210716248
2052,972,21771,125,775,194,189,0.9723118543624878
2053,972,16551,569,14,333,438,0.9721537828445435
2054,972,1900,142,242,198,128,0.971564769744873
2055,973,21771,185,884,188,186,0.9825161695480347
2056,973,29345,612,712,289,450,0.9754153490066528
2057,973,16551,568,81,314,473,0.9727697372436523
2058,973,1900,182,266,130,198,0.9674589037895203
2059,974,21771,151,850,191,191,0.981999397277832
2060,974,16551,540,74,301,458,0.9771182537078857
2061,974,1900,163,257,127,200,0.9750068783760071
2062,974,29345,588,677,288,450,0.9704028964042664
2063,975,29345,116,154,277,417,0.9809097647666931
2064,975,21771,620,252,185,181,0.9777451157569885
2065,975,16551,105,687,320,487,0.9769617915153503
2066,975,1900,685,807,130,208,0.9657255411148071
2067,979,18357,69,549,289,338,0.9829171299934387
2068,979,3351,393,158,182,186,0.9682856202125549
2069,979,22074,583,709,190,195,0.412390798330307
2070,980,18357,575,307,280,320,0.9838828444480896
2071,980,3351,354,873,189,190,0.9669814109802246
2072,980,22074,170,312,189,190,0.9387965202331543
2073,982,3743,117,837,330,334,0.9930034279823303
2074,982,13395,636,674,244,517,0.9919123649597168
2075,982,2483,660,113,219,473,0.9818080067634583
2076,983,3743,116,827,324,321,0.9929908514022827
2077,983,13395,628,673,230,504,0.9893168807029724
2078,983,2483,672,76,210,493,0.981485903263092
2079,984,13395,86,85,228,479,0.9947317838668823
2080,984,3743,497,122,311,309,0.9918105006217957
2081,984,2483,64,651,196,484,0.9717116355895996
2082,985,29451,521,803,416,231,0.9837019443511963
2083,985,16548,577,188,230,225,0.982747495174408
2084,985,1900,140,220,200,149,0.9743606448173523
2085,985,24850,116,741,203,284,0.9704145789146423
2086,986,29451,46,232,405,226,0.9838979840278625
2087,986,1900,632,899,209,156,0.9833775758743286
2088,986,16548,144,837,239,239,0.9777423739433289
2089,986,24850,644,259,195,269,0.9633697867393494
2090,988,22347,159,182,207,199,0.987572193145752
2091,988,19861,125,865,219,168,0.9831719398498535
2092,988,3483,597,867,260,231,0.9821296334266663
2093,988,20877,619,197,265,156,0.36536136269569397
2094,989,22347,143,176,202,195,0.9845489263534546
2095,989,19861,90,826,227,177,0.977207601070404
2096,989,3483,570,837,264,232,0.9738784432411194
2097,989,36637,590,193,262,156,0.6095141768455505
2098,989,20877,590,193,262,158,0.4478491246700287
2099,990,3483,150,217,253,224,0.9846646189689636
2100,990,22347,627,887,214,209,0.9835901856422424
2101,990,19861,642,279,220,170,0.9828694462776184
2102,990,36637,96,904,273,167,0.9471064209938049
2103,991,3544,93,221,205,201,0.9868171811103821
2104,991,16548,574,221,230,226,0.9802166819572449
2105,991,16548,585,772,225,224,0.8142009973526001
2106,993,3544,109,232,209,201,0.9835779666900635
2107,993,16548,601,233,237,225,0.9794822335243225
2108,993,16548,612,810,223,217,0.958961546421051
2109,994,16262,118,845,249,244,0.9768914580345154
2110,994,30308,511,751,390,437,0.9729149341583252
2111,994,3483,132,290,279,172,0.9609150886535645
2112,994,28763,680,258,211,196,0.9551846981048584
2113,996,28763,98,853,217,207,0.9815054535865784
2114,996,16262,620,183,246,232,0.9799750447273254
2115,996,30308,110,71,377,428,0.9799504280090332
2116,996,3483,590,844,281,174,0.9789945483207703
2117,997,29451,456,807,425,225,0.9837577939033508
2118,997,21771,123,807,194,190,0.972615122795105
2119,997,16551,589,61,283,472,0.9692140817642212
2120,997,1900,148,241,182,181,0.9667127132415771
2121,997,1900,587,826,192,188,0.36055612564086914
2122,998,29451,487,843,417,221,0.9817191958427429
2123,998,16551,615,69,295,487,0.9708377718925476
2124,998,21771,156,840,192,187,0.96578449010849
2125,998,1900,167,247,185,182,0.941794753074646
2126,998,1900,636,858,203,205,0.4350696802139282
2127,998,1900,587,859,215,199,0.2928272783756256
2128,999,21771,643,291,190,182,0.9788116812705994
2129,999,29451,103,234,410,221,0.9776830077171326
2130,999,16551,80,688,296,498,0.9771413207054138
2131,999,1900,641,845,192,192,0.673180341720581
2132,1003,34597,39,158,443,417,0.9928718209266663
2133,1003,16232,649,185,193,179,0.9840876460075378
2134,1003,3483,609,791,273,210,0.9814862608909607
2135,1003,27733,122,768,318,276,0.9770922064781189
2136,1004,34597,511,661,457,436,0.9934229254722595
2137,1004,16232,139,892,199,194,0.9848361611366272
2138,1004,27733,565,262,301,266,0.9707804322242737
2139,1004,3483,122,307,274,201,0.9688040614128113
2140,1005,34597,26,125,431,426,0.9947633743286133
2141,1005,16232,620,179,187,183,0.9844302535057068
2142,1005,3483,580,761,275,209,0.9801865220069885
2143,1005,27733,89,727,315,280,0.9692550897598267
2144,1006,20238,617,195,227,217,0.9812193512916565
2145,1006,25367,49,177,435,425,0.9778342247009277
2146,1006,3483,602,845,280,189,0.9764238595962524
2147,1006,25469,47,856,378,221,0.9756757020950317
2148,1007,25469,10,812,388,222,0.9798293113708496
2149,1007,20238,589,191,221,214,0.9796002507209778
2150,1007,25367,32,157,429,421,0.9789009094238281
2151,1007,3483,575,812,281,192,0.9769822359085083
2152,1009,22347,79,198,201,196,0.9834150671958923
2153,1009,25469,10,813,387,222,0.9822841286659241
2154,1009,3483,575,811,282,194,0.9756109118461609
2155,1009,16262,546,187,237,230,0.9637212753295898
2156,1010,22347,95,206,205,199,0.9833058714866638
2157,1010,25469,47,857,379,220,0.9802528619766235
2158,1010,3483,602,845,279,190,0.9752900004386902
2159,1010,16262,574,195,243,232,0.97116619348526
2160,1012,27926,573,627,260,490,0.9797220826148987
2161,1012,16548,613,159,229,224,0.9797102212905884
2162,1012,1900,142,243,198,127,0.9765673279762268
2163,1012,24850,138,702,186,295,0.974128007888794
2164,1013,1900,632,894,209,133,0.9837107062339783
2165,1013,27926,143,144,261,456,0.9772902727127075
2166,1013,16548,107,866,240,237,0.9761566519737244
2167,1013,24850,639,275,179,276,0.9673119783401489
2168,1014,1900,159,252,201,124,0.9860745072364807
2169,1014,16548,641,164,236,224,0.9724384546279907
2170,1014,24850,173,741,181,291,0.9702784419059753
2171,1014,27926,605,671,244,485,0.9672351479530334
2172,1015,3483,652,748,212,272,0.9819455742835999
2173,1015,20877,116,766,331,234,0.9809110164642334
2174,1015,30308,70,122,391,409,0.9807960987091064
2175,1015,35206,660,172,225,406,0.9666576981544495
2176,1016,30308,535,720,408,420,0.9790065884590149
2177,1016,3483,141,292,214,260,0.9782434701919556
2178,1016,20877,543,294,330,235,0.9778467416763306
2179,1016,35206,99,673,235,408,0.9756938815116882
2180,1018,30308,436,737,482,317,0.9821323156356812
2181,1018,27733,560,257,301,266,0.9818941950798035
2182,1018,29667,88,863,232,231,0.9816082119941711
2183,1018,3483,122,307,273,201,0.9691067337989807
2184,1019,3483,609,791,273,210,0.980486273765564
2185,1019,30308,93,208,460,303,0.9792838096618652
2186,1019,29667,668,182,224,214,0.9783541560173035
2187,1019,27733,125,775,319,275,0.9743698239326477
2188,1020,29667,638,176,220,217,0.9844138622283936
2189,1020,3483,581,761,275,209,0.980248749256134
2190,1020,27733,93,732,318,281,0.9731225967407227
2191,1020,30308,74,186,458,302,0.9291190505027771
2192,1022,29451,36,800,423,224,0.9879240989685059
2193,1022,33208,583,810,214,206,0.9800142049789429
2194,1022,16551,626,25,284,467,0.9701162576675415
2195,1022,1900,148,240,182,182,0.9693416357040405
2196,1023,29451,71,842,415,216,0.979560136795044
2197,1023,33208,610,842,213,204,0.9781588315963745
2198,1023,16551,655,29,296,485,0.972372829914093
2199,1023,1900,167,247,184,181,0.967641294002533
2200,1025,28763,645,863,220,212,0.989362895488739
2201,1025,16262,110,836,248,242,0.984916627407074
2202,1025,3483,141,291,214,257,0.9799372553825378
2203,1025,20877,542,294,331,234,0.9762266278266907
2204,1026,28763,135,206,212,203,0.9863406419754028
2205,1026,20877,116,766,331,235,0.9843752980232239
2206,1026,3483,651,749,212,270,0.9793187975883484
2207,1026,16262,630,193,244,232,0.9761660695075989
2208,1027,13900,191,285,198,233,0.9872080683708191
2209,1027,16232,599,263,189,186,0.9840739965438843
2210,1027,3351,356,884,187,191,0.9730283617973328
2211,1028,16232,136,780,190,189,0.9787529706954956
2212,1028,13900,554,706,206,250,0.9758039712905884
2213,1028,3351,392,158,184,187,0.9692979454994202
2214,1029,16232,178,866,189,191,0.9831706881523132
2215,1029,13900,594,797,203,243,0.9753668904304504
2216,1029,3351,435,216,184,183,0.9701808094978333
2217,1030,34597,45,144,444,413,0.993337869644165
2218,1030,3483,581,760,274,210,0.9812419414520264
2219,1030,35206,572,120,248,379,0.9637475609779358
2220,1030,27733,90,727,314,279,0.9564060568809509
2221,1034,28763,651,883,220,213,0.9867337942123413
2222,1034,3483,148,218,252,223,0.9834833145141602
2223,1034,19861,640,279,220,170,0.9817728400230408
2224,1034,36637,96,905,273,165,0.9588356614112854
2225,1039,25469,47,857,379,220,0.9802579283714294
2226,1039,3483,603,845,279,189,0.9769805669784546
2227,1039,28763,127,214,212,205,0.9759619832038879
2228,1039,16262,574,194,243,232,0.9728403687477112
2229,1041,16262,165,833,250,243,0.9769107103347778
2230,1041,28763,654,852,221,213,0.9764835834503174
2231,1041,3483,126,272,269,188,0.9704865217208862
2232,1041,25469,571,231,374,221,0.9679820537567139
2233,1043,18357,49,627,273,354,0.9802157282829285
2234,1043,35206,513,604,245,418,0.9762505888938904
2235,1043,3351,314,170,183,187,0.9745733737945557
2236,1044,18357,93,723,267,354,0.9780693054199219
2237,1044,35206,554,700,236,411,0.9735304117202759
2238,1044,3351,355,228,183,182,0.9650057554244995
2239,1045,20877,42,755,328,252,0.9876240491867065
2240,1045,28763,134,212,211,202,0.9869773983955383
2241,1045,29667,594,177,219,217,0.9826229810714722
2242,1045,3483,624,719,210,272,0.9807289242744446
2243,1046,29667,623,183,223,215,0.9869992136955261
2244,1046,20877,75,797,327,244,0.9869536757469177
2245,1046,28763,152,222,214,204,0.9849613904953003
2246,1046,3483,651,751,211,270,0.9811205267906189
2247,1047,28763,628,844,220,212,0.9917619228363037
2248,1047,3483,141,291,213,257,0.9801234602928162
2249,1047,29667,135,863,230,227,0.9761802554130554
2250,1047,20877,590,259,325,241,0.9744845032691956
2251,1050,2483,651,82,203,488,0.9841063618659973
2252,1050,3743,137,847,275,272,0.9575634002685547
2253,1050,22362,612,776,245,414,0.9326488971710205
2254,1050,12778,90,164,344,484,0.43473875522613525
2255,1051,13395,143,106,209,437,0.9804458022117615
2256,1051,3743,551,188,269,270,0.979831874370575
2257,1051,2483,90,683,225,477,0.9777860045433044
2258,1051,19552,492,664,377,463,0.5102639198303223
2259,1053,13395,593,698,212,460,0.9912229776382446
2260,1053,2483,614,52,222,485,0.9870827198028564
2261,1053,3743,106,799,274,274,0.953065037727356
2262,1053,19552,79,73,378,471,0.8615819215774536
2263,1055,29667,648,185,220,214,0.9861140847206116
2264,1055,31885,53,28,425,492,0.9814323782920837
2265,1055,3483,572,768,276,205,0.9796004891395569
2266,1055,27733,85,734,320,267,0.9643032550811768
2267,1056,3483,600,799,275,206,0.9843391180038452
2268,1056,29667,677,191,225,213,0.9842581748962402
2269,1056,27733,116,776,323,264,0.9771209955215454
2270,1056,31885,64,44,440,497,0.9713171720504761
2271,1057,25438,113,831,253,254,0.9821146726608276
2272,1057,2483,608,67,246,474,0.9651340246200562
2273,1057,12081,640,704,219,456,0.948542594909668
2274,1057,12778,79,69,330,517,0.9349594712257385
2275,1058,25438,114,842,259,266,0.9852203130722046
2276,1058,2483,597,109,251,455,0.9767535924911499
2277,1058,12778,88,114,324,501,0.9499335885047913
2278,1058,12081,652,707,220,465,0.9404096007347107
2279,1060,25438,556,207,246,249,0.9913899302482605
2280,1060,19552,535,652,350,460,0.9813961386680603
2281,1060,2483,116,685,211,489,0.9680975675582886
2282,1060,12081,114,57,241,472,0.9440180659294128
2283,1060,13395,111,54,242,476,0.67171710729599
2284,1060,12778,533,650,355,483,0.34213799238204956
2285,1064,34597,60,134,443,415,0.9853109121322632
2286,1064,20238,616,195,228,218,0.9826390743255615
2287,1064,3483,603,846,279,189,0.9772746562957764
2288,1064,25469,46,857,379,221,0.975557267665863
2289,1065,34597,487,686,457,435,0.9793758988380432
2290,1065,3483,126,272,271,189,0.9707303643226624
2291,1065,25469,572,231,375,223,0.9641686081886292
2292,1065,20238,139,849,234,228,0.9463626742362976
2293,1067,16262,119,845,248,244,0.9819490313529968
2294,1067,31885,556,670,400,533,0.9818196296691895
2295,1067,3483,131,289,279,170,0.9777862429618835
2296,1067,28763,680,258,211,195,0.9322820901870728
2297,1069,21771,115,203,193,186,0.9811408519744873
2298,1069,16548,643,164,237,226,0.9737340807914734
2299,1069,1900,624,890,205,140,0.9694827795028687
2300,1069,16548,137,869,180,176,0.8610224723815918
2301,1070,21771,686,884,197,192,0.9778364896774292
2302,1070,16548,102,865,240,238,0.974003255367279
2303,1070,1900,174,282,202,138,0.9723926782608032
2304,1073,27777,143,775,180,205,0.9811360239982605
2305,1073,22347,116,199,199,195,0.9800869226455688
2306,1073,3483,534,781,270,220,0.9759982228279114
2307,1073,36637,635,175,184,247,0.9726970195770264
2308,1075,3544,103,160,204,200,0.977850615978241
2309,1075,16551,95,596,336,464,0.9725301265716553
2310,1075,4543,611,143,206,199,0.9673823714256287
2311,1076,3544,668,898,216,213,0.9795509576797485
2312,1076,16551,531,192,334,440,0.9692974090576172
2313,1076,4543,133,918,213,210,0.9585115313529968
2314,1077,3544,117,166,210,203,0.9800845980644226
2315,1077,16551,129,645,332,455,0.9718545079231262
2316,1077,4543,640,143,210,201,0.9717338681221008
2317,1079,22347,121,220,204,197,0.9878405928611755
2318,1079,29667,625,187,222,215,0.9869438409805298
2319,1079,3483,648,754,212,270,0.9802775979042053
2320,1079,20877,72,796,325,245,0.9798969626426697
2321,1080,20877,39,754,328,253,0.9863075613975525
2322,1080,22347,103,212,201,195,0.985142171382904
2323,1080,29667,596,181,219,216,0.9849331974983215
2324,1080,3483,620,722,212,272,0.9805013537406921
2325,1081,1900,610,901,204,135,0.9787322878837585
2326,1081,16551,483,200,455,328,0.9598530530929565
2327,1081,25367,93,183,259,232,0.9211953282356262
2328,1081,16548,126,867,179,176,0.8214015960693359
2329,1085,20877,84,723,332,243,0.9855834245681763
2330,1085,16232,628,222,187,183,0.9832245111465454
2331,1085,25367,36,131,436,411,0.9812963604927063
2332,1085,3483,625,718,211,271,0.9790717959403992
2333,1087,3544,135,176,202,200,0.977390468120575
2334,1087,16551,89,587,293,491,0.9733692407608032
2335,1087,16548,623,204,219,216,0.9116297364234924
2336,1087,19232,566,675,267,456,0.4663704037666321
2337,1089,3544,634,887,216,213,0.9769366383552551
2338,1089,16551,580,181,298,462,0.9714643359184265
2339,1089,16548,107,833,229,228,0.9611563086509705
2340,1089,29451,140,146,272,425,0.35115307569503784
2341,1092,1900,652,849,210,159,0.9796177744865417
2342,1092,16548,84,913,242,239,0.9767886400222778
2343,1092,33009,567,213,322,292,0.9715747833251953
2344,1092,12247,134,242,242,233,0.29077452421188354
2345,1093,34597,504,692,454,439,0.9870598316192627
2346,1093,16262,101,851,247,242,0.9853832721710205
2347,1093,19861,640,280,221,170,0.9836371541023254
2348,1093,3483,147,220,253,222,0.9826023578643799
2349,1095,34597,45,122,440,420,0.9926653504371643
2350,1095,3483,599,866,261,231,0.9826791286468506
2351,1095,16262,637,178,246,230,0.9822266101837158
2352,1095,19861,127,865,220,168,0.981257438659668
2353,1096,3544,93,196,202,199,0.9832752346992493
2354,1096,27993,548,779,310,241,0.9682480692863464
2355,1096,16551,483,112,438,329,0.9385546445846558
2356,1097,3544,108,206,209,200,0.9783604145050049
2357,1097,16551,508,122,451,334,0.9703023433685303
2358,1097,27993,573,813,309,234,0.8948469758033752
2359,1098,3544,677,861,215,213,0.9740442037582397
2360,1098,16551,23,782,470,349,0.9663939476013184
2361,1098,27993,123,254,299,232,0.9643658995628357
2362,1100,3483,535,782,268,219,0.9777184128761292
2363,1100,27777,143,775,180,203,0.9754832983016968
2364,1100,31885,48,92,421,497,0.9754456281661987
2365,1100,36637,636,177,182,245,0.9748127460479736
2366,1101,27777,176,812,176,200,0.9862094521522522
2367,1101,36637,665,178,187,251,0.9842625856399536
2368,1101,31885,65,114,432,500,0.9786848425865173
2369,1101,3483,563,814,266,219,0.9772552847862244
2370,1105,22347,112,214,204,196,0.9864702820777893
2371,1105,3483,609,789,273,212,0.9816537499427795
2372,1105,27733,123,768,316,276,0.9773533344268799
2373,1105,35206,604,124,252,396,0.9508918523788452
2374,1109,28763,139,225,215,203,0.986329972743988
2375,1109,16262,621,182,246,232,0.9829114675521851
2376,1109,28763,99,854,216,206,0.9818257093429565
2377,1109,3483,591,844,282,173,0.9788376092910767
2378,1111,28763,63,812,217,209,0.985931396484375
2379,1111,29667,603,176,218,214,0.983249306678772
2380,1111,3483,561,811,285,175,0.9727402925491333
2381,1111,28763,115,188,213,199,0.805391788482666
2382,1114,30308,560,695,397,427,0.9750213623046875
2383,1114,35206,103,687,207,418,0.972924530506134
2384,1114,3483,131,290,279,172,0.970530092716217
2385,1114,28763,681,258,209,195,0.9672369360923767
2386,1115,28763,63,812,219,209,0.9878227114677429
2387,1115,35206,650,140,204,403,0.9760901927947998
2388,1115,3483,561,811,286,177,0.9734288454055786
2389,1115,30308,43,121,376,411,0.972649872303009
2390,1116,28763,97,853,216,207,0.9869264364242554
2391,1116,3483,590,844,281,173,0.979430079460144
2392,1116,30308,55,138,387,418,0.9775606393814087
2393,1116,35206,679,149,210,414,0.9735061526298523
2394,1118,3544,676,858,215,214,0.9813334345817566
2395,1118,16548,104,881,238,239,0.9784430265426636
2396,1118,19607,196,240,175,237,0.9231202602386475
2397,1118,29451,584,238,217,336,0.623891294002533
2398,1119,16548,644,145,239,227,0.979077160358429
2399,1119,3544,109,207,209,202,0.9777668714523315
2400,1119,27926,193,709,217,360,0.39860302209854126
2401,1121,25469,572,187,333,284,0.9853366017341614
2402,1121,28763,621,859,222,215,0.9847115278244019
2403,1121,29667,137,871,233,230,0.9764387607574463
2404,1121,3483,126,271,270,188,0.9709640741348267
2405,1123,25367,493,668,450,438,0.9838206768035889
2406,1123,16262,152,803,250,243,0.9816712737083435
2407,1123,27733,564,262,302,267,0.9746806025505066
2408,1123,3483,121,307,274,202,0.9720742702484131
2409,1125,16262,588,227,249,232,0.9819321632385254
2410,1125,25367,67,159,437,426,0.9817111492156982
2411,1125,3483,610,790,273,212,0.9790071249008179
2412,1125,27733,122,767,319,277,0.9785724878311157
2413,1126,31885,505,727,471,484,0.98492032289505
2414,1126,16262,111,836,247,242,0.9808387756347656
2415,1126,20877,544,294,331,234,0.980631947517395
2416,1126,3483,142,291,214,256,0.9795873165130615
2417,1129,22347,682,827,210,207,0.9770144820213318
2418,1129,20238,113,855,231,227,0.9763091206550598
2419,1129,27733,565,261,301,266,0.9743995666503906
2420,1129,3483,122,305,274,203,0.9743372201919556
2421,1135,1900,152,253,196,163,0.9754263162612915
2422,1135,16551,607,53,286,485,0.9644182324409485
2423,1135,33009,548,838,373,197,0.8526301980018616
2424,1136,33009,88,257,366,210,0.9787920713424683
2425,1136,1900,642,855,204,172,0.976804792881012
2426,1136,16551,91,703,293,496,0.9724960327148438
2427,1138,34597,33,89,365,478,0.9835788011550903
2428,1138,20238,594,174,222,212,0.9767053723335266
2429,1138,28763,66,813,217,210,0.9762198328971863
2430,1138,3483,564,812,285,174,0.9730709195137024
2431,1140,34597,46,116,373,475,0.9838082194328308
2432,1140,20238,621,176,228,216,0.9837855100631714
2433,1140,3483,592,844,282,173,0.9803547263145447
2434,1140,28763,100,854,216,206,0.974412739276886
2435,1140,16262,620,176,231,216,0.2541598379611969
2436,1141,25438,556,196,245,251,0.9883615374565125
2437,1141,2483,67,650,301,455,0.9634502530097961
2438,1141,12081,60,114,244,432,0.9424808025360107
2439,1142,25438,123,822,254,254,0.9873237609863281
2440,1142,2483,575,116,291,455,0.9809508323669434
2441,1142,12081,646,697,247,455,0.9688603281974792
2442,1143,25438,124,834,259,267,0.9808792471885681
2443,1143,12081,655,696,257,474,0.9723479151725769
2444,1143,2483,565,153,301,435,0.9674198627471924
2445,1144,31885,48,162,435,497,0.98078852891922
2446,1144,25469,46,857,380,220,0.9796215295791626
2447,1144,3483,603,845,279,188,0.976931631565094
2448,1144,16262,573,196,243,232,0.9714491367340088
2449,1148,16232,145,732,195,193,0.9852897524833679
2450,1148,3351,384,160,184,191,0.9686617851257324
2451,1148,41768,555,632,268,307,0.9670602083206177
2452,1149,16232,187,820,193,190,0.9806172847747803
2453,1149,41768,597,722,262,309,0.9716184735298157
2454,1149,3351,428,221,183,184,0.9712320566177368
2455,1150,34597,84,52,396,464,0.9871878623962402
2456,1150,27777,176,810,177,202,0.9853180646896362
2457,1150,29667,630,165,223,215,0.9839389324188232
2458,1150,3483,562,814,268,219,0.9774255156517029
2459,1153,22347,145,211,207,197,0.98110032081604
2460,1153,3483,599,866,261,232,0.9809218049049377
2461,1153,16232,647,175,191,185,0.9808892607688904
2462,1153,19861,127,866,220,167,0.9769088625907898
2463,1154,22347,128,202,201,195,0.9872122406959534
2464,1154,16232,618,173,185,182,0.9851176738739014
2465,1154,3483,573,836,263,232,0.9743089079856873
2466,1154,19861,91,826,227,178,0.9685904383659363
2467,1155,22347,642,861,213,208,0.9939998388290405
2468,1155,16232,145,900,194,190,0.9856325387954712
2469,1155,19861,640,279,221,170,0.9828717708587646
2470,1155,3483,148,218,253,223,0.981984555721283
2471,1156,13900,182,283,207,230,0.9876258969306946
2472,1156,16262,575,309,238,235,0.9821563363075256
2473,1156,3351,393,859,189,190,0.9682384729385376
2474,1157,13900,554,714,216,245,0.9822275042533875
2475,1157,16262,112,675,248,247,0.9797082543373108
2476,1157,3351,355,181,185,190,0.9688553214073181
2477,1158,13900,593,805,212,241,0.9834317564964294
2478,1158,16262,156,769,244,238,0.971179187297821
2479,1158,3351,398,244,183,183,0.9659416079521179
2480,1159,18357,152,301,242,355,0.983371913433075
2481,1159,3351,403,808,188,191,0.9675326943397522
2482,1159,16232,644,294,192,194,0.9637917280197144
2483,1161,18357,584,615,242,373,0.9793932437896729
2484,1161,16232,131,815,190,189,0.9698071479797363
2485,1161,3351,388,280,183,182,0.9693054556846619
2486,1163,3544,119,186,210,201,0.9811553955078125
2487,1163,29451,493,803,409,243,0.9769920110702515
2488,1163,16551,40,603,309,476,0.9728838205337524
2489,1163,16548,656,197,227,218,0.9572864174842834
2490,1164,29451,463,766,416,249,0.9814231991767883
2491,1164,16551,10,556,306,484,0.9731405973434448
2492,1164,3544,104,180,203,200,0.9723244905471802
2493,1164,16548,626,191,220,217,0.5505728721618652
2494,1166,25367,572,685,391,488,0.9844483137130737
2495,1166,25469,570,186,333,290,0.9746923446655273
2496,1166,3483,126,272,270,189,0.9687691330909729
2497,1166,36637,131,829,183,263,0.9546005725860596
2498,1167,36637,674,170,177,257,0.9846528172492981
2499,1167,25469,88,828,342,301,0.9773464798927307
2500,1167,3483,603,846,278,188,0.9758175611495972
2501,1167,25367,50,94,382,471,0.9756239652633667
2502,1168,29667,591,168,219,217,0.9862866997718811
2503,1168,25469,49,787,354,302,0.9848937392234802
2504,1168,3483,575,812,279,191,0.9829533100128174
2505,1168,30308,45,16,341,428,0.9787742495536804
2506,1170,29667,618,172,224,216,0.9874709248542786
2507,1170,30308,55,22,357,442,0.9823905229568481
2508,1170,25469,87,829,344,299,0.9794623255729675
2509,1170,3483,602,846,278,188,0.9761616587638855
2510,1171,3544,123,181,204,200,0.9850636720657349
2511,1171,4543,639,152,202,200,0.9817625284194946
2512,1171,16548,579,745,240,235,0.9804203510284424
2513,1171,16548,94,787,224,223,0.9263318181037903
2514,1173,3544,646,875,216,214,0.9854621887207031
2515,1173,16548,160,285,232,226,0.9809743762016296
2516,1173,4543,105,907,213,212,0.9756691455841064
2517,1173,16548,645,262,218,213,0.9597242474555969
2518,1174,29667,125,864,231,229,0.9756727814674377
2519,1174,30308,575,755,396,436,0.9737021923065186
2520,1174,3483,133,290,277,172,0.9712424874305725
2521,1174,28763,680,259,211,196,0.7487545609474182
2522,1176,28763,96,852,216,207,0.9829533100128174
2523,1176,29667,632,180,223,215,0.9829381108283997
2524,1176,3483,589,844,281,172,0.9803838133811951
2525,1176,30308,43,71,384,425,0.9770367741584778
2526,1178,3483,536,784,269,219,0.977375864982605
2527,1178,31885,102,41,402,506,0.9763227701187134
2528,1178,27777,144,778,179,204,0.9743349552154541
2529,1178,20238,576,191,222,215,0.9661685824394226
2530,1180,19232,497,233,326,254,0.9756336212158203
2531,1180,21325,185,305,169,230,0.9684227705001831
2532,1180,3351,396,917,189,191,0.9645088315010071
2533,1184,1900,188,275,200,135,0.9794147610664368
2534,1184,16548,143,878,243,239,0.9736417531967163
2535,1184,24850,672,830,191,300,0.9670955538749695
2536,1185,16548,600,150,239,226,0.9785191416740417
2537,1185,1900,611,901,203,135,0.9772897958755493
2538,1185,24850,137,144,187,292,0.9540798664093018
2539,1186,13395,144,106,208,436,0.9843108654022217
2540,1186,19552,513,564,320,482,0.9772942066192627
2541,1186,2483,86,685,231,474,0.9758164286613464
2542,1186,3743,552,187,269,271,0.9757668375968933
2543,1187,13395,593,698,213,459,0.9905118346214294
2544,1187,19552,106,152,331,492,0.9878690838813782
2545,1187,2483,611,52,228,486,0.9849696159362793
2546,1187,3743,106,800,275,274,0.9720859527587891
2547,1189,3743,119,783,323,322,0.9914515614509583
2548,1189,2483,590,72,243,475,0.9858147501945496
2549,1189,12081,603,713,235,446,0.9708628058433533
2550,1189,12778,91,117,327,503,0.6594308614730835
2551,1189,13395,602,706,234,459,0.26201117038726807
2552,1190,3743,120,796,329,328,0.9939414262771606
2553,1190,2483,582,104,235,468,0.9891396164894104
2554,1190,12081,612,717,241,461,0.9690414667129517
2555,1190,12778,96,151,322,501,0.876156210899353
2556,1190,13395,612,711,239,472,0.5808666348457336
2557,1191,3743,493,163,314,302,0.984159529209137
2558,1191,13395,107,102,231,437,0.9780147075653076
2559,1191,2483,91,672,250,472,0.9734643697738647
2560,1191,12778,525,581,317,495,0.7132472991943359
2561,1191,12081,108,110,230,433,0.3496186137199402
2562,1192,1900,643,854,204,172,0.9806915521621704
2563,1192,33009,89,256,365,210,0.9787139296531677
2564,1192,16551,86,693,294,497,0.9786770343780518
2565,1192,24850,647,207,176,275,0.9650074243545532
2566,1194,1900,151,253,195,163,0.9759686589241028
2567,1194,16551,613,63,292,483,0.9681251645088196
2568,1194,24850,167,820,176,292,0.9601457118988037
2569,1194,33009,548,838,373,198,0.8806764483451843
2570,1196,27777,639,292,174,195,0.9836630821228027
2571,1196,28763,617,889,221,212,0.9790818691253662
2572,1196,35206,139,708,240,409,0.9734920263290405
2573,1196,3483,169,275,264,219,0.973036527633667
2574,1197,27777,179,812,176,201,0.9878639578819275
2575,1197,28763,163,178,218,204,0.9798612594604492
2576,1197,3483,565,812,269,219,0.9742801785469055
2577,1197,35206,617,138,224,406,0.9576930999755859
2578,1198,27777,178,813,176,201,0.9834570288658142
2579,1198,28763,131,216,212,204,0.9826516509056091
2580,1198,20238,604,195,228,216,0.9796451330184937
2581,1198,3483,565,815,268,220,0.9759485721588135
2582,1199,20238,151,850,232,226,0.9885686635971069
2583,1199,28763,651,851,220,213,0.9870445132255554
2584,1199,27777,639,292,175,194,0.9826080203056335
2585,1199,3483,170,274,263,216,0.9789001941680908
2586,1201,3544,145,188,204,199,0.9872682690620422
2587,1201,16548,586,212,233,224,0.9799736738204956
2588,1201,12247,584,815,211,155,0.9769645929336548
2589,1201,3544,104,824,180,179,0.30755987763404846
2590,1204,22074,687,263,182,185,0.9950003027915955
2591,1204,32310,69,216,341,255,0.9736908674240112
2592,1204,3351,394,861,190,191,0.9669060111045837
2593,1206,22074,94,853,184,188,0.9781950116157532
2594,1206,3351,397,225,183,183,0.9739537239074707
2595,1206,32310,570,818,351,271,0.9688218832015991
2596,1207,16232,151,827,194,194,0.9860665202140808
2597,1207,27777,638,292,175,194,0.9812338948249817
2598,1207,22347,685,813,212,207,0.980170726776123
2599,1207,3483,169,277,264,216,0.9761196374893188
2600,1209,27777,178,811,177,202,0.986417293548584
2601,1209,22347,102,262,204,196,0.9810386300086975
2602,1209,16232,645,252,187,180,0.9807890057563782
2603,1209,3483,566,812,268,220,0.9750885963439941
2604,1210,34597,70,141,466,384,0.9939782619476318
2605,1210,20877,116,767,331,233,0.9812017679214478
2606,1210,3483,652,748,213,272,0.9803455471992493
2607,1210,35206,658,172,226,405,0.9703116416931152
2608,1212,34597,457,708,478,405,0.9880737662315369
2609,1212,3483,139,290,216,260,0.9777656197547913
2610,1212,20877,543,294,330,235,0.9772178530693054
2611,1212,35206,98,673,235,407,0.9746031165122986
2612,1213,25438,129,837,254,256,0.9894888997077942
2613,1213,2483,657,61,205,488,0.970674991607666
2614,1213,13395,593,679,236,497,0.9411953687667847
2615,1213,12778,98,0,326,488,0.542866587638855
2616,1214,25438,131,848,259,268,0.9859559535980225
2617,1214,2483,652,99,203,474,0.9647068977355957
2618,1214,13395,598,681,248,508,0.8503472805023193
2619,1214,12778,106,50,316,479,0.7836145162582397
2620,1214,12081,597,687,251,497,0.39649298787117004
2621,1216,16551,613,179,289,465,0.9745002388954163
2622,1216,27926,154,174,270,458,0.9709911346435547
2623,1216,3544,659,865,217,214,0.9708150625228882
2624,1216,16548,132,845,228,228,0.8055753707885742
2625,1219,29345,580,664,284,453,0.9761133790016174
2626,1219,16551,67,581,335,467,0.9735648036003113
2627,1219,3544,105,243,203,199,0.9719904661178589
2628,1219,16548,651,207,218,216,0.7362743616104126
2629,1220,3544,122,254,207,200,0.9837260842323303
2630,1220,29345,605,702,286,449,0.9809796214103699
2631,1220,16551,95,628,339,461,0.9563684463500977
2632,1220,16548,680,214,223,217,0.8121094107627869
2633,1222,36637,614,204,185,244,0.9867455363273621
2634,1222,3483,563,811,284,175,0.9719895124435425
2635,1222,28763,64,812,219,210,0.9294710159301758
2636,1222,30308,95,109,312,486,0.7882359027862549
2637,1224,36637,642,207,192,249,0.9893681406974792
2638,1224,3483,591,844,280,172,0.9795198440551758
2639,1224,30308,119,123,317,496,0.877642810344696
2640,1224,28763,98,854,216,206,0.8458696007728577
2641,1226,31885,124,3,322,544,0.9888521432876587
2642,1226,3483,600,866,260,232,0.9840841889381409
2643,1226,19861,127,865,219,167,0.9792670011520386
2644,1226,35206,586,96,282,379,0.9283081293106079
2645,1227,31885,546,692,326,555,0.9853633642196655
2646,1227,19861,641,280,219,170,0.981719434261322
2647,1227,3483,147,219,252,223,0.9812994599342346
2648,1227,35206,111,777,297,386,0.9618733525276184
2649,1232,31885,540,657,401,527,0.9909345507621765
2650,1232,3483,144,288,212,256,0.9799260497093201
2651,1232,29667,134,860,230,227,0.9793899655342102
2652,1232,20877,593,259,325,242,0.9731109738349915
2653,1235,16548,620,145,240,229,0.9878469705581665
2654,1235,21771,160,806,193,186,0.9811024069786072
2655,1235,1900,151,252,197,165,0.9732667803764343
2656,1235,33009,548,838,375,198,0.7456589341163635
2657,1237,16548,613,188,240,226,0.9811723828315735
2658,1237,1900,106,269,203,124,0.9777853488922119
2659,1237,12247,632,800,165,283,0.6888352632522583
2660,1238,1900,684,879,210,131,0.9781222343444824
2661,1238,16548,133,843,240,237,0.9744369387626648
2662,1238,12247,206,230,162,273,0.9692515730857849
2663,1238,29451,562,178,265,421,0.26641055941581726
2664,1239,16548,586,181,232,226,0.9835107326507568
2665,1239,1900,89,260,200,127,0.9763268232345581
2666,1239,12247,604,769,171,285,0.8271109461784363
2667,1239,19232,135,644,263,453,0.657806396484375
2668,1242,16551,547,91,286,466,0.9748716950416565
2669,1242,1900,160,258,127,200,0.9732224345207214
2670,1242,29345,92,707,284,445,0.9722514748573303
2671,1242,12247,636,806,166,284,0.6439972519874573
2672,1243,3483,610,789,272,212,0.9810753464698792
2673,1243,30308,69,136,372,431,0.9799511432647705
2674,1243,27733,123,766,316,277,0.976389467716217
2675,1243,35206,602,125,251,394,0.9634072184562683
2676,1244,30308,563,687,382,440,0.9833205342292786
2677,1244,35206,123,734,273,399,0.9739404916763306
2678,1244,27733,565,260,299,268,0.9694122076034546
2679,1244,3483,121,308,274,202,0.9685750603675842
2680,1245,3483,581,759,274,211,0.980591356754303
2681,1245,30308,57,118,360,422,0.9687415361404419
2682,1245,35206,576,118,242,382,0.9643871784210205
2683,1245,27733,91,727,313,280,0.9608139395713806
2684,1246,34597,59,80,387,466,0.9931917786598206
2685,1246,16262,573,186,241,231,0.9785929918289185
2686,1246,3483,536,783,269,219,0.9766597747802734
2687,1246,27777,144,777,180,204,0.9746179580688477
2688,1248,34597,523,666,411,480,0.9847978949546814
2689,1248,27777,640,293,174,193,0.9829110503196716
2690,1248,16262,136,835,251,243,0.9810401201248169
2691,1248,3483,170,276,263,215,0.9787317514419556
2692,1250,13395,599,700,224,470,0.9925755262374878
2693,1250,2483,606,90,215,466,0.9865882992744446
2694,1250,3743,107,810,282,286,0.9779238104820251
2695,1250,12778,97,71,306,514,0.9395567774772644
2696,1251,13395,144,104,208,439,0.9846304059028625
2697,1251,3743,551,187,269,271,0.9819332957267761
2698,1251,2483,84,683,231,476,0.9787907600402832
2699,1251,12778,545,650,299,524,0.9478759169578552
2700,1252,29667,624,186,223,215,0.9857251644134521
2701,1252,30308,77,79,392,412,0.9828401803970337
2702,1252,3483,648,753,212,270,0.9812639951705933
2703,1252,20877,73,795,324,246,0.9796770215034485
2704,1254,20877,40,754,327,253,0.9855373501777649
2705,1254,29667,595,181,220,217,0.9822770953178406
2706,1254,3483,621,722,211,272,0.9822121262550354
2707,1254,30308,67,64,379,406,0.9733222723007202
2708,1256,1900,643,829,172,198,0.9813482761383057
2709,1256,19607,656,272,156,151,0.9754628539085388
2710,1256,16551,92,661,303,489,0.9731389880180359
2711,1256,24850,127,129,259,422,0.3882729709148407
2712,1261,16232,649,231,193,181,0.9876848459243774
2713,1261,28763,97,853,216,207,0.9836806058883667
2714,1261,22347,142,170,203,196,0.98065185546875
2715,1261,3483,589,844,282,174,0.9784947633743286
2716,1262,16232,621,222,187,183,0.9884754419326782
2717,1262,22347,126,165,199,193,0.987456738948822
2718,1262,28763,64,812,217,209,0.9852547645568848
2719,1262,3483,561,811,285,176,0.9740622043609619
2720,1263,22347,646,904,213,206,0.9886704683303833
2721,1263,16232,141,846,197,193,0.9835298657417297
2722,1263,3483,132,287,279,172,0.9768614172935486
2723,1263,28763,680,258,211,195,0.9618062973022461
2724,1264,31863,637,320,207,208,0.9846565127372742
2725,1264,36637,228,319,202,237,0.9715737104415894
2726,1264,3351,392,862,188,190,0.9665843844413757
2727,1265,31863,81,704,209,213,0.9853290915489197
2728,1265,36637,508,663,206,251,0.9822127819061279
2729,1265,3351,358,177,182,189,0.9724039435386658
2730,1269,13900,620,763,176,261,0.9800366759300232
2731,1269,36637,218,771,210,238,0.9700395464897156
2732,1269,3351,363,233,182,182,0.9687241911888123
2733,1270,1900,632,895,209,133,0.9826709628105164
2734,1270,27926,143,143,263,460,0.9755621552467346
2735,1270,16548,118,852,239,238,0.9752179384231567
2736,1272,1900,158,250,203,125,0.9805029630661011
2737,1272,16548,628,176,241,227,0.9794689416885376
2738,1272,27926,602,671,249,486,0.9684915542602539
2739,1273,25438,554,206,245,249,0.9906815886497498
2740,1273,2483,107,683,229,490,0.9639413356781006
2741,1273,12081,112,56,241,470,0.9227399826049805
2742,1273,12778,542,597,303,522,0.7984470725059509
2743,1273,13395,110,52,241,477,0.796727180480957
2744,1274,25438,125,813,254,256,0.9901982545852661
2745,1274,2483,597,43,218,488,0.9775364398956299
2746,1274,12081,585,710,237,502,0.7986071109771729
2747,1274,12778,102,76,303,539,0.720660924911499
2748,1274,13395,585,709,238,508,0.6867866516113281
2749,1278,38162,621,705,189,295,0.9855243563652039
2750,1278,3832,151,601,308,424,0.9761233925819397
2751,1278,3351,419,257,181,180,0.9696552753448486
2752,1279,1900,648,857,209,154,0.9827966690063477
2753,1279,21771,675,288,188,181,0.9798727035522461
2754,1279,16551,91,766,297,499,0.9753408432006836
2755,1279,24850,115,134,260,423,0.45565131306648254
2756,1280,16551,573,0,284,455,0.9742470383644104
2757,1280,21771,92,811,192,190,0.9742271304130554
2758,1280,1900,123,260,200,148,0.9638761281967163
2759,1280,19232,597,690,271,458,0.26295799016952515
2760,1282,13395,85,86,231,478,0.9910292625427246
2761,1282,3743,496,122,311,308,0.9905732274055481
2762,1282,2483,63,651,198,485,0.9702805280685425
2763,1282,19552,507,594,312,491,0.9113780856132507
2764,1284,13395,628,674,230,503,0.9895138740539551
2765,1284,3743,116,827,324,320,0.9875885844230652
2766,1284,2483,670,77,212,490,0.9855577349662781
2767,1284,19552,117,114,323,500,0.9459537267684937
2768,1290,16548,540,139,230,226,0.9818203449249268
2769,1290,1900,162,257,127,200,0.9781344532966614
2770,1290,29345,591,535,271,445,0.9778159856796265
2771,1293,20238,575,190,223,215,0.988346517086029
2772,1293,3483,536,782,268,221,0.9755874276161194
2773,1293,27777,145,777,179,204,0.9738861322402954
2774,1293,30308,119,85,307,450,0.9368587732315063
2775,1294,34597,11,46,415,452,0.9887735843658447
2776,1294,28763,97,853,217,207,0.9861897826194763
2777,1294,3483,590,844,282,173,0.9799540042877197
2778,1294,35206,678,149,210,414,0.9720625281333923
2779,1295,34597,4,25,403,454,0.9903355836868286
2780,1295,28763,63,813,220,209,0.98506760597229
2781,1295,35206,650,140,204,403,0.9766075015068054
2782,1295,3483,561,811,286,177,0.9720718860626221
2783,1296,3483,132,288,279,172,0.975865364074707
2784,1296,35206,102,687,209,417,0.9714264273643494
2785,1296,34597,569,733,407,475,0.947758674621582
2786,1296,28763,680,258,210,196,0.3240354657173157
2787,1297,16548,153,245,230,224,0.9823215007781982
2788,1297,4543,158,890,210,213,0.9799605011940002
2789,1297,3544,644,918,217,214,0.977667510509491
2790,1297,4543,687,274,185,175,0.9408136606216431
2791,1298,4543,115,861,189,181,0.9776315093040466
2792,1298,16548,617,827,234,229,0.975941002368927
2793,1298,3544,140,143,210,203,0.9758667349815369
2794,1298,4543,618,169,208,202,0.9713846445083618
2795,1300,28763,96,853,217,205,0.9864989519119263
2796,1300,29667,632,181,223,214,0.983159601688385
2797,1300,3483,590,845,280,171,0.9823272228240967
2798,1300,31885,71,115,463,478,0.9764238595962524
2799,1302,28763,63,812,218,209,0.9856353998184204
2800,1302,29667,604,177,218,215,0.9842525124549866
2801,1302,3483,561,812,285,174,0.9729001522064209
2802,1302,31885,53,93,450,473,0.9671413898468018
2803,1305,1900,633,895,209,135,0.9805992841720581
2804,1305,27926,597,160,258,452,0.9797334671020508
2805,1305,16551,80,667,333,471,0.9772549271583557
2806,1305,12247,138,291,284,151,0.807222306728363
2807,1309,27733,561,257,301,263,0.9844357967376709
2808,1309,29667,88,863,231,230,0.982833743095398
2809,1309,28763,584,871,223,213,0.9821287393569946
2810,1309,3483,122,305,273,201,0.973160445690155
2811,1311,28763,177,187,211,201,0.9869552254676819
2812,1311,3483,581,760,274,209,0.9813004732131958
2813,1311,29667,640,176,219,214,0.9808750152587891
2814,1311,27733,94,733,317,279,0.9724748730659485
2815,1312,13395,595,681,242,497,0.9772869348526001
2816,1312,3743,108,806,277,273,0.9752262830734253
2817,1312,2483,615,54,251,469,0.9696491956710815
2818,1312,12778,68,50,330,492,0.7255736589431763
2819,1315,16688,140,91,283,595,0.9877752065658569
2820,1315,19232,543,206,297,292,0.9770421981811523
2821,1315,3351,423,878,190,193,0.9737094044685364
2822,1316,16688,517,479,293,650,0.9852077960968018
2823,1316,19232,82,694,309,308,0.9733580350875854
2824,1316,3351,326,163,186,187,0.9698671698570251
2825,1322,13395,144,106,208,437,0.9830259680747986
2826,1322,2483,85,684,230,477,0.9781598448753357
2827,1322,3743,552,188,268,271,0.9773935079574585
2828,1322,19552,488,602,338,492,0.9198371171951294
2829,1323,13395,593,698,212,459,0.9919295310974121
2830,1323,2483,612,51,226,486,0.9877514839172363
2831,1323,3743,106,800,275,274,0.9432216882705688
2832,1323,19552,128,100,339,506,0.8360090255737305
2833,1326,20238,600,838,227,224,0.9837058782577515
2834,1326,18357,161,672,266,352,0.9740943312644958
2835,1326,3351,370,246,183,182,0.973763108253479
2836,1327,29451,512,242,407,220,0.9868751764297485
2837,1327,16548,170,814,238,238,0.9804854393005371
2838,1327,1900,643,845,190,190,0.9654389023780823
2839,1327,12247,173,233,199,263,0.9181146621704102
2840,1328,16548,580,216,240,229,0.9788432121276855
2841,1328,29451,69,842,418,216,0.9775821566581726
2842,1328,1900,167,247,184,181,0.977198600769043
2843,1328,12247,627,809,206,272,0.7029547691345215
2844,1329,29451,34,801,427,223,0.9854016304016113
2845,1329,16548,553,208,233,227,0.982225775718689
2846,1329,1900,149,241,181,181,0.9721229076385498
2847,1329,12247,601,779,209,275,0.722835898399353
2848,1330,34597,92,165,441,418,0.9879129528999329
2849,1330,25469,88,828,344,302,0.97982257604599
2850,1330,3483,603,845,277,188,0.9765081405639648
2851,1330,35206,610,117,235,404,0.9710932970046997
2852,1331,34597,81,133,426,427,0.9862942099571228
2853,1331,3483,577,812,279,191,0.9826839566230774
2854,1331,25469,50,786,353,304,0.9821684956550598
2855,1331,35206,583,111,225,392,0.9781712889671326
2856,1332,35206,134,728,249,411,0.9791023135185242
2857,1332,25469,569,186,334,287,0.9774031043052673
2858,1332,34597,460,650,454,440,0.9772998094558716
2859,1332,3483,124,270,273,191,0.9656373858451843
2860,1333,3351,401,923,190,192,0.9725597500801086
2861,1333,36637,157,283,194,246,0.9681838154792786
2862,1333,20014,579,282,339,318,0.9668636918067932
2863,1337,16548,576,186,239,227,0.9786222577095032
2864,1337,29451,495,820,401,269,0.9765872359275818
2865,1337,1900,167,246,185,181,0.9677451848983765
2866,1337,21771,82,793,300,293,0.2599881589412689
2867,1340,1900,643,859,211,157,0.9859601259231567
2868,1340,24850,580,286,292,171,0.9759481549263
2869,1340,16548,189,825,238,238,0.9758493900299072
2870,1345,29667,617,173,223,215,0.9855605959892273
2871,1345,31885,165,122,419,504,0.9821356534957886
2872,1345,25469,86,830,344,299,0.9800001382827759
2873,1345,3483,602,846,277,187,0.9763290882110596
2874,1347,25469,572,188,333,284,0.9864076375961304
2875,1347,29667,138,871,233,229,0.9772856831550598
2876,1347,3483,127,273,268,188,0.9716952443122864
2877,1347,31885,411,614,423,517,0.9696800708770752
2878,1348,31863,186,266,203,206,0.9858657121658325
2879,1348,22074,675,308,184,190,0.9781856536865234
2880,1348,3351,363,880,188,191,0.9770646095275879
2881,1350,31863,589,858,203,204,0.9837145209312439
2882,1350,3351,428,221,181,181,0.9788519144058228
2883,1350,22074,107,813,184,189,0.9765759706497192
2884,1353,16232,151,828,194,193,0.9877843856811523
2885,1353,34597,515,681,433,457,0.9872465133666992
2886,1353,27777,639,293,174,194,0.9809464812278748
2887,1353,3483,167,278,266,214,0.9795753359794617
2888,1354,30308,581,736,332,467,0.9810206890106201
2889,1354,20877,543,293,329,234,0.97809237241745
2890,1354,36637,167,799,190,254,0.9778308868408203
2891,1354,3483,142,293,212,259,0.9745470881462097
2892,1355,20877,84,723,333,243,0.9854421615600586
2893,1355,36637,603,203,178,247,0.9820575714111328
2894,1355,3483,625,718,209,273,0.9784451127052307
2895,1355,30308,84,46,317,445,0.9620091319084167
2896,1357,3544,96,228,203,201,0.9795834422111511
2897,1357,16548,578,168,233,226,0.9779462814331055
2898,1357,4543,626,815,190,186,0.9727773070335388
2899,1358,16548,605,175,240,225,0.984738826751709
2900,1358,3544,111,239,210,202,0.9785667657852173
2901,1358,4543,653,848,188,180,0.9633714556694031
2902,1358,27926,197,717,217,359,0.7710626721382141
2903,1359,16548,142,853,240,238,0.9780914187431335
2904,1359,3544,674,826,215,212,0.9752600789070129
2905,1359,4543,161,279,188,180,0.973008394241333
2906,1359,29451,581,232,217,334,0.4509449005126953
2907,1361,19232,167,648,242,358,0.98123699426651
2908,1361,29667,627,690,232,231,0.9768795371055603
2909,1361,3351,358,149,184,188,0.973607063293457
2910,1363,33880,453,240,434,295,0.9873279929161072
2911,1363,3351,433,887,191,191,0.9772122502326965
2912,1363,16262,120,292,242,237,0.9755514860153198
2913,1366,22347,664,838,211,206,0.9806413650512695
2914,1366,29667,125,864,232,229,0.9758351445198059
2915,1366,3483,133,288,277,171,0.969499945640564
2916,1367,22347,107,225,202,196,0.9924007654190063
2917,1367,29667,603,177,219,214,0.9845282435417175
2918,1367,28763,62,812,218,209,0.9841814041137695
2919,1367,3483,561,811,285,176,0.972733199596405
2920,1369,22347,119,214,207,197,0.9866661429405212
2921,1369,16262,639,178,242,231,0.9827462434768677
2922,1369,19861,127,865,220,167,0.9824994802474976
2923,1369,3483,599,866,262,232,0.9813807606697083
2924,1371,22347,102,206,203,195,0.9888562560081482
2925,1371,16262,610,172,237,228,0.9807002544403076
2926,1371,19861,92,826,226,178,0.9730666279792786
2927,1371,3483,572,836,264,232,0.9721502661705017
2928,1372,3743,74,811,332,331,0.9917591214179993
2929,1372,2483,595,119,287,438,0.9721851944923401
2930,1372,13395,608,696,239,510,0.9639642834663391
2931,1372,12778,80,106,327,475,0.9011905789375305
2932,1376,33208,150,297,209,197,0.9820373058319092
2933,1376,33009,585,242,362,235,0.9775553941726685
2934,1376,1900,641,858,207,166,0.9763854742050171
2935,1376,16551,90,699,293,498,0.9745401740074158
2936,1377,1900,151,255,199,157,0.9771344065666199
2937,1377,33208,641,805,213,203,0.9743741154670715
2938,1377,16551,608,56,289,485,0.9647325277328491
2939,1377,33009,50,826,360,231,0.8397478461265564
2940,1378,22347,623,869,214,208,0.9855823516845703
2941,1378,19861,640,279,221,171,0.9849001169204712
2942,1378,3483,147,217,252,224,0.9807122945785522
2943,1378,35206,109,778,301,388,0.9634605050086975
2944,1379,22347,162,202,207,198,0.9849759936332703
2945,1379,3483,599,866,261,231,0.9830079078674316
2946,1379,19861,127,866,219,167,0.9814544320106506
2947,1379,35206,585,96,284,378,0.9575696587562561
2948,1381,21325,632,276,239,142,0.9822196960449219
2949,1381,32310,34,237,363,232,0.9797448515892029
2950,1381,3351,407,844,190,192,0.9661962985992432
2951,1384,20238,604,196,228,216,0.9860370755195618
2952,1384,27777,177,813,177,201,0.9840022325515747
2953,1384,25367,55,96,410,453,0.9823753237724304
2954,1384,3483,565,815,268,220,0.9748343825340271
2955,1385,20238,576,190,223,215,0.9868768453598022
2956,1385,3483,536,783,268,220,0.9773289561271667
2957,1385,27777,144,777,179,204,0.9745326042175293
2958,1385,25367,38,81,403,447,0.9727827310562134
2959,1386,20238,151,850,233,227,0.9877675771713257
2960,1386,25367,534,704,424,466,0.9823710918426514
2961,1386,27777,639,292,175,194,0.9821308255195618
2962,1386,3483,171,276,263,215,0.9781412482261658
2963,1387,22347,113,242,204,197,0.9835679531097412
2964,1387,3483,642,758,201,274,0.9801080822944641
2965,1387,20238,603,182,224,216,0.9768165946006775
2966,1387,20877,139,829,271,311,0.897524893283844
2967,1390,19552,117,162,360,455,0.9897337555885315
2968,1390,25438,158,872,261,269,0.9789689779281616
2969,1390,2483,598,114,205,469,0.9789468050003052
2970,1390,22362,607,745,262,421,0.9728347063064575
2971,1392,25438,157,861,254,255,0.9890214800834656
2972,1392,2483,601,80,222,483,0.9810754060745239
2973,1392,22362,601,742,253,410,0.9774456024169922
2974,1392,19552,113,128,361,456,0.9737614393234253
2975,1393,27777,639,292,175,194,0.9811320304870605
2976,1393,22347,683,870,213,210,0.9780715703964233
2977,1393,16262,137,836,249,242,0.9771938323974609
2978,1393,3483,171,274,264,216,0.9763222932815552
2979,1395,22347,89,194,201,195,0.9840719103813171
2980,1395,27777,143,776,180,205,0.9789546132087708
2981,1395,16262,575,186,239,230,0.9765026569366455
2982,1395,3483,535,782,269,221,0.9751091003417969
2983,1396,13395,83,87,230,477,0.9915398955345154
2984,1396,19552,513,599,326,479,0.9828523993492126
2985,1396,2483,87,667,213,484,0.9736598134040833
2986,1396,3743,523,160,269,268,0.9607557058334351
2987,1401,25469,572,187,334,284,0.9870280027389526
2988,1401,22347,649,851,216,209,0.9802943468093872
2989,1401,29667,137,870,233,230,0.9770556688308716
2990,1401,3483,127,271,269,189,0.9696598649024963
2991,1402,33880,459,194,391,368,0.9826897382736206
2992,1402,20238,84,334,226,222,0.9766348600387573
2993,1402,3351,425,885,190,192,0.9760427474975586
2994,1404,20238,668,762,228,223,0.9850885272026062
2995,1404,33880,117,739,400,378,0.9761928915977478
2996,1404,3351,366,215,183,183,0.9693324565887451
2997,1407,3351,380,231,184,181,0.9718689322471619
2998,1407,38162,604,792,245,255,0.9709110260009766
2999,1407,33880,111,690,293,420,0.9473347067832947
3000,1408,33208,656,901,219,208,0.9809746146202087
3001,1408,1900,187,275,201,135,0.9775365591049194
3002,1408,16548,75,807,240,237,0.9724118709564209
3003,1411,36637,642,206,192,250,0.9865943193435669
3004,1411,28763,99,853,216,207,0.9834227561950684
3005,1411,30308,72,124,379,423,0.980363667011261
3006,1411,3483,591,845,281,172,0.9795077443122864
3007,1413,36637,151,801,195,255,0.9855363965034485
3008,1413,3483,130,290,278,172,0.9652522802352905
3009,1413,30308,550,705,392,430,0.962405264377594
3010,1413,28763,678,258,211,196,0.9298960566520691
3011,1414,3544,110,194,203,200,0.9839265942573547
3012,1414,27926,554,602,275,483,0.9798199534416199
3013,1414,16548,57,775,240,235,0.9767560958862305
3014,1414,16548,600,190,217,215,0.32935255765914917
3015,1418,16551,103,647,294,495,0.9806970357894897
3016,1418,1900,128,257,198,149,0.9711370468139648
3017,1418,19232,587,697,267,458,0.9560670852661133
3018,1420,3351,410,875,190,191,0.9754287004470825
3019,1420,41768,97,239,296,267,0.9715292453765869
3020,1420,16688,538,66,275,588,0.3624213933944702
3021,1421,16688,105,512,292,651,0.984262228012085
3022,1421,3351,337,166,185,189,0.9733836054801941
3023,1421,41768,550,719,304,284,0.968451976776123
3024,1424,31885,93,73,363,522,0.9850602746009827
3025,1424,3483,536,779,268,223,0.9745386838912964
3026,1424,27777,144,777,179,203,0.9672295451164246
3027,1424,35206,588,134,215,392,0.9657132029533386
3028,1425,27777,178,813,175,200,0.9870291948318481
3029,1425,31885,109,90,369,531,0.981098473072052
3030,1425,3483,564,813,267,220,0.974378764629364
3031,1425,35206,615,142,226,401,0.9429495334625244
3032,1429,3544,122,253,207,201,0.9848774671554565
3033,1429,16548,127,830,237,230,0.980455756187439
3034,1429,29345,607,705,285,445,0.9780647158622742
3035,1429,16548,681,214,223,216,0.9168828725814819
3036,1431,16548,94,790,237,236,0.9778087735176086
3037,1431,3544,105,242,202,200,0.9762338995933533
3038,1431,29345,581,668,281,448,0.9717099666595459
3039,1431,16548,651,207,217,216,0.8049982190132141
3040,1431,16548,153,242,229,238,0.4569627642631531
3041,1433,3351,369,173,180,184,0.9765996336936951
3042,1433,32310,0,663,305,330,0.9626004695892334
3043,1433,38162,607,754,292,209,0.9612048864364624
3044,1435,13900,171,339,173,255,0.9851627945899963
3045,1435,20238,590,307,224,215,0.9689661264419556
3046,1435,3351,398,854,189,190,0.9661595821380615
3047,1436,3351,349,186,187,187,0.9734328389167786
3048,1436,20238,111,698,231,229,0.9724441766738892
3049,1436,13900,600,624,179,270,0.9685066342353821
3050,1438,3544,698,858,215,213,0.9833567142486572
3051,1438,16548,207,841,243,239,0.9687352776527405
3052,1438,12247,173,302,209,127,0.965940535068512
3053,1438,29451,579,232,218,336,0.7138389348983765
3054,1439,3544,74,200,202,199,0.9818540811538696
3055,1439,16548,513,180,235,226,0.9807016253471375
3056,1439,12247,591,850,214,127,0.9690006971359253
3057,1441,22347,118,174,200,194,0.9877488017082214
3058,1441,3483,580,760,275,210,0.9788411259651184
3059,1441,27733,94,733,317,280,0.971102774143219
3060,1441,20877,592,203,255,171,0.7157386541366577
3061,1441,27777,592,202,255,171,0.33829185366630554
3062,1442,22347,134,179,208,198,0.9877957105636597
3063,1442,3483,609,791,273,211,0.9812861680984497
3064,1442,27733,125,777,318,274,0.969730019569397
3065,1442,20877,622,207,259,174,0.8780868053436279
3066,1442,22347,622,206,258,175,0.3244907855987549
3067,1444,13395,138,106,216,434,0.9857117533683777
3068,1444,2483,94,699,205,482,0.9801074266433716
3069,1444,3743,482,144,314,309,0.9797198176383972
3070,1446,13395,590,699,222,457,0.9890339374542236
3071,1446,2483,630,33,198,483,0.9845667481422424
3072,1446,3743,129,800,322,321,0.9574995040893555
3073,1447,3544,104,180,203,200,0.9793954491615295
3074,1447,16548,46,792,241,235,0.978327214717865
3075,1447,29451,464,767,416,246,0.9755875468254089
3076,1447,16548,627,191,220,217,0.43274590373039246
3077,1449,3544,118,185,211,202,0.984015703201294
3078,1449,16548,80,832,239,228,0.9791143536567688
3079,1449,29451,493,803,409,243,0.974381148815155
3080,1449,16548,657,196,226,217,0.9236592650413513
3081,1450,25438,125,813,254,256,0.989535927772522
3082,1450,2483,599,42,215,491,0.9780566692352295
3083,1450,12778,104,51,302,536,0.9622385501861572
3084,1450,12081,584,715,239,498,0.7679508328437805
3085,1450,13395,585,709,238,508,0.7498846054077148
3086,1452,25438,127,823,258,268,0.9831727743148804
3087,1452,12778,109,88,297,534,0.9661895036697388
3088,1452,2483,593,85,210,468,0.9638917446136475
3089,1452,12081,596,715,240,512,0.8788331151008606
3090,1452,13395,596,709,236,524,0.2926090359687805
3091,1453,16688,481,121,417,524,0.9822417497634888
3092,1453,18357,51,312,277,333,0.9795158505439758
3093,1453,3351,458,907,191,192,0.9691343307495117
3094,1455,16688,74,621,436,593,0.9780105948448181
3095,1455,18357,654,651,279,348,0.9778213500976562
3096,1455,3351,332,192,187,185,0.971189558506012
3097,1458,25438,112,830,254,254,0.9838491678237915
3098,1458,2483,606,67,248,475,0.9682992696762085
3099,1458,12081,639,707,223,452,0.9160069227218628
3100,1458,13395,637,707,223,455,0.541384220123291
3101,1459,2483,624,77,224,460,0.983332633972168
3102,1459,3743,107,809,282,287,0.9816624522209167
3103,1459,12081,651,698,246,458,0.9300342202186584
3104,1459,12778,65,180,322,487,0.9112616181373596
3105,1459,13395,652,691,243,469,0.6506569981575012
3106,1460,3743,551,188,268,270,0.9921748042106628
3107,1460,2483,52,707,253,474,0.9811080098152161
3108,1460,13395,66,118,236,440,0.9588605761528015
3109,1460,12778,542,570,317,488,0.5210451483726501
3110,1460,12081,68,124,234,431,0.38895976543426514
3111,1461,3743,107,799,276,275,0.9899957180023193
3112,1461,2483,628,35,237,478,0.9797599911689758
3113,1461,12081,644,690,235,447,0.9639951586723328
3114,1461,12778,64,132,329,503,0.937614917755127
3115,1461,13395,643,682,236,462,0.7562682628631592
3116,1462,25367,526,678,420,464,0.991441547870636
3117,1462,3483,130,289,279,171,0.9776185154914856
3118,1462,20238,134,868,232,228,0.9543889164924622
3119,1462,16262,133,868,233,227,0.4766553044319153
3120,1463,20238,623,177,227,216,0.986788272857666
3121,1463,3483,592,844,281,173,0.9779770374298096
3122,1463,25367,62,125,412,449,0.9762163758277893
3123,1463,28763,99,853,217,207,0.974381148815155
3124,1464,20238,595,174,222,214,0.9836889505386353
3125,1464,28763,65,812,217,210,0.9772425293922424
3126,1464,25367,48,106,403,446,0.975658118724823
3127,1464,3483,563,811,285,176,0.9743906259536743
3128,1466,22347,107,179,199,195,0.9837349653244019
3129,1466,16262,594,177,239,229,0.9831258654594421
3130,1466,28763,63,812,219,210,0.9816993474960327
3131,1466,3483,561,811,286,175,0.9736320376396179
3132,1473,19607,151,217,159,153,0.9799981713294983
3133,1473,1900,615,861,201,157,0.9744947552680969
3134,1473,16551,574,91,285,480,0.9672786593437195
3135,1473,16548,126,866,179,176,0.5835093259811401
3136,1474,34597,70,101,432,427,0.9921154379844666
3137,1474,3483,611,790,273,210,0.9801039695739746
3138,1474,27733,123,768,318,277,0.9783489108085632
3139,1474,20877,621,204,261,175,0.9084928631782532
3140,1476,34597,56,72,422,434,0.9941494464874268
3141,1476,3483,582,759,275,210,0.9817692041397095
3142,1476,27733,91,727,316,281,0.9598960876464844
3143,1476,36637,592,202,255,171,0.8799484968185425
3144,1476,20877,592,202,255,172,0.37078726291656494
3145,1477,36637,89,231,236,213,0.9804341197013855
3146,1477,18357,359,682,250,372,0.980044424533844
3147,1477,3351,650,288,182,183,0.9699419736862183
3148,1480,3544,641,875,217,214,0.9830257296562195
3149,1480,16548,175,834,239,237,0.9745770692825317
3150,1480,16548,157,259,221,215,0.8852989673614502
3151,1480,29451,590,240,218,336,0.6703373193740845
3152,1483,28763,632,897,221,215,0.9897097945213318
3153,1483,19861,640,279,220,170,0.9857943058013916
3154,1483,3483,147,219,253,222,0.980699360370636
3155,1483,35206,109,777,301,388,0.9688897728919983
3156,1485,19861,127,866,219,167,0.9852487444877625
3157,1485,28763,148,169,213,202,0.9852206707000732
3158,1485,3483,599,866,261,232,0.9849659204483032
3159,1485,35206,585,96,284,377,0.9663953185081482
3160,1488,31863,628,832,205,204,0.9847228527069092
3161,1488,21325,211,826,202,199,0.9746638536453247
3162,1488,3351,394,207,181,182,0.9680728912353516
3163,1489,20238,183,280,227,219,0.9818108677864075
3164,1489,3351,402,851,189,191,0.9705798625946045
3165,1489,20014,537,289,340,317,0.966069757938385
3166,1492,3351,380,905,188,190,0.9722930192947388
3167,1492,21325,186,278,156,230,0.9691099524497986
3168,1492,18147,528,296,342,357,0.968296229839325
3169,1493,18147,56,544,352,378,0.9799458384513855
3170,1493,3351,368,137,184,190,0.9730386734008789
3171,1493,21325,601,720,156,241,0.9627388119697571
3172,1497,29667,610,198,219,215,0.9858835339546204
3173,1497,19861,85,826,226,178,0.9765104055404663
3174,1497,3483,565,839,261,235,0.9758425354957581
3175,1500,38162,197,733,188,300,0.9858010411262512
3176,1500,3351,352,237,183,183,0.9759207963943481
3177,1500,41768,568,856,350,182,0.9730216860771179
