annotation_id,image_id,category_id,bbox_x,bbox_y,bbox_w,bbox_h,score
1,1,1900,159,253,202,125,0.9831913113594055
2,1,16551,551,73,406,400,0.9687716364860535
3,1,24850,173,740,181,291,0.9639356136322021
4,1,27926,600,671,254,485,0.9590984582901001
5,3,1900,143,242,198,129,0.9753212332725525
6,3,16551,527,64,391,392,0.966444194316864
7,3,27926,570,628,262,487,0.962478756904602
8,3,24850,139,703,186,295,0.9543056488037109
9,4,29345,118,153,273,416,0.976856529712677
10,4,16551,129,647,295,495,0.9749978184700012
11,4,1900,686,807,130,209,0.9686898589134216
12,4,24850,600,252,291,166,0.9637476801872253
13,5,1900,182,266,130,200,0.9768822193145752
14,5,16551,570,112,286,480,0.9705769419670105
15,5,29345,614,714,287,446,0.9681411385536194
16,5,24850,93,894,302,166,0.9659880995750427
17,8,27653,96,853,223,208,0.9753423929214478
18,8,3483,592,843,281,175,0.9720534086227417
19,8,22347,130,220,206,197,0.9660376310348511
20,8,20238,623,178,226,215,0.9571163654327393
21,9,27653,63,811,226,211,0.9762727618217468
22,9,22347,114,212,199,194,0.9715905785560608
23,9,3483,564,810,284,180,0.9705899357795715
24,9,20238,595,175,221,212,0.9562864899635315
25,10,21771,642,290,190,181,0.9704911112785339
26,10,16548,102,807,241,239,0.9549387693405151
27,10,29451,102,236,411,222,0.9441044926643372
28,10,1900,644,845,189,188,0.9081410765647888
29,13,33880,482,242,439,281,0.975052535533905
30,13,3351,429,853,191,193,0.9640846848487854
31,13,16232,143,329,197,190,0.9599736928939819
32,15,3351,360,248,185,183,0.9770127534866333
33,15,33880,50,782,444,279,0.9683124423027039
34,15,16232,642,796,195,192,0.9661300778388977
35,17,41768,561,644,276,302,0.9751062393188477
36,17,3351,298,165,184,190,0.9708124399185181
37,17,35206,123,585,304,383,0.9611498117446899
38,19,27733,127,769,313,276,0.9729492664337158
39,19,3483,610,787,274,212,0.9686665534973145
40,19,36637,619,206,264,169,0.9618523716926575
41,19,28763,101,170,214,203,0.9593490958213806
42,23,27653,62,810,225,211,0.9765393733978271
43,23,25367,22,87,417,439,0.9720964431762695
44,23,16262,594,178,238,227,0.9715768098831177
45,23,3483,562,811,286,177,0.9710337519645691
46,24,3483,592,842,281,174,0.97712242603302
47,24,27653,95,851,223,208,0.977053165435791
48,24,16262,623,184,242,230,0.9708465933799744
49,24,25367,33,103,433,446,0.9662293195724487
50,27,25438,124,823,259,267,0.970569372177124
51,27,23223,72,99,301,513,0.9662575125694275
52,27,13395,600,705,235,528,0.9605672955513
53,27,2483,598,73,207,480,0.9431586861610413
54,28,3483,568,814,264,219,0.9683879017829895
55,28,25367,18,61,421,460,0.9666814208030701
56,28,35206,616,140,225,403,0.9627821445465088
57,28,27777,178,811,176,201,0.9506283402442932
58,29,25367,9,46,404,452,0.9698053598403931
59,29,35206,586,133,218,391,0.9652504920959473
60,29,3483,538,779,267,224,0.9539883136749268
61,29,27777,144,775,181,207,0.9461639523506165
62,31,12420,654,848,190,180,0.972870409488678
63,31,6563,197,713,217,360,0.9675992131233215
64,31,16551,592,51,290,479,0.9483025074005127
65,31,3544,112,240,209,202,0.9480551481246948
66,32,6563,583,233,213,338,0.9700393080711365
67,32,12420,166,278,181,179,0.9614269733428955
68,32,16551,107,707,293,498,0.9574401378631592
69,32,3544,674,827,214,213,0.8937231302261353
70,38,31885,112,25,402,508,0.9718619585037231
71,38,3483,624,719,210,272,0.966077983379364
72,38,35206,629,161,212,393,0.9634916186332703
73,38,20877,87,723,330,244,0.9633195400238037
74,40,29667,120,839,231,225,0.9764659404754639
75,40,3483,158,213,247,225,0.9730384349822998
76,40,19861,645,278,220,171,0.969540536403656
77,40,31885,617,615,336,551,0.9359720945358276
78,41,29667,639,205,222,215,0.9770326614379883
79,41,19861,120,864,220,168,0.96907639503479
80,41,3483,594,875,256,229,0.9680472016334534
81,41,31885,58,92,318,542,0.9641326665878296
82,42,29667,611,200,217,216,0.9784892797470093
83,42,31885,39,74,311,533,0.9692214727401733
84,42,3483,566,843,261,233,0.9628543853759766
85,42,19861,85,826,226,177,0.9604179263114929
86,44,29667,93,723,233,235,0.9755370616912842
87,44,3351,372,154,182,190,0.9754353165626526
88,44,13900,579,671,181,267,0.964331865310669
89,46,12081,601,707,235,453,0.9757581949234009
90,46,3743,118,786,324,322,0.9757428765296936
91,46,23223,100,112,313,499,0.9709768891334534
92,46,2483,591,71,245,472,0.9668096303939819
93,47,3743,497,168,311,297,0.9741507768630981
94,47,23223,528,592,314,498,0.9726430773735046
95,47,12081,107,104,228,437,0.9719499945640564
96,47,2483,90,665,257,471,0.9704803824424744
97,53,25438,134,853,260,267,0.974797248840332
98,53,6192,96,113,364,477,0.9670051336288452
99,53,2483,647,90,214,483,0.9642586708068848
100,53,5886,607,682,239,509,0.9470169544219971
101,54,2483,68,663,208,487,0.9690045118331909
102,54,6192,468,638,376,491,0.9610790014266968
103,54,5886,116,83,227,478,0.9596887826919556
104,54,25438,548,176,245,255,0.9513832926750183
105,55,3351,423,847,190,192,0.9721554517745972
106,55,20014,51,280,340,323,0.9671658873558044
107,55,16688,438,163,499,460,0.9583700299263
108,56,3351,324,191,188,191,0.9745142459869385
109,56,20014,549,619,348,343,0.9691781401634216
110,56,16688,0,555,522,510,0.9677932262420654
111,58,34597,36,46,398,473,0.9691329002380371
112,58,19861,92,826,226,176,0.9653393626213074
113,58,35206,555,92,276,368,0.964620053768158
114,58,3483,574,839,262,230,0.9629092216491699
115,60,19861,638,278,221,170,0.9792457818984985
116,60,3483,149,220,248,221,0.9735205173492432
117,60,34597,546,689,413,488,0.9729679822921753
118,60,35206,108,775,304,389,0.9662301540374756
119,62,18147,92,548,290,417,0.9776606559753418
120,62,3351,325,155,186,190,0.9741238355636597
121,62,36637,543,650,206,254,0.9721022844314575
122,64,29667,154,276,227,226,0.9758085012435913
123,64,3351,397,887,190,193,0.971634566783905
124,64,20014,594,270,338,315,0.9643392562866211
125,65,29667,560,729,233,233,0.9812078475952148
126,65,3351,350,153,186,190,0.9776646494865417
127,65,20014,1,632,342,345,0.9394410252571106
128,66,29667,599,820,227,224,0.9793749451637268
129,66,3351,392,210,186,187,0.9780588150024414
130,66,20014,35,717,346,339,0.9522270560264587
131,68,3483,173,277,258,215,0.9774652719497681
132,68,30308,510,769,448,372,0.9713056087493896
133,68,16232,152,828,193,193,0.9711312055587769
134,68,27777,639,294,174,194,0.9519801139831543
135,70,16551,47,709,305,500,0.9657142162322998
136,70,29451,47,232,404,230,0.9511287212371826
137,70,24850,642,258,192,270,0.9302619099617004
138,70,1900,633,900,210,154,0.8978256583213806
139,72,1900,157,225,205,150,0.9642168879508972
140,72,16551,643,48,298,484,0.9530355930328369
141,72,24850,152,774,199,282,0.9466691017150879
142,72,29451,549,840,416,227,0.9316447973251343
143,73,16551,524,73,353,423,0.9628723859786987
144,73,6563,165,673,223,364,0.9628143906593323
145,73,12247,592,848,215,128,0.9438011050224304
146,73,3544,73,199,203,202,0.9106622338294983
147,75,6563,198,714,218,360,0.9621627330780029
148,75,16551,548,82,370,433,0.9600563049316406
149,75,3544,88,209,209,202,0.9562194347381592
150,75,12247,618,879,211,126,0.9363545179367065
151,79,16262,129,298,243,234,0.9764017462730408
152,79,3351,387,847,190,191,0.974736750125885
153,79,19232,500,238,333,254,0.9732089042663574
154,80,3351,360,194,185,189,0.9760193228721619
155,80,16262,569,696,251,244,0.9740119576454163
156,80,19232,95,698,340,268,0.9337674379348755
157,82,3743,124,838,332,334,0.9719942808151245
158,82,19552,116,141,321,502,0.9679471254348755
159,82,2483,629,98,201,473,0.961452305316925
160,82,22362,610,736,273,421,0.9522683620452881
161,83,22362,84,117,257,391,0.9750692844390869
162,83,19552,505,600,321,485,0.9719039797782898
163,83,3743,491,125,310,303,0.9717252850532532
164,83,2483,94,662,207,489,0.9682456254959106
165,85,21771,149,849,194,191,0.9796507358551025
166,85,1900,162,258,128,200,0.976963222026825
167,85,16548,572,252,231,225,0.9593614935874939
168,85,29345,588,678,286,446,0.9447893500328064
169,86,29345,117,156,275,415,0.971028208732605
170,86,21771,619,251,187,181,0.9709523916244507
171,86,1900,685,807,131,209,0.9698954224586487
172,86,16548,153,769,238,237,0.9589259028434753
173,88,1900,132,231,204,139,0.9717352986335754
174,88,31705,622,736,249,444,0.9661752581596375
175,88,16551,611,50,290,482,0.9613543748855591
176,88,18110,81,798,307,291,0.9581618309020996
177,89,18110,44,754,313,301,0.9717231392860413
178,89,1900,115,225,200,140,0.9708808660507202
179,89,31705,595,696,254,455,0.9665629863739014
180,89,16551,582,41,280,470,0.9634290933609009
181,90,18110,608,220,299,282,0.9686041474342346
182,90,31705,133,126,244,424,0.9674980044364929
183,90,16551,89,706,292,500,0.9673073291778564
184,90,1900,657,903,212,148,0.9627415537834167
185,91,1900,630,894,212,135,0.9830900430679321
186,91,27926,147,145,261,454,0.9718663692474365
187,91,19607,690,300,156,149,0.9651188254356384
188,91,16548,124,865,241,238,0.9564219117164612
189,95,29667,62,743,232,234,0.9801320433616638
190,95,3351,339,182,180,187,0.9693645238876343
191,95,32310,500,718,385,240,0.9480342268943787
192,97,1900,688,806,131,210,0.9729428291320801
193,97,29345,118,168,312,402,0.9713159799575806
194,97,16548,101,820,240,239,0.9681228399276733
195,97,19607,667,253,156,152,0.9674367308616638
196,100,18110,44,748,310,298,0.967492938041687
197,100,1900,135,245,191,162,0.9520976543426514
198,100,16548,586,132,234,225,0.9431115984916687
199,100,33009,519,792,383,211,0.9361048936843872
200,102,1900,152,255,195,162,0.9699400663375854
201,102,18110,81,791,299,290,0.9655229449272156
202,102,16548,614,135,240,228,0.9530718922615051
203,102,33009,550,838,375,199,0.6463455557823181
204,104,3351,324,205,184,188,0.9767078757286072
205,104,18357,109,609,246,369,0.9720785021781921
206,104,21325,619,760,176,229,0.9580331444740295
207,108,22362,589,743,254,408,0.9768467545509338
208,108,25438,143,843,256,255,0.9743860960006714
209,108,2483,602,83,248,474,0.9695889353752136
210,108,12778,104,50,298,519,0.9604464173316956
211,109,19861,637,278,222,170,0.9798637628555298
212,109,3483,149,220,249,222,0.9717885255813599
213,109,25367,581,719,384,497,0.9675794243812561
214,109,35206,108,775,304,390,0.9660707712173462
215,110,19861,126,864,222,168,0.9737078547477722
216,110,3483,601,868,258,230,0.9685483574867249
217,110,35206,580,98,290,378,0.9679909944534302
218,110,25367,42,49,390,481,0.9664728045463562
219,112,3544,128,236,207,201,0.9711095094680786
220,112,10221,632,201,224,214,0.9701480269432068
221,112,16551,159,585,304,471,0.9614255428314209
222,112,33009,563,811,367,208,0.9427624344825745
223,113,10221,124,845,231,227,0.9716640710830688
224,113,33009,80,268,359,223,0.9695349931716919
225,113,3544,659,833,213,211,0.9620049595832825
226,113,16551,528,233,308,451,0.9580895900726318
227,114,10221,604,194,220,213,0.9734359979629517
228,114,33009,532,763,373,226,0.9727993011474609
229,114,3544,110,226,202,199,0.9693571925163269
230,114,16551,126,537,306,478,0.9614067077636719
231,115,36637,102,881,269,179,0.978039562702179
232,115,27733,559,257,302,263,0.9717995524406433
233,115,3483,123,307,273,200,0.96968674659729
234,115,25367,495,643,420,467,0.9678860306739807
235,118,16688,421,83,436,517,0.9821536540985107
236,118,13900,66,311,232,212,0.9608020782470703
237,118,3351,457,846,189,192,0.5275768041610718
238,119,16688,74,575,455,577,0.9834135174751282
239,119,13900,653,707,233,220,0.9704281687736511
240,119,3351,293,192,187,189,0.9619938135147095
241,120,16688,116,676,450,580,0.9866364598274231
242,120,3351,334,254,185,185,0.9726850390434265
243,120,13900,689,797,236,216,0.9672724008560181
244,122,29667,592,171,217,215,0.9837265610694885
245,122,25469,48,786,354,302,0.9766077995300293
246,122,25367,56,90,368,477,0.9701473712921143
247,122,3483,576,812,278,193,0.9462273120880127
248,124,21771,685,882,199,195,0.982750415802002
249,124,1900,174,280,203,141,0.974353551864624
250,124,16551,1,766,374,459,0.9533786177635193
251,124,21026,673,273,177,172,0.9418869614601135
252,125,21771,117,204,189,185,0.9815042614936829
253,125,1900,622,888,209,140,0.9693225026130676
254,125,21026,138,867,180,179,0.9602100253105164
255,125,16551,619,35,352,441,0.9463629126548767
256,126,21771,101,196,185,182,0.9775311350822449
257,126,1900,595,856,213,147,0.9766638875007629
258,126,21026,104,835,181,180,0.9614896774291992
259,126,16551,595,28,347,431,0.9249130487442017
260,127,5094,138,856,285,290,0.9696056246757507
261,127,2483,639,116,203,473,0.9611668586730957
262,127,6192,130,151,298,540,0.9490713477134705
263,127,22362,622,780,256,426,0.9313323497772217
264,128,22362,606,780,256,407,0.9675002098083496
265,128,5094,136,845,280,276,0.9671053290367126
266,128,6192,132,131,293,526,0.9602537751197815
267,128,2483,649,79,196,491,0.9540731310844421
268,129,22362,81,73,254,395,0.972434937953949
269,129,2483,83,643,209,491,0.9707111120223999
270,129,6192,518,544,292,525,0.964657187461853
271,129,5094,523,151,267,264,0.9402902722358704
272,130,3483,174,278,258,214,0.9780105948448181
273,130,36637,130,828,193,257,0.9606311917304993
274,130,27777,640,294,174,194,0.9512678384780884
275,130,30308,508,766,463,315,0.9429524540901184
276,132,3483,567,814,264,218,0.9709007740020752
277,132,30308,27,177,457,311,0.9636142253875732
278,132,36637,666,180,186,247,0.9618616700172424
279,132,27777,179,812,175,200,0.9506680965423584
280,134,27653,63,811,224,211,0.9764474034309387
281,134,3483,562,812,286,177,0.9710021615028381
282,134,35206,650,143,198,401,0.9654796719551086
283,134,31885,41,5,350,524,0.9539602994918823
284,135,3483,592,843,281,173,0.9818779826164246
285,135,27653,95,852,222,206,0.9758386015892029
286,135,35206,680,153,202,409,0.9646089673042297
287,135,31885,53,21,369,529,0.9614135026931763
288,136,1900,652,851,211,159,0.9729759097099304
289,136,33009,563,214,323,291,0.9699269533157349
290,136,16551,79,653,316,486,0.9635379910469055
291,136,44199,133,242,247,235,0.9454615712165833
292,139,25469,50,785,350,304,0.9817396402359009
293,139,31885,12,49,400,502,0.9676336646080017
294,139,35206,587,111,220,391,0.9632556438446045
295,139,3483,576,812,278,193,0.947848379611969
296,140,31885,22,70,420,504,0.973233699798584
297,140,25469,86,827,342,304,0.9671590924263
298,140,35206,617,119,229,401,0.9615025520324707
299,140,3483,604,846,277,188,0.9582198262214661
300,142,1900,581,867,212,143,0.975692868232727
301,142,21026,92,832,180,181,0.9642483592033386
302,142,16548,594,156,232,226,0.9589597582817078
303,142,44199,78,178,248,224,0.9478740096092224
304,143,1900,608,900,209,137,0.9791862368583679
305,143,16548,621,161,238,226,0.9706094861030579
306,143,21026,125,865,180,179,0.9495816230773926
307,143,44199,93,187,256,228,0.9463541507720947
308,146,3483,173,277,257,215,0.9797855019569397
309,146,16232,151,828,194,192,0.9716450572013855
310,146,27777,639,294,173,194,0.9532507061958313
311,146,31885,552,672,407,527,0.9438402056694031
312,148,19232,500,238,334,255,0.9786442518234253
313,148,3351,401,851,191,192,0.9722760319709778
314,148,20238,119,300,231,220,0.9530070424079895
315,149,3351,346,190,185,188,0.9808722734451294
316,149,19232,94,699,340,267,0.9618598818778992
317,149,20238,595,712,231,227,0.9576640129089355
318,150,3351,388,252,185,182,0.9789324402809143
319,150,20238,634,802,228,222,0.9584463238716125
320,150,19232,141,802,332,263,0.9392510652542114
321,151,33208,183,266,207,197,0.975918710231781
322,151,29451,511,245,411,220,0.9638637900352478
323,151,16548,99,819,240,237,0.9594602584838867
324,151,1900,645,846,188,188,0.9329748153686523
325,152,33208,582,810,215,205,0.9736063480377197
326,152,16548,620,205,232,225,0.9609807729721069
327,152,29451,36,802,423,223,0.9500696063041687
328,152,1900,149,241,182,181,0.9496246576309204
329,153,33208,609,843,213,201,0.9754161238670349
330,153,16548,647,211,242,228,0.9697919487953186
331,153,1900,168,248,183,180,0.9658795595169067
332,153,29451,73,842,413,217,0.9564441442489624
333,154,5094,109,805,280,276,0.9702668786048889
334,154,23223,87,134,320,492,0.9696080684661865
335,154,2483,620,54,249,464,0.9687564969062805
336,154,5886,597,685,236,490,0.9616972208023071
337,155,23223,533,575,323,499,0.9751129150390625
338,155,2483,69,689,251,474,0.9732646346092224
339,155,5094,550,186,270,269,0.972412645816803
340,155,5886,114,81,232,479,0.9545109868049622
341,156,5094,112,817,284,283,0.9740803837776184
342,156,2483,604,77,264,472,0.9638141989707947
343,156,23223,95,169,313,490,0.9597356915473938
344,156,5886,604,686,245,506,0.9225930571556091
345,157,16262,575,188,239,227,0.973213255405426
346,157,25367,106,79,394,461,0.966092050075531
347,157,3483,537,781,267,224,0.9471221566200256
348,157,27777,144,776,180,207,0.9451243281364441
349,159,16262,602,193,245,231,0.9729359745979309
350,159,25367,121,96,407,468,0.9638733267784119
351,159,3483,567,816,264,219,0.9636397361755371
352,159,27777,177,813,176,199,0.9567164778709412
353,160,4543,147,914,212,212,0.9755123257637024
354,160,3544,626,887,214,213,0.9748967289924622
355,160,16551,572,270,294,462,0.9612312912940979
356,160,23203,211,315,135,139,0.9372971653938293
357,162,3544,159,178,206,201,0.9754261374473572
358,162,16551,127,535,291,480,0.9356976747512817
359,162,23203,654,853,137,137,0.9264814853668213
360,162,4543,628,144,209,201,0.4741489291191101
361,163,16232,643,251,188,181,0.973935067653656
362,163,3483,568,813,265,219,0.9666798710823059
363,163,28763,127,174,212,202,0.9597370028495789
364,163,27777,178,813,176,199,0.9590488076210022
365,164,3483,173,277,258,215,0.9776262640953064
366,164,16232,151,828,194,192,0.9680263996124268
367,164,28763,651,890,224,217,0.9575784206390381
368,164,27777,639,294,173,194,0.9521121382713318
369,165,3483,539,778,266,224,0.9684023261070251
370,165,16232,616,240,184,182,0.9658651351928711
371,165,28763,111,168,209,198,0.9648786783218384
372,165,27777,145,776,180,205,0.9469084739685059
373,170,5094,106,807,287,290,0.9740244150161743
374,170,12081,650,693,245,468,0.9717640280723572
375,170,2483,622,73,229,465,0.9672127366065979
376,170,6192,114,157,310,525,0.9571579694747925
377,172,29667,632,180,224,215,0.9799671769142151
378,172,3483,591,843,282,174,0.9788154363632202
379,172,27653,94,851,223,207,0.9768134355545044
380,172,25367,112,62,351,505,0.9662489295005798
381,173,29667,605,176,216,215,0.9778047204017639
382,173,27653,61,810,225,212,0.9766451120376587
383,173,25367,98,49,333,495,0.9689250588417053
384,173,3483,562,810,284,179,0.9667879343032837
385,174,29667,125,864,232,227,0.9802480340003967
386,174,27653,672,256,219,201,0.97479647397995
387,174,3483,132,289,277,173,0.9712149500846863
388,174,25367,547,683,348,520,0.9676273465156555
389,175,29667,641,204,221,215,0.9792348146438599
390,175,3483,595,872,256,231,0.9713635444641113
391,175,19861,121,864,221,168,0.9712426066398621
392,175,30308,119,96,282,475,0.9679471254348755
393,176,29667,118,840,231,225,0.9770461916923523
394,176,19861,644,278,221,171,0.9745312333106995
395,176,3483,157,214,247,222,0.9735287427902222
396,176,30308,593,675,289,487,0.9661287665367126
397,179,22347,642,832,215,208,0.9739316701889038
398,179,3483,171,274,261,216,0.9684060215950012
399,179,20238,152,851,232,225,0.9563534259796143
400,179,27777,640,293,174,194,0.9510213136672974
401,180,22347,125,229,200,194,0.9628527164459229
402,180,20238,576,192,223,213,0.9586728811264038
403,180,3483,538,781,267,225,0.953164279460907
404,180,27777,145,777,180,205,0.9454347491264343
405,183,10221,158,261,221,212,0.9737772345542908
406,183,16551,28,695,400,416,0.9641415476799011
407,183,3544,642,876,215,214,0.9625697731971741
408,183,6563,592,240,212,341,0.9608063697814941
409,185,16548,136,738,236,235,0.9698090553283691
410,185,3544,143,172,201,200,0.9686481356620789
411,185,4543,599,145,205,199,0.9599003791809082
412,185,23203,629,820,139,141,0.9316868185997009
413,186,3544,159,179,206,201,0.971869945526123
414,186,16548,168,782,233,227,0.9682181477546692
415,186,23203,656,853,137,136,0.9330127239227295
416,186,4543,628,144,209,202,0.44574111700057983
417,189,5094,138,856,284,290,0.9697884321212769
418,189,12778,87,131,291,529,0.9600025415420532
419,189,2483,640,116,203,475,0.958532989025116
420,189,22362,622,780,256,427,0.9368065595626831
421,191,10221,92,788,226,222,0.9737487435340881
422,191,4543,639,153,203,199,0.9567705392837524
423,191,3544,123,181,203,200,0.9524498581886292
424,191,16551,578,567,288,491,0.9408763647079468
425,196,22362,83,117,258,392,0.9741979241371155
426,196,3743,491,126,310,302,0.9720969796180725
427,196,2483,92,662,211,490,0.968723714351654
428,196,12778,535,520,282,517,0.9603458046913147
429,197,22362,598,734,266,406,0.976922869682312
430,197,3743,123,828,320,322,0.9719666838645935
431,197,12778,118,176,293,516,0.9648604989051819
432,197,2483,635,60,201,486,0.9576340317726135
433,198,3743,124,838,331,333,0.9720355868339539
434,198,12778,119,199,292,526,0.9603341221809387
435,198,2483,627,95,201,474,0.9597070217132568
436,198,22362,610,737,272,420,0.9543114900588989
437,199,29667,630,163,223,216,0.9709113240242004
438,199,30308,37,116,409,402,0.9708417057991028
439,199,3483,565,815,265,219,0.9668529033660889
440,199,27777,176,810,176,199,0.9510232210159302
441,200,3483,175,275,260,216,0.974445104598999
442,200,29667,128,880,231,227,0.9710355401039124
443,200,30308,555,736,417,407,0.969504177570343
444,200,27777,641,295,175,194,0.9529020190238953
445,202,16262,109,837,249,242,0.97557133436203
446,202,20877,544,294,329,237,0.9750798344612122
447,202,3483,140,292,216,255,0.973372757434845
448,202,22347,689,867,215,210,0.9694050550460815
449,203,16262,601,186,241,230,0.9748082160949707
450,203,22347,83,196,201,196,0.972567081451416
451,203,20877,85,727,330,241,0.9690351486206055
452,203,3483,623,720,210,271,0.9626095294952393
453,204,16262,630,192,245,233,0.975557267665863
454,204,3483,649,752,212,269,0.9708918929100037
455,204,22347,99,205,205,198,0.9705261588096619
456,204,20877,115,769,331,230,0.9682442545890808
457,205,6563,165,675,220,363,0.9495577812194824
458,205,16548,593,122,231,225,0.9413856267929077
459,205,23203,623,848,139,140,0.9205607771873474
460,205,3544,113,164,201,199,0.8547382354736328
461,210,29667,163,750,228,223,0.9782489538192749
462,210,3351,418,244,184,183,0.9761481285095215
463,210,31863,597,875,205,206,0.9723212122917175
464,212,16551,478,142,446,350,0.969547688961029
465,212,1900,622,887,209,142,0.9644408226013184
466,212,21026,138,866,180,180,0.9624538421630859
467,212,18110,61,123,303,290,0.955669105052948
468,213,1900,595,855,213,148,0.9741000533103943
469,213,16551,453,129,430,343,0.9725438356399536
470,213,21026,105,834,180,181,0.9640516638755798
471,213,18110,47,114,295,286,0.9366428256034851
472,213,18110,33,0,367,212,0.36266183853149414
473,214,33208,587,800,215,206,0.9745546579360962
474,214,1900,143,241,198,129,0.9726336002349854
475,214,16551,568,55,278,463,0.9645069241523743
476,214,27926,89,612,274,487,0.9521836042404175
477,215,1900,158,250,202,126,0.9822539687156677
478,215,33208,615,833,212,203,0.973181426525116
479,215,27926,128,661,263,478,0.9660769104957581
480,215,16551,596,63,288,478,0.9641322493553162
481,217,12081,599,706,236,453,0.9762860536575317
482,217,3743,117,786,324,321,0.9758904576301575
483,217,2483,590,70,246,473,0.9645153284072876
484,217,6192,126,122,285,538,0.9536641240119934
485,219,3743,498,169,311,296,0.9740584492683411
486,219,12081,108,105,228,436,0.9708210229873657
487,219,2483,90,664,259,472,0.9701792001724243
488,219,6192,534,543,277,535,0.9589619636535645
489,222,3351,406,204,184,184,0.979790985584259
490,222,41768,606,744,271,300,0.9739684462547302
491,222,16262,172,767,243,239,0.9731331467628479
492,224,29667,618,175,225,215,0.984293520450592
493,224,34597,105,80,371,488,0.9740613698959351
494,224,25469,84,829,345,299,0.972708523273468
495,224,3483,603,845,277,189,0.9540785551071167
496,225,25469,575,191,331,284,0.9858999848365784
497,225,29667,139,872,231,227,0.9757471084594727
498,225,34597,527,662,378,510,0.9662511348724365
499,225,3483,126,273,271,189,0.9640058279037476
500,226,19861,127,865,221,168,0.9725016951560974
501,226,22347,108,230,207,197,0.9691137671470642
502,226,3483,601,868,258,230,0.9653345942497253
503,226,20238,644,188,225,217,0.9581185579299927
504,229,23223,495,658,411,451,0.978717029094696
505,229,3743,537,152,316,303,0.9758586883544922
506,229,2483,52,680,281,459,0.9727498888969421
507,229,5886,99,65,241,480,0.9613168835639954
508,231,3743,76,816,333,328,0.9735572338104248
509,231,23223,60,135,386,438,0.9663323163986206
510,231,2483,597,108,289,451,0.9659543037414551
511,231,5886,611,696,239,514,0.9479252099990845
512,232,29667,677,189,228,213,0.9837108254432678
513,232,27733,117,775,320,266,0.9711782932281494
514,232,22347,129,234,205,197,0.9694129824638367
515,232,3483,599,800,276,207,0.9692490100860596
516,234,29667,649,184,220,214,0.9824437499046326
517,234,27733,80,729,330,271,0.9773774743080139
518,234,3483,571,768,277,207,0.971196174621582
519,234,22347,112,225,200,193,0.9703962802886963
520,236,27653,672,255,218,199,0.9760387539863586
521,236,3483,132,289,275,173,0.9759977459907532
522,236,35206,104,688,208,419,0.9651514291763306
523,236,28763,615,833,222,214,0.9527779817581177
524,237,27653,62,811,224,211,0.9766340851783752
525,237,3483,562,811,286,177,0.9707750678062439
526,237,35206,650,146,198,396,0.9652878046035767
527,237,28763,144,223,210,199,0.9610894918441772
528,238,16262,627,240,241,234,0.9744167923927307
529,238,18357,68,260,303,299,0.9664908647537231
530,238,3351,403,834,188,191,0.9557410478591919
531,241,3351,410,913,191,193,0.9783862233161926
532,241,20238,129,326,229,221,0.953420877456665
533,241,18147,519,258,311,383,0.9338626265525818
534,243,3351,379,185,185,184,0.9809423685073853
535,243,18147,146,649,316,402,0.9610093235969543
536,243,20238,623,769,226,224,0.9552674889564514
537,244,16551,582,6,286,481,0.9626464247703552
538,244,6563,198,715,217,359,0.9617824554443359
539,244,3544,128,169,209,202,0.9601149559020996
540,244,23203,649,879,141,137,0.9330127835273743
541,247,3743,123,838,332,334,0.9718710780143738
542,247,2483,625,95,202,474,0.9606236815452576
543,247,6192,58,130,335,511,0.9582298994064331
544,247,22362,610,736,273,421,0.9483963251113892
545,248,22362,598,734,265,406,0.9766760468482971
546,248,3743,123,828,320,323,0.9719511270523071
547,248,6192,55,105,333,502,0.9656202793121338
548,248,2483,633,61,205,487,0.9606422781944275
549,249,22362,84,116,257,392,0.9742273688316345
550,249,3743,492,126,310,302,0.9723261594772339
551,249,2483,90,663,216,488,0.9706181287765503
552,249,6192,557,595,340,497,0.9650654196739197
553,250,29667,128,204,227,225,0.9784556031227112
554,250,3351,378,849,188,191,0.9728395938873291
555,250,18357,542,231,244,354,0.9613814353942871
556,251,29667,588,794,234,234,0.9764683246612549
557,251,3351,371,179,181,188,0.9730064868927002
558,251,18357,142,594,247,372,0.9677005410194397
559,252,3351,412,239,183,183,0.9786643981933594
560,252,29667,626,886,228,224,0.9779378175735474
561,252,18357,185,690,243,372,0.9642819762229919
562,253,33880,456,254,435,291,0.973726749420166
563,253,3351,445,849,191,192,0.9707580804824829
564,253,35206,64,257,409,218,0.9682678580284119
565,256,2483,65,667,210,487,0.9696780443191528
566,256,19552,497,658,317,500,0.9618308544158936
567,256,5886,113,86,231,477,0.9576075673103333
568,256,25438,545,179,246,254,0.9375455379486084
569,259,41768,107,284,275,288,0.9753766655921936
570,259,20238,606,277,224,222,0.956394612789154
571,259,3351,385,895,188,192,0.9511604309082031
572,262,34597,78,28,332,501,0.9784579873085022
573,262,29667,605,176,216,215,0.9784180521965027
574,262,27653,62,810,224,212,0.9766902327537537
575,262,3483,561,811,286,177,0.9667211771011353
576,264,29667,126,864,231,227,0.9806182980537415
577,264,27653,672,256,219,201,0.9757517576217651
578,264,3483,133,289,276,173,0.9707943797111511
579,264,34597,562,678,361,520,0.9641817808151245
580,265,27653,671,256,219,200,0.9756129384040833
581,265,3483,132,289,277,173,0.9746699333190918
582,265,16232,141,847,199,192,0.9717116355895996
583,265,25367,596,666,380,493,0.9710436463356018
584,266,27653,95,852,223,208,0.9772210121154785
585,266,3483,592,843,281,175,0.9709425568580627
586,266,25367,18,105,393,479,0.9678410887718201
587,266,16232,648,231,193,181,0.9670895338058472
588,271,22347,106,188,201,195,0.9688031673431396
589,271,35206,632,164,216,392,0.9672296643257141
590,271,3483,625,719,210,271,0.9667174220085144
591,271,20877,86,726,330,242,0.963577926158905
592,273,20877,543,294,329,238,0.9752857089042664
593,273,3483,140,293,215,256,0.9743638038635254
594,273,22347,666,876,215,209,0.9709347486495972
595,273,35206,97,672,234,410,0.9673860669136047
596,274,3351,420,890,189,192,0.9686440825462341
597,274,20014,581,261,340,312,0.9637609124183655
598,274,21325,207,326,152,236,0.9570267200469971
599,275,3351,328,150,186,190,0.9755783677101135
600,275,20014,7,645,352,343,0.958181619644165
601,275,21325,583,664,154,243,0.9521248936653137
602,277,30308,80,96,397,405,0.9727100729942322
603,277,19861,127,865,220,167,0.9706597924232483
604,277,3483,601,867,258,230,0.9701011180877686
605,277,36637,618,196,268,153,0.9582809209823608
606,278,19861,637,278,222,170,0.9776948094367981
607,278,36637,96,909,274,164,0.9761837720870972
608,278,30308,521,746,414,413,0.9752879738807678
609,278,3483,150,219,249,222,0.9726946353912354
610,280,3351,410,868,189,191,0.9701046943664551
611,280,3832,437,276,388,350,0.9639406800270081
612,280,16232,133,291,188,192,0.9494982361793518
613,286,30308,30,115,377,409,0.9770472049713135
614,286,16262,576,188,239,226,0.9749964475631714
615,286,3483,537,780,267,224,0.95328688621521
616,286,27777,145,776,179,205,0.9468338489532471
617,287,30308,570,704,399,423,0.9737880825996399
618,287,3483,173,274,260,217,0.973663866519928
619,287,16262,138,837,250,243,0.9701948165893555
620,287,27777,640,293,175,195,0.9510719776153564
621,288,16262,604,193,245,231,0.9750471115112305
622,288,30308,42,131,393,419,0.9710314869880676
623,288,3483,566,816,264,218,0.9666484594345093
624,288,27777,177,813,176,199,0.9578770399093628
625,289,22362,588,743,254,408,0.9755725860595703
626,289,25438,143,843,256,254,0.9733974933624268
627,289,2483,599,82,252,474,0.9687210321426392
628,289,6192,94,46,276,536,0.9558541178703308
629,291,2483,79,655,260,475,0.973609209060669
630,291,22362,100,104,255,396,0.9693701267242432
631,291,6192,572,611,278,545,0.9643757343292236
632,291,25438,536,175,246,251,0.9433784484863281
633,292,2483,68,663,206,487,0.9693111777305603
634,292,5886,117,83,227,478,0.9595946073532104
635,292,12778,540,590,328,509,0.9581301808357239
636,292,25438,548,176,244,254,0.9477583169937134
637,295,3351,413,864,189,192,0.9763416051864624
638,295,20014,124,192,337,315,0.9676854610443115
639,295,16232,643,298,195,191,0.9633682370185852
640,298,1900,685,879,210,133,0.9759920835494995
641,298,33208,157,235,207,195,0.9685453176498413
642,298,16548,162,776,238,236,0.9684431552886963
643,298,31705,572,176,247,422,0.968302309513092
644,299,1900,89,260,200,127,0.973937451839447
645,299,16548,562,246,232,226,0.9696604013442993
646,299,31705,139,641,254,457,0.9623844623565674
647,299,33208,611,845,214,207,0.9560607671737671
648,302,19232,95,634,283,327,0.9827949404716492
649,302,3351,309,160,186,190,0.9750407338142395
650,302,36637,570,710,237,232,0.9693659543991089
651,304,4378,596,704,233,465,0.975888729095459
652,304,3743,131,813,337,331,0.9725420475006104
653,304,22627,105,136,307,497,0.9610127210617065
654,304,2483,625,65,190,476,0.9579959511756897
655,308,3351,289,206,186,189,0.9743292927742004
656,308,41768,562,604,277,300,0.972805380821228
657,308,36637,119,712,193,264,0.96260005235672
658,310,4543,139,865,212,212,0.9778623580932617
659,310,16551,106,145,312,447,0.9667536020278931
660,310,3544,654,890,216,214,0.9549438953399658
661,310,12247,620,322,175,184,0.9376152157783508
662,313,29667,598,182,218,216,0.9760554432868958
663,313,3483,620,723,213,271,0.9680144786834717
664,313,20877,39,756,325,252,0.964754045009613
665,313,34597,16,20,452,415,0.9468310475349426
666,315,20877,592,259,325,245,0.9755343198776245
667,315,3483,143,290,216,255,0.9731034636497498
668,315,29667,135,859,227,227,0.9725635051727295
669,315,34597,507,782,467,427,0.9636732339859009
670,316,10221,632,200,224,215,0.9771744608879089
671,316,3544,127,236,207,201,0.9716132879257202
672,316,16548,168,791,236,229,0.9495516419410706
673,316,33009,564,812,367,208,0.9074003100395203
674,317,10221,124,845,231,227,0.9815413951873779
675,317,33009,80,267,358,222,0.974585235118866
676,317,16548,591,284,231,223,0.9377583861351013
677,317,3544,659,832,214,212,0.9120652675628662
678,320,35206,632,164,216,392,0.9680256247520447
679,320,3483,625,718,210,272,0.9654728174209595
680,320,20877,86,726,330,241,0.9629226922988892
681,320,28763,136,196,209,200,0.9578602910041809
682,323,27653,671,255,219,199,0.9764343500137329
683,323,3483,131,290,276,171,0.9696528911590576
684,323,22347,656,876,213,209,0.9670087099075317
685,323,36637,151,802,193,255,0.951951265335083
686,324,27653,96,853,222,206,0.9768115878105164
687,324,3483,592,843,281,174,0.9755246639251709
688,324,22347,131,195,206,197,0.9674652814865112
689,324,36637,645,209,188,245,0.9524025917053223
690,325,3483,174,275,258,216,0.9723848104476929
691,325,16262,139,836,246,242,0.9698656797409058
692,325,31885,506,702,408,526,0.9690078496932983
693,325,27777,640,293,174,194,0.9515743851661682
694,327,16262,603,192,244,231,0.971493661403656
695,327,31885,93,25,412,511,0.9692845344543457
696,327,3483,567,816,264,218,0.9643951654434204
697,327,27777,176,812,176,200,0.958210825920105
698,328,36637,102,881,269,179,0.9772856831550598
699,328,3483,124,307,270,199,0.9705332517623901
700,328,27733,561,257,300,262,0.9688210487365723
701,328,31885,513,641,385,539,0.9605220556259155
702,332,3544,126,141,203,199,0.9680187106132507
703,332,12420,83,823,189,183,0.9563911557197571
704,332,4543,590,167,203,199,0.9543932676315308
705,332,16551,563,540,287,489,0.30312106013298035
706,334,22347,147,223,201,195,0.9696211814880371
707,334,3483,625,719,210,272,0.9693854451179504
708,334,16232,628,222,189,183,0.9682401418685913
709,334,20877,86,726,329,240,0.9666247367858887
710,335,20877,544,294,328,237,0.975769579410553
711,335,3483,140,293,215,256,0.9744996428489685
712,335,16232,133,847,197,192,0.9739124774932861
713,335,22347,622,839,213,207,0.968052864074707
714,336,3483,651,750,211,269,0.973254382610321
715,336,16232,656,231,193,180,0.9728269577026367
716,336,22347,165,232,205,198,0.970282256603241
717,336,20877,116,769,332,230,0.9662919044494629
718,337,25469,576,189,327,283,0.9804385900497437
719,337,22347,641,836,213,206,0.9703214168548584
720,337,3483,127,274,270,187,0.9655901789665222
721,337,36637,131,829,180,264,0.9604911804199219
722,338,25469,51,788,349,300,0.9754085540771484
723,338,22347,128,225,200,195,0.9712774753570557
724,338,36637,645,170,169,250,0.956853985786438
725,338,3483,576,812,278,193,0.9499437808990479
726,339,25469,87,831,340,299,0.9726758003234863
727,339,22347,145,235,207,198,0.9721640348434448
728,339,36637,674,174,176,255,0.9581953883171082
729,339,3483,603,846,277,188,0.958026647567749
730,340,34597,35,80,397,474,0.9638314843177795
731,340,20238,577,191,223,214,0.9586382508277893
732,340,3483,538,781,267,224,0.9520283341407776
733,340,27777,144,776,180,206,0.9455803036689758
734,341,3483,567,816,264,218,0.9668927788734436
735,341,20238,604,195,227,216,0.9605448246002197
736,341,27777,177,813,176,199,0.9555127620697021
737,341,34597,50,112,405,466,0.9138438105583191
738,344,16262,604,193,246,231,0.9763113856315613
739,344,3483,567,816,265,218,0.9647339582443237
740,344,27777,177,813,176,199,0.955599308013916
741,344,28763,154,194,212,200,0.9552091956138611
742,345,16262,576,188,239,226,0.9741049408912659
743,345,28763,138,186,208,201,0.9577609896659851
744,345,3483,537,780,266,225,0.9533535838127136
745,345,27777,145,777,179,205,0.9462832808494568
746,346,16232,643,251,187,181,0.974282443523407
747,346,3483,568,814,264,218,0.9671264290809631
748,346,25367,139,52,348,501,0.9628243446350098
749,346,27777,178,812,177,200,0.9533547759056091
750,347,25367,125,40,331,493,0.9669779539108276
751,347,16232,616,240,182,183,0.9630687236785889
752,347,3483,538,779,267,223,0.9619720578193665
753,347,27777,145,775,180,206,0.9469316601753235
754,349,3483,568,813,264,219,0.9704222083091736
755,349,35206,616,139,225,404,0.963134765625
756,349,34597,6,126,443,431,0.960189700126648
757,349,27777,180,810,175,202,0.950290858745575
758,352,5094,139,857,285,290,0.9691670536994934
759,352,19552,109,173,326,489,0.9663527607917786
760,352,2483,640,118,203,471,0.9594363570213318
761,352,22362,622,780,257,426,0.9440537095069885
762,355,12081,72,130,226,428,0.9791858792304993
763,355,2483,57,698,250,480,0.9710370898246765
764,355,23223,540,593,308,504,0.9703162312507629
765,355,5094,551,190,271,269,0.9699860215187073
766,356,12081,641,688,240,450,0.9750117063522339
767,356,5094,105,798,280,279,0.9730221629142761
768,356,23223,96,112,302,498,0.9670224189758301
769,356,2483,631,35,242,474,0.9655674695968628
770,359,29667,630,163,222,216,0.9702485799789429
771,359,3483,564,816,264,218,0.9662721753120422
772,359,31885,80,45,374,528,0.959904670715332
773,359,27777,177,810,175,200,0.9511426091194153
774,361,16262,645,288,242,234,0.976439893245697
775,361,3351,429,882,189,192,0.9713620543479919
776,361,18147,210,165,211,421,0.9151932001113892
777,364,32310,586,167,243,342,0.9776672720909119
778,364,35206,100,253,354,325,0.9683462381362915
779,364,3351,406,855,192,194,0.9638673663139343
780,372,25469,50,857,377,217,0.974130392074585
781,372,34597,14,141,450,416,0.9731647372245789
782,372,16262,573,194,245,233,0.9709376692771912
783,372,3483,603,844,278,189,0.9563859105110168
784,374,29667,625,186,223,215,0.9733189940452576
785,374,3483,648,755,212,268,0.9685745239257812
786,374,25367,100,33,412,467,0.962942361831665
787,374,20877,71,797,327,243,0.9625416398048401
788,379,31863,136,315,208,207,0.9747976064682007
789,379,16688,453,158,489,469,0.9608449935913086
790,379,3351,464,859,191,193,0.9580772519111633
791,380,31863,597,714,213,214,0.9708932638168335
792,380,16688,0,551,503,516,0.9681927561759949
793,380,3351,285,180,188,189,0.9681875109672546
794,382,3743,76,816,333,328,0.9734381437301636
795,382,12778,99,129,374,453,0.9676432013511658
796,382,2483,599,110,286,448,0.9671564102172852
797,382,5886,612,696,238,514,0.9404740333557129
798,384,3743,74,801,329,319,0.9742918610572815
799,384,2483,612,83,275,450,0.9714520573616028
800,384,5886,598,698,243,492,0.9675722122192383
801,384,12778,92,89,382,463,0.9642423987388611
802,387,27653,671,255,218,200,0.9756824970245361
803,387,31885,497,653,423,517,0.972740113735199
804,387,3483,132,290,275,173,0.9695774912834167
805,387,20238,133,868,233,228,0.9577600955963135
806,389,16262,600,184,241,231,0.9705250263214111
807,389,34597,27,123,445,427,0.970451831817627
808,389,20877,85,725,330,241,0.9678588509559631
809,389,3483,624,720,210,272,0.9662913680076599
810,390,3483,650,751,211,269,0.9708700776100159
811,390,16262,629,191,245,233,0.9706921577453613
812,390,34597,42,155,451,420,0.9691290855407715
813,390,20877,117,768,331,230,0.965184211730957
814,392,1900,187,273,203,137,0.9736349582672119
815,392,33208,656,899,220,211,0.9730456471443176
816,392,16551,112,698,295,500,0.9611557722091675
817,392,21026,685,275,178,172,0.9470255970954895
818,393,33208,109,160,208,197,0.976655900478363
819,393,1900,581,867,213,143,0.9709965586662292
820,393,21026,92,832,180,181,0.9624170660972595
821,393,16551,557,49,278,467,0.9563043713569641
822,394,25469,573,232,376,217,0.9729326963424683
823,394,3483,126,274,272,188,0.967488169670105
824,394,28763,604,855,222,216,0.9599647521972656
825,394,20238,139,850,233,226,0.9546346068382263
826,395,25469,49,857,378,219,0.968798816204071
827,395,28763,173,208,213,203,0.9602686166763306
828,395,20238,618,195,226,217,0.9591436386108398
829,395,3483,602,844,279,189,0.9571855664253235
830,396,25469,11,812,383,222,0.9701372385025024
831,396,20238,590,192,222,213,0.9586400985717773
832,396,28763,154,199,210,201,0.9520776867866516
833,396,3483,576,811,278,194,0.9439916610717773
834,400,33208,614,771,214,205,0.9791279435157776
835,400,33009,10,772,374,243,0.9603869318962097
836,400,1900,134,247,193,155,0.957545816898346
837,400,16548,603,125,232,226,0.9273386597633362
838,401,33208,152,295,208,196,0.9797908663749695
839,401,1900,642,858,207,166,0.9713220000267029
840,401,16548,112,899,242,239,0.9481314420700073
841,401,33009,580,243,370,236,0.8571310043334961
842,404,3351,357,145,186,191,0.9760905504226685
843,404,18147,19,587,285,419,0.9715022444725037
844,404,35206,438,700,419,235,0.9575978517532349
845,409,10224,540,129,375,282,0.9671886563301086
846,409,16551,4,729,471,322,0.9545788764953613
847,409,33009,517,791,385,212,0.9291530847549438
848,409,1900,135,244,189,165,0.8958848714828491
849,411,33009,89,255,364,212,0.9680013656616211
850,411,10224,34,822,388,307,0.9616121053695679
851,411,16551,497,204,453,303,0.9534429907798767
852,411,1900,645,852,203,178,0.9433720111846924
853,412,5094,107,807,286,291,0.9743251204490662
854,412,12081,649,693,245,468,0.9740014672279358
855,412,19552,113,191,309,495,0.9713260531425476
856,412,2483,626,73,221,464,0.9675672650337219
857,413,12081,641,689,240,449,0.9764177799224854
858,413,5094,105,797,280,279,0.9728400111198425
859,413,19552,114,161,308,495,0.9722089767456055
860,413,2483,630,37,244,472,0.9663318395614624
861,414,12081,72,131,226,428,0.9780226945877075
862,414,19552,520,553,308,492,0.9724193811416626
863,414,2483,56,700,253,477,0.9716016054153442
864,414,5094,551,190,271,269,0.9700531363487244
865,415,31885,99,92,322,544,0.9730076193809509
866,415,19861,127,865,220,167,0.971184253692627
867,415,3483,600,869,259,227,0.970551073551178
868,415,16262,639,178,243,231,0.9601701498031616
869,416,31885,80,71,314,540,0.9751561284065247
870,416,16262,610,173,238,228,0.9616791605949402
871,416,19861,92,827,226,177,0.9582803845405579
872,416,3483,574,838,262,231,0.9571293592453003
873,417,19861,638,278,220,170,0.9753912091255188
874,417,3483,150,219,247,222,0.9699021577835083
875,417,16262,98,852,252,240,0.9671868681907654
876,417,31885,572,615,333,549,0.9619244337081909
877,419,27733,564,263,304,265,0.9733489155769348
878,419,3483,122,306,273,202,0.9707561731338501
879,419,25367,539,736,437,443,0.9701353311538696
880,419,20238,114,855,231,225,0.9537217020988464
881,420,27733,85,721,328,285,0.9730703830718994
882,420,25367,7,72,429,418,0.9679080247879028
883,420,3483,580,759,275,212,0.9644793272018433
884,420,20238,616,187,220,213,0.956630527973175
885,422,19861,639,278,221,171,0.9788233637809753
886,422,3483,152,219,247,220,0.9784271717071533
887,422,36637,97,907,274,164,0.9747983813285828
888,422,34597,560,696,356,517,0.9673798084259033
889,423,36637,590,195,260,154,0.9707643985748291
890,423,34597,81,13,334,498,0.968808114528656
891,423,3483,572,839,262,231,0.9633697867393494
892,423,19861,90,826,227,177,0.9617124199867249
893,429,29667,665,180,229,212,0.9769567847251892
894,429,27733,132,774,312,278,0.9745550155639648
895,429,3483,609,789,274,211,0.9710181355476379
896,429,34597,73,154,486,354,0.9680323004722595
897,430,4543,610,154,206,200,0.9786450862884521
898,430,16551,71,613,407,406,0.9731354117393494
899,430,3544,182,198,203,200,0.9714435338973999
900,430,33878,614,791,170,221,0.9667448997497559
901,431,16551,106,665,397,398,0.9724040627479553
902,431,3544,200,206,208,202,0.9716202616691589
903,431,33878,644,832,165,214,0.9651496410369873
904,431,4543,639,155,211,200,0.8086569905281067
905,432,4543,133,904,213,212,0.9828482866287231
906,432,3544,583,858,214,213,0.9729190468788147
907,432,16551,489,229,398,387,0.970238447189331
908,432,33878,196,256,159,216,0.9673657417297363
909,433,27733,86,721,325,283,0.9747180938720703
910,433,30308,95,105,348,425,0.973517119884491
911,433,16232,620,179,187,181,0.9706876873970032
912,433,3483,580,759,273,212,0.9662411212921143
913,434,16232,140,891,199,193,0.975305438041687
914,434,3483,124,307,271,200,0.9734126925468445
915,434,27733,565,262,301,263,0.9701238870620728
916,434,30308,532,693,373,449,0.9674749970436096
917,435,3483,608,790,274,213,0.975925862789154
918,435,16232,648,186,192,178,0.974570095539093
919,435,27733,124,769,314,275,0.9739073514938354
920,435,30308,109,119,363,438,0.9714944958686829
921,436,31885,42,137,453,479,0.9758886694908142
922,436,25469,50,857,377,219,0.9624798893928528
923,436,20238,619,195,224,218,0.9583358764648438
924,436,3483,603,845,277,188,0.9547268152236938
925,443,4378,81,104,218,433,0.9785263538360596
926,443,2483,84,673,246,474,0.970574140548706
927,443,22627,529,683,350,482,0.9582948088645935
928,443,25438,570,187,246,253,0.8160029053688049
929,444,4378,654,700,221,481,0.9734676480293274
930,444,25438,112,842,260,267,0.9709718227386475
931,444,2483,597,102,255,460,0.9684014320373535
932,444,22627,77,62,334,493,0.966843843460083
933,449,34597,47,127,381,482,0.980459988117218
934,449,27653,96,851,223,207,0.9772496223449707
935,449,3483,592,842,281,173,0.9767206311225891
936,449,16262,623,184,242,230,0.9700180292129517
937,452,16551,139,635,310,488,0.9654406905174255
938,452,29451,513,245,409,221,0.9632216691970825
939,452,44199,176,233,198,263,0.9531776905059814
940,452,1900,645,847,187,188,0.6582654118537903
941,454,2483,104,704,233,484,0.9735880494117737
942,454,5094,564,194,272,270,0.9705122709274292
943,454,6192,500,588,296,527,0.9622340202331543
944,454,5886,127,83,231,478,0.9575008153915405
945,455,5094,93,794,281,276,0.9720004796981812
946,455,2483,601,26,219,479,0.9649228453636169
947,455,5886,584,681,233,491,0.961936891078949
948,455,6192,143,91,301,517,0.9602088332176208
949,456,5094,97,807,284,282,0.9797216653823853
950,456,2483,596,53,210,482,0.9625187516212463
951,456,6192,143,120,295,523,0.9607967734336853
952,456,5886,593,683,243,505,0.935560941696167
953,457,5094,133,833,279,276,0.9724928736686707
954,457,13395,632,678,233,490,0.9637362360954285
955,457,6192,109,151,286,538,0.9566863775253296
956,457,2483,640,57,218,491,0.7510355710983276
957,458,5094,136,844,284,285,0.9724308848381042
958,458,13395,638,674,248,518,0.9636277556419373
959,458,2483,623,98,232,472,0.959784209728241
960,458,6192,109,175,284,545,0.9421990513801575
961,459,5094,524,162,269,265,0.9668232202529907
962,459,2483,81,660,216,490,0.9650335311889648
963,459,13395,81,80,234,489,0.9525668025016785
964,459,6192,551,515,270,531,0.9341358542442322
965,460,22362,84,117,257,391,0.9749089479446411
966,460,3743,491,126,310,302,0.972317636013031
967,460,23223,507,583,298,509,0.9683141112327576
968,460,2483,94,662,207,489,0.9656504988670349
969,462,3743,123,838,332,334,0.9718112945556641
970,462,23223,135,146,292,510,0.9665860533714294
971,462,2483,627,96,204,474,0.960576593875885
972,462,22362,610,736,273,422,0.9520582556724548
973,463,27653,669,255,219,199,0.9749657511711121
974,463,3483,130,289,277,173,0.9740415215492249
975,463,20238,132,869,233,227,0.9567012190818787
976,463,28763,621,872,223,215,0.95103520154953
977,464,27653,64,811,225,212,0.9754706025123596
978,464,3483,565,810,284,178,0.9710950255393982
979,464,28763,138,184,209,201,0.9598760008811951
980,464,20238,595,175,221,211,0.9571048021316528
981,465,27653,97,853,224,208,0.9757269024848938
982,465,3483,593,842,281,174,0.9696029424667358
983,465,28763,154,192,214,201,0.9622728824615479
984,465,20238,623,177,226,215,0.9577326774597168
985,468,25438,155,873,261,267,0.9744821190834045
986,468,2483,602,113,202,471,0.9660845994949341
987,468,23223,110,112,308,509,0.9654397964477539
988,468,22362,604,746,268,422,0.9625939726829529
989,469,27733,125,769,314,276,0.9727911949157715
990,469,3483,609,790,275,212,0.9725583791732788
991,469,35206,603,126,256,392,0.9696367979049683
992,469,28763,150,221,212,201,0.961747407913208
993,472,33878,630,850,226,138,0.9702032208442688
994,472,16548,628,148,236,226,0.9649060964584351
995,472,6563,191,709,214,359,0.9633253216743469
996,472,3544,151,191,207,201,0.9554218649864197
997,474,33878,147,305,224,147,0.9682756662368774
998,474,6563,591,237,208,340,0.9583231806755066
999,474,16548,119,880,241,239,0.9572973251342773
1000,474,3544,635,875,215,214,0.9415919780731201
1001,475,19552,88,129,316,503,0.9753036499023438
1002,475,25438,125,823,259,268,0.9727551937103271
1003,475,13395,601,706,235,527,0.9599515795707703
1004,475,2483,595,75,210,478,0.9478991627693176
1005,477,19552,86,106,319,493,0.9713171720504761
1006,477,25438,123,809,256,258,0.9695331454277039
1007,477,13395,592,712,237,501,0.960574209690094
1008,477,2483,601,40,216,492,0.9539486765861511
1009,479,25367,65,81,374,472,0.9665936231613159
1010,479,3483,537,779,267,223,0.963570773601532
1011,479,36637,637,176,179,245,0.9488320350646973
1012,479,27777,144,775,181,206,0.9473006725311279
1013,481,5094,136,844,284,286,0.9721158146858215
1014,481,2483,624,98,231,472,0.9637740254402161
1015,481,13395,639,673,247,520,0.9634096026420593
1016,481,22627,76,92,307,512,0.9612350463867188
1017,482,5094,524,162,270,266,0.9671943187713623
1018,482,2483,82,661,214,489,0.9650442004203796
1019,482,22627,556,634,309,493,0.9555961489677429
1020,482,13395,81,78,235,491,0.9529678225517273
1021,484,32310,22,326,301,331,0.9783850908279419
1022,484,16688,479,120,416,528,0.970992922782898
1023,484,3351,421,894,189,193,0.9026814699172974
1024,485,32310,619,531,298,350,0.9811418652534485
1025,485,16688,36,519,445,589,0.971419095993042
1026,485,3351,329,146,184,189,0.9711779952049255
1027,486,32310,660,632,302,350,0.9801826477050781
1028,486,16688,76,620,440,594,0.9763588905334473
1029,486,3351,370,204,186,185,0.9743158221244812
1030,487,27733,123,768,314,276,0.975475549697876
1031,487,3483,608,791,273,212,0.9745404124259949
1032,487,16232,648,186,193,178,0.9741786122322083
1033,487,31885,97,48,416,511,0.9655317068099976
1034,493,1900,186,290,201,156,0.9708681702613831
1035,493,19607,683,900,166,161,0.9632803797721863
1036,493,16548,125,885,242,239,0.9566599726676941
1037,493,21026,685,275,178,172,0.9231417179107666
1038,494,21026,93,832,180,181,0.9594094753265381
1039,494,16548,592,139,231,224,0.9530437588691711
1040,494,19607,136,214,153,150,0.9495181441307068
1041,494,1900,588,828,205,163,0.9481082558631897
1042,496,36637,162,294,193,249,0.9677187204360962
1043,496,3351,394,871,189,191,0.9546616673469543
1044,496,3832,494,179,378,368,0.9407122731208801
1045,497,3351,354,160,182,186,0.9753611087799072
1046,497,36637,588,669,194,260,0.9619606733322144
1047,497,3832,56,654,390,376,0.9560787081718445
1048,499,25469,573,233,377,218,0.9722391963005066
1049,499,16262,167,832,250,245,0.971535861492157
1050,499,3483,126,273,272,188,0.9639895558357239
1051,499,25367,526,725,435,463,0.9623863697052002
1052,500,16262,546,188,239,229,0.9734550714492798
1053,500,25469,12,811,383,223,0.9699660539627075
1054,500,25367,37,61,415,439,0.9666423201560974
1055,500,3483,576,812,278,193,0.9440283179283142
1056,501,16262,573,194,245,233,0.9714770317077637
1057,501,25469,49,858,378,218,0.9701204299926758
1058,501,25367,46,79,433,445,0.9655461311340332
1059,501,3483,602,844,278,189,0.9541082978248596
1060,502,30308,547,732,418,409,0.9757565259933472
1061,502,25469,573,233,377,218,0.972179114818573
1062,502,3483,125,274,274,187,0.9685330390930176
1063,502,20238,140,850,232,226,0.9541904330253601
1064,503,30308,39,102,392,396,0.9772309064865112
1065,503,25469,12,811,381,223,0.9689428210258484
1066,503,20238,591,191,220,214,0.9588242769241333
1067,503,3483,576,811,278,193,0.9451377391815186
1068,506,3351,352,141,184,187,0.9770307540893555
1069,506,31863,83,699,209,212,0.9537993669509888
1070,506,38162,533,632,200,301,0.8922119736671448
1071,507,3351,394,198,184,183,0.9731764793395996
1072,507,31863,124,785,206,206,0.9622541069984436
1073,507,38162,574,728,193,293,0.9129608869552612
1074,508,22074,166,261,189,190,0.978076159954071
1075,508,18147,541,241,338,352,0.9773149490356445
1076,508,3351,419,871,189,192,0.9715707302093506
1077,509,18147,47,606,349,379,0.9792921543121338
1078,509,22074,590,781,189,192,0.9778753519058228
1079,509,3351,329,168,185,189,0.9730554819107056
1080,511,19861,639,278,222,171,0.9798597693443298
1081,511,3483,151,219,249,221,0.9778292179107666
1082,511,36637,96,907,274,164,0.97361820936203
1083,511,25367,575,743,391,495,0.9635971188545227
1084,515,30308,92,184,427,368,0.9733225703239441
1085,515,3483,568,814,264,218,0.967694878578186
1086,515,35206,616,140,224,401,0.9601815938949585
1087,515,27777,178,812,177,200,0.9588812589645386
1088,516,3483,172,277,259,215,0.9721355438232422
1089,516,30308,480,703,436,372,0.969099223613739
1090,516,35206,138,708,244,408,0.9676218628883362
1091,516,27777,639,294,175,195,0.9519087076187134
1092,517,27653,96,853,222,206,0.976841390132904
1093,517,3483,593,843,280,173,0.9761186242103577
1094,517,31885,28,16,382,524,0.955976665019989
1095,517,36637,645,209,187,245,0.9552921056747437
1096,518,27653,63,811,223,210,0.9781726598739624
1097,518,3483,564,811,283,177,0.9713160395622253
1098,518,31885,17,2,363,515,0.9582735896110535
1099,518,36637,615,203,182,243,0.9522859454154968
1100,519,27653,672,255,217,199,0.9766419529914856
1101,519,3483,133,290,275,171,0.9760544300079346
1102,519,36637,151,802,193,255,0.959876537322998
1103,519,31885,596,701,378,535,0.9312635660171509
1104,520,29667,129,880,228,227,0.9745498895645142
1105,520,3483,174,276,260,216,0.966132402420044
1106,520,28763,612,905,225,215,0.958867609500885
1107,520,27777,640,295,173,194,0.9525782465934753
1108,521,29667,602,160,216,216,0.9758262038230896
1109,521,28763,147,155,209,199,0.9611759185791016
1110,521,3483,536,779,267,225,0.9583628177642822
1111,521,27777,143,775,180,205,0.9481161236763
1112,522,29667,630,163,223,216,0.9724827408790588
1113,522,3483,565,815,264,219,0.9635644555091858
1114,522,28763,163,158,214,203,0.9584292769432068
1115,522,27777,177,811,176,199,0.9509634971618652
1116,525,27733,565,262,301,264,0.973724901676178
1117,525,16232,139,891,200,193,0.9730715751647949
1118,525,3483,124,306,270,200,0.972109854221344
1119,525,28763,633,863,224,216,0.954615592956543
1120,526,19861,637,278,222,170,0.9774247407913208
1121,526,30308,550,706,316,476,0.9755378365516663
1122,526,3483,149,219,249,221,0.9704821705818176
1123,526,16262,98,852,253,241,0.9677762389183044
1124,527,30308,143,73,310,465,0.9733651876449585
1125,527,19861,127,865,220,168,0.9711941480636597
1126,527,16262,639,178,243,230,0.9659757614135742
1127,527,3483,600,867,259,230,0.9609056115150452
1128,528,30308,129,61,295,450,0.9749228954315186
1129,528,16262,610,173,238,227,0.9659358263015747
1130,528,19861,92,826,226,177,0.9640805721282959
1131,528,3483,574,838,262,231,0.9582905173301697
1132,529,22347,106,241,206,198,0.9741480350494385
1133,529,25469,48,858,379,219,0.9670022130012512
1134,529,20238,618,195,226,218,0.9595189690589905
1135,529,3483,602,844,279,190,0.9567003846168518
1136,530,25469,573,232,377,218,0.9733537435531616
1137,530,22347,680,832,215,207,0.9700627326965332
1138,530,3483,125,273,273,187,0.9669753909111023
1139,530,20238,138,849,233,227,0.9541081786155701
1140,531,25469,11,812,384,222,0.9705267548561096
1141,531,22347,90,231,201,195,0.9688774943351746
1142,531,20238,590,191,222,214,0.9572423696517944
1143,531,3483,576,811,279,193,0.9453396201133728
1144,532,3743,76,816,333,327,0.9733822345733643
1145,532,2483,599,111,286,448,0.9677116870880127
1146,532,19552,121,109,375,431,0.9505259394645691
1147,532,5886,612,696,237,514,0.9380514621734619
1148,533,3743,74,801,329,319,0.9740118384361267
1149,533,2483,610,82,276,450,0.9732162356376648
1150,533,5886,598,697,244,493,0.9674097299575806
1151,533,19552,117,72,380,435,0.9632930159568787
1152,534,2483,51,680,284,459,0.9766641855239868
1153,534,3743,537,153,316,302,0.9752289056777954
1154,534,19552,445,696,401,435,0.9662609696388245
1155,534,5886,99,65,241,480,0.9617889523506165
1156,535,25469,86,828,341,301,0.982962965965271
1157,535,31885,82,144,417,504,0.9769812226295471
1158,535,3483,603,846,277,188,0.9579137563705444
1159,535,36637,674,174,175,253,0.9571599364280701
1160,536,25469,50,786,350,302,0.9811192750930786
1161,536,31885,69,116,398,504,0.9742039442062378
1162,536,36637,645,170,169,250,0.960322916507721
1163,536,3483,576,812,278,192,0.9484917521476746
1164,537,25469,576,188,326,283,0.9868306517601013
1165,537,31885,513,595,409,519,0.9706389307975769
1166,537,36637,132,828,179,264,0.9657842516899109
1167,537,3483,127,274,269,187,0.963435173034668
1168,539,3351,322,133,185,190,0.9821217060089111
1169,539,38162,593,709,202,305,0.9625111222267151
1170,539,20014,14,668,351,345,0.9561998248100281
1171,540,3351,362,189,186,185,0.9756295084953308
1172,540,20014,56,752,346,339,0.9608534574508667
1173,540,38162,631,805,197,297,0.9508065581321716
1174,541,19861,638,278,221,170,0.974572479724884
1175,541,3483,150,219,247,222,0.973868727684021
1176,541,16232,145,901,196,192,0.9624482989311218
1177,541,31885,586,655,336,547,0.9201232194900513
1178,542,31885,72,35,306,538,0.9724227786064148
1179,542,3483,574,838,261,231,0.9655790328979492
1180,542,16232,618,173,184,180,0.9598897695541382
1181,542,19861,92,827,226,176,0.9598658084869385
1182,543,3483,600,869,258,226,0.9707397818565369
1183,543,19861,127,865,220,167,0.9675993323326111
1184,543,16232,646,176,190,185,0.966340184211731
1185,543,31885,86,54,321,542,0.9620214700698853
1186,545,3483,175,276,260,216,0.9761807322502136
1187,545,22347,662,862,215,209,0.9710080027580261
1188,545,29667,128,880,229,226,0.9706266522407532
1189,545,27777,641,295,174,193,0.9530104994773865
1190,546,29667,602,160,216,216,0.9767904281616211
1191,546,22347,107,201,201,194,0.9703715443611145
1192,546,3483,535,780,267,224,0.9568274021148682
1193,546,27777,143,774,180,205,0.9481255412101746
1194,547,3483,650,751,212,268,0.9724066853523254
1195,547,22347,122,242,206,198,0.9684496521949768
1196,547,20877,115,769,331,229,0.9648627042770386
1197,547,36637,632,210,184,249,0.9522531032562256
1198,548,20877,544,294,329,236,0.9757778644561768
1199,548,22347,665,829,212,208,0.9708395600318909
1200,548,3483,141,293,214,254,0.9704490303993225
1201,548,36637,166,797,189,258,0.9510079622268677
1202,551,27653,669,255,219,200,0.9756343960762024
1203,551,3483,130,289,278,173,0.9740825295448303
1204,551,30308,540,686,396,431,0.9697651267051697
1205,551,20238,133,869,233,228,0.9569218158721924
1206,552,27653,97,852,223,208,0.9754592180252075
1207,552,3483,593,842,281,174,0.9710748791694641
1208,552,30308,79,142,382,425,0.9604800343513489
1209,552,20238,623,178,226,214,0.957708477973938
1210,553,34597,14,69,421,452,0.9712238311767578
1211,553,25469,12,810,382,224,0.9689854979515076
1212,553,16232,603,214,184,182,0.9648884534835815
1213,553,3483,576,812,279,193,0.954679012298584
1214,555,25469,49,856,378,219,0.9715555906295776
1215,555,34597,23,98,432,446,0.9662105441093445
1216,555,16232,631,220,188,187,0.9657289981842041
1217,555,3483,603,844,278,190,0.957543671131134
1218,560,19861,127,865,221,168,0.9723915457725525
1219,560,30308,114,75,281,476,0.9694515466690063
1220,560,3483,600,868,259,228,0.9693903923034668
1221,560,35206,581,99,289,377,0.9673953056335449
1222,564,21771,161,806,191,186,0.9787777662277222
1223,564,1900,152,255,195,162,0.9611606001853943
1224,564,16551,591,107,298,478,0.9402015805244446
1225,564,33009,550,837,376,199,0.8590279221534729
1226,565,12081,649,693,246,468,0.9761508703231812
1227,565,5094,107,806,287,291,0.9737567901611328
1228,565,12778,29,164,403,427,0.96952223777771
1229,565,2483,625,74,223,463,0.9676814675331116
1230,569,3743,498,169,311,296,0.9739729762077332
1231,569,12081,108,105,228,436,0.9712608456611633
1232,569,2483,90,665,258,471,0.9706656336784363
1233,569,12778,539,576,296,517,0.965969443321228
1234,571,1900,580,866,213,143,0.9728681445121765
1235,571,21026,91,831,181,180,0.9649516940116882
1236,571,16551,540,55,303,455,0.9598912596702576
1237,571,24850,121,138,180,283,0.943369448184967
1238,572,1900,188,274,204,137,0.9738978743553162
1239,572,16551,102,709,326,483,0.9692891240119934
1240,572,24850,673,830,188,305,0.9502992630004883
1241,572,21026,685,276,178,172,0.9151921272277832
1242,573,1900,607,899,208,137,0.9715287685394287
1243,573,16551,567,64,313,466,0.9698528051376343
1244,573,21026,125,864,180,178,0.955183744430542
1245,573,24850,138,143,185,290,0.9481591582298279
1246,574,3743,118,827,320,324,0.9727399945259094
1247,574,13395,627,678,232,492,0.9634482264518738
1248,574,22627,92,172,313,486,0.956307053565979
1249,574,2483,672,75,206,490,0.8960084915161133
1250,575,3743,498,124,309,306,0.9724524021148682
1251,575,2483,61,647,202,487,0.9618755578994751
1252,575,13395,85,79,232,487,0.955605149269104
1253,575,22627,536,548,308,484,0.9552996754646301
1254,576,3743,119,840,330,332,0.9726876616477966
1255,576,13395,636,675,244,519,0.9621593952178955
1256,576,22627,95,193,311,497,0.9613480567932129
1257,576,2483,658,112,217,472,0.9550595283508301
1258,577,19607,140,787,161,158,0.966725766658783
1259,577,33009,519,791,383,212,0.9527474641799927
1260,577,1900,135,247,194,155,0.934592068195343
1261,577,16551,538,73,354,423,0.6241453886032104
1262,578,19607,661,334,156,151,0.9653960466384888
1263,578,16551,53,727,380,449,0.9559281468391418
1264,578,1900,641,859,207,166,0.9542941451072693
1265,578,33009,87,254,369,213,0.9106661677360535
1266,579,19607,172,822,159,156,0.9704974293708801
1267,579,1900,152,257,198,156,0.9630559086799622
1268,579,16551,562,81,372,433,0.9561710357666016
1269,579,33009,549,837,378,200,0.9395645260810852
1270,581,1900,644,854,205,172,0.9650658369064331
1271,581,16548,104,906,245,240,0.9528130292892456
1272,581,24850,640,205,183,276,0.9401049017906189
1273,581,33009,90,254,364,211,0.9216474890708923
1274,583,2483,69,692,252,470,0.9735040068626404
1275,583,5094,550,186,271,269,0.9725489616394043
1276,583,19552,468,635,335,489,0.958884596824646
1277,583,5886,115,81,232,478,0.95611172914505
1278,584,5094,112,817,284,282,0.9738243818283081
1279,584,2483,606,81,260,468,0.966590166091919
1280,584,19552,146,118,323,481,0.9617806077003479
1281,584,5886,605,686,244,504,0.9118659496307373
1282,586,25469,51,787,349,301,0.9759218096733093
1283,586,28763,145,199,211,199,0.9674201011657715
1284,586,36637,645,170,169,250,0.9561991691589355
1285,586,3483,576,812,278,193,0.9505602717399597
1286,587,25469,575,188,326,285,0.9839269518852234
1287,587,28763,614,857,222,215,0.9664375185966492
1288,587,3483,127,274,270,187,0.9650881290435791
1289,587,36637,131,829,179,264,0.9620949625968933
1290,588,25469,87,830,341,300,0.9732868075370789
1291,588,28763,163,206,214,202,0.9618191719055176
1292,588,36637,674,174,176,255,0.958472728729248
1293,588,3483,603,846,277,189,0.9568799734115601
1294,589,19861,127,865,221,169,0.9715819954872131
1295,589,25367,26,111,352,496,0.9715718626976013
1296,589,3483,599,868,260,229,0.9680880904197693
1297,589,16262,638,178,244,231,0.9646259546279907
1298,591,19861,637,278,222,171,0.9789773225784302
1299,591,16262,98,853,253,240,0.9709358215332031
1300,591,3483,149,219,249,222,0.9703757166862488
1301,591,25367,629,645,347,508,0.9676619172096252
1302,592,19861,639,278,221,170,0.9759307503700256
1303,592,29667,119,844,231,225,0.9758922457695007
1304,592,3483,152,218,247,222,0.9737987518310547
1305,592,28763,649,901,224,214,0.956645667552948
1306,593,29667,610,194,218,215,0.9806632399559021
1307,593,19861,90,827,227,177,0.9620153307914734
1308,593,28763,113,159,210,197,0.9615418314933777
1309,593,3483,572,839,262,232,0.9613497257232666
1310,594,29667,640,199,224,216,0.9772360324859619
1311,594,19861,125,865,221,168,0.9718877673149109
1312,594,3483,600,869,257,230,0.9685953259468079
1313,594,28763,129,165,213,201,0.96002596616745
1314,595,16232,650,290,193,190,0.9635893702507019
1315,595,32310,109,218,251,343,0.9632124900817871
1316,595,3351,397,866,192,194,0.9428543448448181
1317,596,3351,352,163,179,183,0.9746788740158081
1318,596,16232,81,734,198,198,0.9686265587806702
1319,596,32310,579,620,265,369,0.8443204164505005
1320,598,36637,173,334,185,254,0.9687683582305908
1321,598,3351,402,874,191,192,0.9681119918823242
1322,598,33880,549,191,308,422,0.9576224684715271
1323,600,3351,387,227,184,182,0.9785004258155823
1324,600,33880,113,684,312,434,0.9016101360321045
1325,600,36637,625,721,183,260,0.8859336376190186
1326,601,31885,504,633,451,490,0.9754893779754639
1327,601,3483,124,306,269,200,0.9709725975990295
1328,601,27733,565,263,300,264,0.970464289188385
1329,601,16262,154,804,245,242,0.9700679183006287
1330,602,27733,86,721,325,284,0.9739460349082947
1331,602,31885,38,108,439,474,0.9730422496795654
1332,602,16262,563,218,238,228,0.9725456833839417
1333,602,3483,580,759,274,211,0.9645183682441711
1334,603,27733,124,768,314,276,0.9749153852462769
1335,603,31885,53,137,455,471,0.9733822345733643
1336,603,3483,608,790,274,211,0.9694346189498901
1337,603,16262,590,228,242,230,0.9647287726402283
1338,605,27653,96,853,222,206,0.9776862859725952
1339,605,3483,593,844,281,173,0.9743652939796448
1340,605,28763,145,249,213,201,0.9616512656211853
1341,605,36637,645,208,188,245,0.9516358375549316
1342,608,29667,591,722,233,235,0.9816319942474365
1343,608,3351,340,191,187,190,0.977670431137085
1344,608,33880,48,604,320,448,0.9357888698577881
1345,610,34597,0,98,396,455,0.9782719016075134
1346,610,27653,63,810,224,212,0.9766338467597961
1347,610,3483,563,810,283,178,0.9694280028343201
1348,610,16232,621,222,188,183,0.9642632603645325
1349,611,3483,132,289,277,173,0.9758278131484985
1350,611,27653,671,256,219,200,0.975811243057251
1351,611,16232,142,847,198,192,0.9713063836097717
1352,611,34597,577,653,399,464,0.9687068462371826
1353,612,27653,95,852,223,207,0.9777596592903137
1354,612,3483,592,844,281,175,0.9722011089324951
1355,612,34597,1,133,419,445,0.9718478918075562
1356,612,16232,648,231,193,181,0.9683361649513245
1357,614,19232,164,652,245,359,0.9822515249252319
1358,614,3351,347,154,185,188,0.9811789393424988
1359,614,22074,635,726,188,194,0.9771209955215454
1360,615,19232,211,753,234,356,0.9808486700057983
1361,615,3351,389,213,184,182,0.9775993824005127
1362,615,22074,674,819,184,189,0.9726961851119995
1363,616,19861,637,277,221,170,0.9763138890266418
1364,616,3483,150,220,247,221,0.9737766981124878
1365,616,16232,144,901,197,191,0.964306116104126
1366,616,28763,630,887,222,214,0.9617683291435242
1367,617,16232,646,176,191,185,0.9691019058227539
1368,617,3483,601,868,257,229,0.9687859416007996
1369,617,19861,127,865,221,167,0.9686601758003235
1370,617,28763,148,179,212,199,0.9648884534835815
1371,618,3483,574,838,261,232,0.9635676741600037
1372,618,19861,92,827,226,176,0.9632785320281982
1373,618,16232,617,173,186,180,0.9631757736206055
1374,618,28763,131,172,209,197,0.9592073559761047
1375,620,22362,80,74,254,395,0.9719241261482239
1376,620,2483,84,640,205,491,0.9682761430740356
1377,620,23223,543,638,305,513,0.9634091854095459
1378,620,5094,522,151,267,264,0.8773242831230164
1379,621,22362,609,779,253,408,0.9703850150108337
1380,621,23223,90,58,302,504,0.9700226187705994
1381,621,5094,137,847,279,274,0.9667087197303772
1382,621,2483,649,83,196,490,0.951557457447052
1383,622,22074,612,290,187,190,0.9801803827285767
1384,622,41768,128,292,263,295,0.9722789525985718
1385,622,3351,397,890,188,192,0.9382497668266296
1386,623,22074,127,747,190,196,0.9741892218589783
1387,623,3351,351,148,185,191,0.9735952019691467
1388,623,41768,555,630,270,309,0.9724476933479309
1389,624,22074,169,839,188,187,0.9785289764404297
1390,624,3351,393,208,185,184,0.9752255082130432
1391,624,41768,597,721,266,311,0.9746102690696716
1392,625,16262,153,804,248,242,0.9709308743476868
1393,625,3483,123,307,271,200,0.9701732397079468
1394,625,27733,565,262,302,264,0.9701107740402222
1395,625,30308,502,699,419,396,0.9594587087631226
1396,627,30308,75,148,395,378,0.9754101037979126
1397,627,27733,86,721,325,284,0.973352313041687
1398,627,16262,563,219,239,227,0.9729689955711365
1399,627,3483,580,759,274,211,0.9663822054862976
1400,628,27733,566,262,301,264,0.9737618565559387
1401,628,16232,139,891,200,193,0.9733677506446838
1402,628,3483,124,306,271,200,0.9706156849861145
1403,628,22347,677,850,214,210,0.9694737195968628
1404,632,2483,66,665,213,487,0.9691721796989441
1405,632,23223,500,604,302,510,0.9640824794769287
1406,632,5886,119,84,231,478,0.955450177192688
1407,632,25438,551,181,246,254,0.9471656680107117
1408,633,25438,131,848,260,266,0.9744760990142822
1409,633,2483,651,87,203,484,0.9623880386352539
1410,633,23223,142,132,289,500,0.960515558719635
1411,633,5886,601,681,244,505,0.9589596390724182
1412,635,16548,72,752,236,235,0.9699341058731079
1413,635,3544,183,198,203,200,0.9687973260879517
1414,635,33878,616,791,168,222,0.968172550201416
1415,635,4543,611,155,206,199,0.9605917930603027
1416,636,4543,133,903,212,212,0.978078305721283
1417,636,33878,196,256,156,215,0.9707427024841309
1418,636,3544,584,858,213,213,0.9697450399398804
1419,636,16548,653,279,232,223,0.9653717875480652
1420,637,3743,77,816,332,327,0.9725249409675598
1421,637,2483,599,110,286,448,0.9684348702430725
1422,637,6192,56,190,473,345,0.9651821851730347
1423,637,5886,611,696,239,514,0.9454800486564636
1424,638,3743,74,801,330,319,0.9728225469589233
1425,638,2483,611,82,275,451,0.9718099236488342
1426,638,5886,598,697,244,493,0.9666146636009216
1427,638,6192,48,158,482,347,0.8475335240364075
1428,640,3351,406,918,190,193,0.9747229218482971
1429,640,3832,486,286,403,342,0.9625377655029297
1430,640,20238,96,299,227,221,0.9531117081642151
1431,641,3351,342,124,185,187,0.9805482625961304
1432,641,3832,40,580,416,348,0.961249589920044
1433,641,20238,619,709,232,229,0.95476233959198
1434,644,3743,486,118,311,306,0.9714283347129822
1435,644,2483,57,650,211,487,0.9658536314964294
1436,644,13395,74,83,235,485,0.9567078948020935
1437,644,6192,506,605,272,540,0.9451335072517395
1438,646,3483,173,278,259,214,0.9757959246635437
1439,646,34597,402,629,454,434,0.9684730172157288
1440,646,36637,130,827,193,256,0.9576411247253418
1441,646,27777,640,294,174,194,0.9515018463134766
1442,647,3483,567,814,263,220,0.9722344279289246
1443,647,34597,143,192,454,412,0.9656500816345215
1444,647,36637,665,179,187,248,0.951845645904541
1445,647,27777,179,811,175,200,0.9505504965782166
1446,648,34597,126,154,443,426,0.9646115303039551
1447,648,3483,537,779,267,223,0.9623085260391235
1448,648,36637,636,176,180,243,0.9572311639785767
1449,648,27777,144,775,181,206,0.9476497769355774
1450,650,36637,561,824,274,167,0.9725552201271057
1451,650,32310,0,705,313,316,0.9644944071769714
1452,650,3351,370,177,178,185,0.9598479270935059
1453,652,16551,564,64,289,463,0.973111093044281
1454,652,31705,599,694,253,456,0.9684492945671082
1455,652,24850,115,842,303,172,0.9682196974754333
1456,652,1900,127,260,196,148,0.9439914226531982
1457,653,16551,93,691,307,488,0.9737650156021118
1458,653,31705,129,127,245,422,0.9694629907608032
1459,653,24850,547,266,290,166,0.9689852595329285
1460,653,1900,648,858,208,155,0.9528604745864868
1461,654,1900,144,269,200,147,0.9730066061019897
1462,654,16551,592,73,298,476,0.9700188040733337
1463,654,31705,626,733,250,445,0.9674493074417114
1464,654,24850,149,879,299,164,0.9640793800354004
1465,656,3544,150,191,208,201,0.9705687165260315
1466,656,33878,629,850,226,139,0.9699909687042236
1467,656,6563,191,708,215,360,0.9694734811782837
1468,656,16551,537,185,420,382,0.9631107449531555
1469,658,18110,79,789,309,291,0.9747675657272339
1470,658,16551,632,11,297,488,0.9488620162010193
1471,658,29451,495,818,401,269,0.9323091506958008
1472,658,1900,167,247,186,181,0.9192601442337036
1473,659,18110,44,746,315,301,0.9734156727790833
1474,659,16551,603,6,282,472,0.9555357098579407
1475,659,29451,466,783,406,270,0.898621678352356
1476,659,1900,148,239,184,182,0.8129527568817139
1477,660,18110,610,226,302,286,0.9691670536994934
1478,660,16551,62,742,301,505,0.9600712060928345
1479,660,29451,114,215,392,263,0.9464847445487976
1480,660,1900,644,847,188,189,0.6933363080024719
1481,661,31863,178,303,206,208,0.9771654605865479
1482,661,3351,377,879,189,191,0.9693729281425476
1483,661,16232,687,295,192,187,0.9661185145378113
1484,662,31863,557,725,207,213,0.9750838279724121
1485,662,3351,370,161,184,188,0.9687003493309021
1486,662,16232,44,745,196,191,0.9597901105880737
1487,664,20877,543,295,329,236,0.9761515259742737
1488,664,3483,140,294,214,256,0.9727466106414795
1489,664,36637,166,798,188,258,0.9564954042434692
1490,664,28763,629,874,223,214,0.9552231431007385
1491,665,3483,625,719,210,272,0.9686993360519409
1492,665,20877,86,727,330,239,0.9665810465812683
1493,665,36637,604,203,180,246,0.9595524668693542
1494,665,28763,131,184,209,201,0.9585565328598022
1495,667,12081,646,702,243,450,0.9760656952857971
1496,667,2483,578,118,292,447,0.9686189293861389
1497,667,25438,123,821,255,256,0.9651488661766052
1498,667,22627,27,143,471,281,0.9571571946144104
1499,668,12081,66,120,227,426,0.9777251482009888
1500,668,2483,69,650,300,453,0.9725632667541504
1501,668,22627,434,773,499,303,0.9627441167831421
1502,668,25438,558,194,245,254,0.9585858583450317
1503,670,25469,575,189,329,285,0.9833738803863525
1504,670,22347,682,848,215,209,0.9703692197799683
1505,670,3483,125,273,273,187,0.9669222831726074
1506,670,35206,135,728,245,411,0.9644949436187744
1507,672,22347,105,224,206,198,0.9727267622947693
1508,672,25469,88,830,341,302,0.9681908488273621
1509,672,35206,618,119,229,399,0.9637839794158936
1510,672,3483,604,845,277,189,0.9580363035202026
1511,674,1900,632,894,212,135,0.9817511439323425
1512,674,27926,602,162,252,446,0.9713559746742249
1513,674,16548,153,890,241,239,0.9592181444168091
1514,674,44199,137,293,282,147,0.9290304780006409
1515,675,1900,141,241,199,130,0.9773005843162537
1516,675,27926,96,612,271,486,0.9624468684196472
1517,675,44199,551,834,295,148,0.9369773268699646
1518,675,16548,566,135,231,226,0.9337761402130127
1519,677,1900,142,241,199,130,0.9775639176368713
1520,677,18110,14,692,315,298,0.9747547507286072
1521,677,27926,569,629,262,487,0.9630634188652039
1522,677,16551,616,11,304,455,0.9551082849502563
1523,679,5094,108,812,284,284,0.9733279943466187
1524,679,4378,600,702,220,471,0.9731758832931519
1525,679,2483,610,91,213,466,0.9652183055877686
1526,679,22627,130,161,341,472,0.9635425209999084
1527,680,5094,553,190,272,269,0.9720564484596252
1528,680,2483,88,677,236,481,0.9713926315307617
1529,680,4378,136,106,215,442,0.9674168825149536
1530,680,22627,470,607,346,470,0.9626361727714539
1531,681,4378,594,702,212,452,0.9743801355361938
1532,681,5094,104,799,281,276,0.9692933559417725
1533,681,2483,613,56,224,473,0.9660627841949463
1534,681,22627,129,130,344,468,0.9643868207931519
1535,684,1900,182,266,131,200,0.9761297106742859
1536,684,18110,79,763,303,291,0.9730874300003052
1537,684,16551,529,87,367,433,0.9723419547080994
1538,684,29345,577,714,327,430,0.9560456871986389
1539,685,12081,644,704,242,450,0.974215567111969
1540,685,6192,92,9,300,526,0.965593159198761
1541,685,2483,576,120,294,446,0.9648283123970032
1542,685,25438,120,819,254,257,0.9647681713104248
1543,688,27733,85,721,328,284,0.973357617855072
1544,688,34597,101,182,451,403,0.9727686047554016
1545,688,3483,580,759,275,212,0.9650893807411194
1546,688,20238,615,186,219,215,0.957023561000824
1547,692,27653,671,256,218,199,0.9760511517524719
1548,692,3483,133,290,276,170,0.9758672714233398
1549,692,22347,657,837,214,207,0.9678905606269836
1550,692,35206,104,688,208,419,0.9650254249572754
1551,694,19232,502,240,331,253,0.9767274260520935
1552,694,3351,403,851,189,190,0.9697883129119873
1553,694,35206,158,274,257,391,0.9600597023963928
1554,697,38162,137,259,230,269,0.9712648987770081
1555,697,3351,401,855,193,193,0.9654099345207214
1556,697,18357,600,202,243,342,0.9590142369270325
1557,698,3351,347,174,181,185,0.9814767241477966
1558,698,38162,574,681,237,281,0.9736828804016113
1559,698,18357,78,631,252,372,0.9727154970169067
1560,700,30308,74,129,384,396,0.9723978638648987
1561,700,19861,92,826,227,176,0.965601921081543
1562,700,3483,574,838,262,232,0.962368369102478
1563,700,16232,618,174,184,180,0.9599053263664246
1564,701,30308,90,146,394,407,0.9740420579910278
1565,701,19861,127,865,221,168,0.9696846604347229
1566,701,16232,647,176,189,185,0.9674404263496399
1567,701,3483,601,868,257,229,0.9666175842285156
1568,702,19861,637,278,222,170,0.9773877263069153
1569,702,30308,513,695,410,413,0.9745541214942932
1570,702,3483,149,220,249,222,0.9706457853317261
1571,702,16232,145,901,197,192,0.9626162052154541
1572,705,29667,640,205,223,216,0.9766016602516174
1573,705,3483,594,874,256,231,0.9721231460571289
1574,705,19861,119,864,221,169,0.9714751243591309
1575,705,22347,121,201,206,197,0.9639867544174194
1576,706,5094,112,817,284,283,0.9751469492912292
1577,706,2483,605,78,262,470,0.9648001194000244
1578,706,12778,77,121,336,486,0.9615152478218079
1579,706,5886,604,686,245,504,0.9167571067810059
1580,707,2483,70,690,251,472,0.9736625552177429
1581,707,5094,550,186,270,269,0.9731177687644958
1582,707,12778,531,627,367,499,0.9675043225288391
1583,707,5886,114,80,233,479,0.9528070688247681
1584,708,5094,109,804,280,277,0.9732809066772461
1585,708,2483,620,55,248,463,0.9673096537590027
1586,708,5886,597,686,236,489,0.9636121392250061
1587,708,12778,67,84,349,490,0.9586908221244812
1588,710,16262,563,219,240,227,0.9744873046875
1589,710,27733,86,722,325,284,0.9740405678749084
1590,710,3483,580,759,275,212,0.9640045762062073
1591,710,28763,159,233,207,201,0.9565934538841248
1592,712,5094,136,844,284,285,0.9720117449760437
1593,712,2483,625,99,228,470,0.963477373123169
1594,712,13395,639,673,248,519,0.9633736610412598
1595,712,12778,104,104,293,542,0.952563464641571
1596,713,5094,524,162,269,266,0.9656375050544739
1597,713,2483,82,661,215,489,0.9635195136070251
1598,713,13395,81,79,234,490,0.9535248279571533
1599,713,12778,549,596,284,524,0.9446437954902649
1600,714,5094,133,833,279,276,0.9683117866516113
1601,714,13395,632,677,233,491,0.9631558656692505
1602,714,12778,99,83,299,526,0.9549002647399902
1603,714,2483,642,59,215,489,0.8517401218414307
1604,716,19552,96,129,321,499,0.9753336906433105
1605,716,3743,119,797,330,329,0.9731507301330566
1606,716,12081,607,711,244,471,0.9710366725921631
1607,716,2483,584,98,231,474,0.9692201614379883
1608,717,3743,498,169,311,297,0.9740487337112427
1609,717,12081,108,105,228,436,0.9711449146270752
1610,717,2483,91,666,257,471,0.9704476594924927
1611,717,19552,524,608,325,490,0.9701524972915649
1612,719,21771,91,810,195,191,0.9798693060874939
1613,719,31705,605,690,254,454,0.9652077555656433
1614,719,16548,554,183,231,225,0.9630802273750305
1615,719,1900,124,262,197,146,0.9541561603546143
1616,720,21771,674,288,188,181,0.9726094603538513
1617,720,31705,122,134,245,420,0.9660345911979675
1618,720,16548,167,841,240,238,0.9620716571807861
1619,720,1900,650,857,208,154,0.958482027053833
1620,721,31885,68,162,445,470,0.9760122895240784
1621,721,27733,87,720,325,284,0.9746485352516174
1622,721,3483,580,759,274,211,0.9652377367019653
1623,721,35206,572,118,247,379,0.9622676968574524
1624,724,10221,579,168,219,213,0.9783409237861633
1625,724,3544,133,179,201,198,0.9761708378791809
1626,724,16548,108,737,236,233,0.9733952283859253
1627,724,31705,575,675,251,452,0.9639120101928711
1628,725,10221,152,873,229,227,0.9771968126296997
1629,725,3544,637,886,212,211,0.9719871878623962
1630,725,16548,620,301,228,225,0.9707532525062561
1631,725,31705,145,149,252,421,0.9686359167098999
1632,726,10221,607,173,223,214,0.9795376658439636
1633,726,3544,149,184,207,201,0.9742806553840637
1634,726,16548,139,776,237,225,0.9682192206382751
1635,726,31705,603,713,248,445,0.9617947340011597
1636,727,25469,12,810,383,224,0.9696216583251953
1637,727,25367,38,152,409,447,0.9678289294242859
1638,727,16232,603,214,184,182,0.9670723676681519
1639,727,3483,576,811,278,193,0.9505781531333923
1640,728,16232,631,221,188,187,0.9674248099327087
1641,728,25469,49,856,378,220,0.9658794403076172
1642,728,25367,50,176,423,451,0.9646428823471069
1643,728,3483,603,844,278,189,0.9559029936790466
1644,731,4543,611,143,206,199,0.9718520641326904
1645,731,3544,103,160,202,200,0.9683443307876587
1646,731,29871,603,773,206,224,0.9661820530891418
1647,731,16548,120,769,237,232,0.9595386385917664
1648,732,4543,133,917,213,211,0.980243444442749
1649,732,29871,167,278,207,211,0.9673919677734375
1650,732,16548,606,265,230,221,0.9568679928779602
1651,732,3544,668,898,217,214,0.9123711585998535
1652,738,16551,586,88,290,463,0.9699140191078186
1653,738,31705,138,642,257,455,0.9643797278404236
1654,738,44199,606,769,166,285,0.9601516723632812
1655,738,1900,89,260,200,127,0.9587793350219727
1656,740,16548,121,804,240,237,0.9704582095146179
1657,740,31705,133,129,244,420,0.967421293258667
1658,740,19607,658,272,154,151,0.9654541611671448
1659,740,1900,644,830,170,199,0.9410865306854248
1660,742,4378,83,105,213,433,0.9772704243659973
1661,742,2483,83,672,249,474,0.9735889434814453
1662,742,6192,568,539,281,529,0.9609807133674622
1663,742,25438,570,188,246,254,0.9217232465744019
1664,743,4378,642,706,220,455,0.9777153730392456
1665,743,25438,110,828,255,255,0.970054566860199
1666,743,2483,610,69,245,468,0.9691151976585388
1667,743,6192,95,134,279,528,0.9618745446205139
1668,745,32310,116,175,224,372,0.9828611612319946
1669,745,16262,663,270,238,231,0.9744540452957153
1670,745,3351,351,892,192,195,0.9678745269775391
1671,747,32310,638,733,232,401,0.9782414436340332
1672,747,16262,63,797,246,240,0.9753744006156921
1673,747,3351,438,193,183,183,0.9744467735290527
1674,750,29345,585,137,276,404,0.9767887592315674
1675,750,1900,688,806,131,209,0.9715778231620789
1676,750,16548,149,789,240,238,0.9609866142272949
1677,750,44199,175,201,163,268,0.9573632478713989
1678,752,27993,552,779,304,241,0.9733874201774597
1679,752,6563,165,673,221,363,0.9556515216827393
1680,752,16548,559,137,231,225,0.9468743801116943
1681,752,3544,92,197,202,201,0.8908709287643433
1682,754,29667,627,761,229,223,0.9791816473007202
1683,754,3351,374,197,183,182,0.9772656559944153
1684,754,3832,93,655,365,376,0.9527442455291748
1685,756,29667,126,317,226,225,0.978076159954071
1686,756,3351,418,889,188,192,0.9722285866737366
1687,756,3832,515,255,364,378,0.9596866965293884
1688,758,3483,152,218,247,222,0.9797582626342773
1689,758,19861,639,278,221,170,0.9754624366760254
1690,758,36637,97,907,273,164,0.9744675159454346
1691,758,31885,563,661,345,550,0.9475805163383484
1692,759,31885,78,30,323,534,0.9722589254379272
1693,759,36637,590,195,261,154,0.9712504148483276
1694,759,3483,572,839,261,232,0.9633092880249023
1695,759,19861,90,826,226,177,0.9580533504486084
1696,760,33208,656,804,214,204,0.9764116406440735
1697,760,1900,160,259,127,200,0.9749224185943604
1698,760,16548,582,204,231,226,0.968390703201294
1699,760,29345,92,708,288,444,0.9672536849975586
1700,761,1900,179,268,129,200,0.9764492511749268
1701,761,33208,682,835,214,202,0.9727798104286194
1702,761,16548,609,212,239,226,0.9682987332344055
1703,761,29345,125,750,286,438,0.9500027894973755
1704,763,31885,497,638,460,489,0.9728004336357117
1705,763,3483,123,307,271,201,0.9711587429046631
1706,763,27733,565,263,301,264,0.9710435271263123
1707,763,20238,115,855,230,225,0.9535692930221558
1708,764,31885,51,134,461,470,0.9766953587532043
1709,764,27733,124,768,315,276,0.9741365909576416
1710,764,3483,608,790,274,212,0.9738650918006897
1711,764,20238,644,189,225,217,0.9592099189758301
1712,766,3483,141,293,214,255,0.9766762852668762
1713,766,20877,544,294,330,237,0.9765992760658264
1714,766,34597,565,730,411,478,0.9661970734596252
1715,766,36637,167,797,188,258,0.9546585083007812
1716,768,34597,8,18,407,462,0.9794488549232483
1717,768,3483,624,720,210,272,0.9705586433410645
1718,768,20877,85,725,330,242,0.970557689666748
1719,768,36637,604,204,179,246,0.9533628225326538
1720,772,1900,106,270,203,124,0.9792442917823792
1721,772,16551,556,79,289,479,0.9709034562110901
1722,772,31705,171,685,252,444,0.9614569544792175
1723,772,33208,638,877,211,201,0.8398929238319397
1724,773,16551,529,71,281,464,0.9728357791900635
1725,773,31705,138,641,257,457,0.9651312232017517
1726,773,1900,89,260,199,127,0.9547266960144043
1727,773,33208,610,844,215,208,0.8797251582145691
1728,778,30308,84,169,407,401,0.9774700403213501
1729,778,16232,632,220,188,186,0.9678154587745667
1730,778,25469,49,856,377,219,0.9668360352516174
1731,778,3483,603,844,278,190,0.959838330745697
1732,779,30308,513,686,416,405,0.9762052893638611
1733,779,16232,163,855,194,191,0.970162034034729
1734,779,25469,573,232,377,218,0.9700953960418701
1735,779,3483,127,273,271,187,0.9665532112121582
1736,780,30308,71,149,394,394,0.9772195219993591
1737,780,16232,603,214,184,182,0.9692243933677673
1738,780,25469,12,811,381,224,0.9691423177719116
1739,780,3483,577,812,278,193,0.9534506797790527
1740,782,3351,339,182,186,191,0.9747280478477478
1741,782,22074,587,728,188,194,0.9735941886901855
1742,782,20014,9,625,350,342,0.957037091255188
1743,785,3483,133,290,276,171,0.9805533289909363
1744,785,27653,671,255,220,201,0.974384069442749
1745,785,25367,541,690,397,496,0.969826340675354
1746,785,35206,103,688,209,420,0.9651241302490234
1747,787,19861,637,278,222,171,0.9789332151412964
1748,787,3483,149,220,249,221,0.969622790813446
1749,787,34597,534,652,359,514,0.9677349328994751
1750,787,20238,113,858,230,225,0.9568045735359192
1751,788,34597,98,57,337,500,0.9697102904319763
1752,788,19861,92,826,227,177,0.964806318283081
1753,788,3483,573,837,263,233,0.9584421515464783
1754,788,20238,615,186,221,214,0.9562923312187195
1755,797,4543,601,189,206,200,0.9747504591941833
1756,797,3544,147,191,202,199,0.9676759839057922
1757,797,27993,497,855,333,162,0.9667820334434509
1758,797,16551,42,525,305,482,0.9469598531723022
1759,798,27993,524,887,332,157,0.9726840257644653
1760,798,3544,164,198,208,201,0.9719640016555786
1761,798,16551,72,575,307,472,0.9651787877082825
1762,798,4543,630,192,209,200,0.8834744095802307
1763,799,19861,127,865,221,168,0.9712784886360168
1764,799,3483,601,869,258,230,0.9682433009147644
1765,799,28763,169,180,212,199,0.9640858173370361
1766,799,20238,644,189,225,216,0.9583331346511841
1767,807,29667,119,840,232,225,0.9765709638595581
1768,807,3483,157,214,248,223,0.9754683971405029
1769,807,19861,644,278,221,171,0.9738556742668152
1770,807,25367,610,710,327,521,0.967747688293457
1771,808,6563,193,708,217,359,0.9671236276626587
1772,808,29871,634,825,167,237,0.9652275443077087
1773,808,16551,613,51,339,451,0.9507730603218079
1774,808,3544,108,206,210,203,0.915579080581665
1775,810,6563,160,668,222,363,0.9695999026298523
1776,810,29871,606,790,173,244,0.9656460881233215
1777,810,16551,586,42,326,441,0.9573928117752075
1778,810,3544,93,198,203,200,0.9401235580444336
1779,815,3351,363,170,181,184,0.981164813041687
1780,815,32310,520,613,280,359,0.963181734085083
1781,815,20238,100,713,229,227,0.9549155831336975
1782,817,27653,95,852,222,207,0.9766541123390198
1783,817,30308,95,154,388,422,0.9744883179664612
1784,817,3483,592,844,280,173,0.9722859263420105
1785,817,16232,648,232,193,181,0.9687577486038208
1786,818,27653,671,256,218,199,0.9763768315315247
1787,818,3483,133,290,276,172,0.9743413925170898
1788,818,16232,141,847,199,192,0.973965048789978
1789,818,30308,524,678,392,427,0.9720568060874939
1790,819,27653,62,811,224,211,0.9764832258224487
1791,819,30308,82,136,371,413,0.9750380516052246
1792,819,3483,563,810,284,179,0.9689664244651794
1793,819,16232,621,222,187,183,0.9664067625999451
1794,820,4378,135,105,220,439,0.9736016392707825
1795,820,2483,96,695,212,486,0.9712108969688416
1796,820,3743,486,151,312,303,0.9711776375770569
1797,820,19552,486,645,338,483,0.9576030969619751
1798,822,4378,597,704,232,465,0.976428747177124
1799,822,3743,131,813,337,331,0.9715959429740906
1800,822,2483,626,67,190,474,0.9598112106323242
1801,822,19552,124,96,332,496,0.9526271820068359
1802,826,18147,537,323,306,383,0.9707444906234741
1803,826,3351,407,862,190,193,0.9706878662109375
1804,826,38162,179,204,251,262,0.9689494371414185
1805,828,3351,382,238,185,184,0.980360209941864
1806,828,18147,129,574,310,407,0.9753584265708923
1807,828,38162,552,864,250,254,0.9701544046401978
1808,829,3483,538,779,267,223,0.9663024544715881
1809,829,28763,97,168,209,200,0.95808345079422
1810,829,36637,638,176,179,244,0.9536455869674683
1811,829,27777,145,776,180,205,0.9467994570732117
1812,830,3483,174,278,257,214,0.9750320315361023
1813,830,28763,665,890,225,215,0.9608805179595947
1814,830,27777,640,294,174,194,0.9516565799713135
1815,830,36637,129,828,192,257,0.9490017294883728
1816,831,3483,567,814,264,219,0.9693000912666321
1817,831,28763,113,175,213,202,0.9607564806938171
1818,831,27777,177,812,176,199,0.9547670483589172
1819,831,36637,667,180,186,247,0.9505175352096558
1820,832,1900,622,888,209,141,0.9719401001930237
1821,832,16548,606,162,237,225,0.9716299772262573
1822,832,18110,59,124,305,290,0.9635090231895447
1823,832,21026,138,867,180,180,0.9548050761222839
1824,838,33208,588,802,216,205,0.9794665575027466
1825,838,1900,142,241,198,129,0.9768490195274353
1826,838,27926,90,613,272,485,0.9644951820373535
1827,838,16548,593,163,230,225,0.943750262260437
1828,842,27733,564,262,302,265,0.972049355506897
1829,842,3483,124,307,271,200,0.9701636433601379
1830,842,34597,472,669,461,429,0.9691075086593628
1831,842,16262,153,804,247,242,0.9690556526184082
1832,851,3743,124,838,332,334,0.9718208312988281
1833,851,2483,628,96,204,474,0.959135115146637
1834,851,22627,107,146,310,500,0.9586222171783447
1835,851,22362,610,736,273,422,0.954384982585907
1836,855,4378,597,704,232,465,0.976733922958374
1837,855,3743,131,814,337,331,0.9717234969139099
1838,855,2483,625,65,191,477,0.9577983021736145
1839,855,12778,90,133,304,526,0.9527511596679688
1840,857,31863,575,746,209,212,0.9781197309494019
1841,857,3351,338,134,183,188,0.9737790822982788
1842,857,16262,93,679,250,246,0.9689810872077942
1843,858,31863,614,836,204,205,0.977549135684967
1844,858,3351,380,191,183,183,0.9758541584014893
1845,858,16262,137,769,240,237,0.9715415239334106
1846,861,19552,72,95,339,467,0.9758244752883911
1847,861,25438,125,832,259,267,0.9719732999801636
1848,861,12081,654,708,253,466,0.9709859490394592
1849,861,2483,568,150,300,436,0.9663211703300476
1850,862,25469,87,829,343,301,0.9843766689300537
1851,862,34597,75,135,452,416,0.9673922061920166
1852,862,36637,674,173,175,253,0.9591269493103027
1853,862,3483,603,845,277,189,0.9586472511291504
1854,864,25469,51,786,351,303,0.9762985706329346
1855,864,34597,62,103,443,425,0.9698718786239624
1856,864,36637,644,170,169,249,0.9617395997047424
1857,864,3483,576,812,278,193,0.9493574500083923
1858,866,3832,482,556,390,378,0.9776995182037354
1859,866,3351,305,172,187,190,0.9697073101997375
1860,866,16688,34,527,447,579,0.9663586616516113
1861,867,3351,347,233,185,184,0.9805765748023987
1862,867,3832,529,655,379,364,0.9729852676391602
1863,867,16688,74,628,433,582,0.9710202217102051
1864,868,27653,95,852,222,207,0.97645503282547
1865,868,3483,592,844,280,174,0.969277024269104
1866,868,16232,648,232,193,181,0.9691256284713745
1867,868,31885,32,58,414,508,0.950818657875061
1868,869,27653,62,811,223,211,0.9766142964363098
1869,869,3483,563,810,283,179,0.9697148203849792
1870,869,16232,621,222,187,183,0.9650965929031372
1871,869,31885,21,40,396,502,0.9343386292457581
1872,870,3483,133,289,275,172,0.9768383502960205
1873,870,27653,673,256,217,200,0.9762681126594543
1874,870,16232,141,847,199,192,0.9720829129219055
1875,870,31885,564,674,407,525,0.9538205862045288
1876,873,18147,629,671,277,425,0.9790536165237427
1877,873,3351,343,225,186,185,0.9782253503799438
1878,873,16688,72,624,443,590,0.9677503108978271
1879,874,31885,144,151,430,482,0.971925675868988
1880,874,3483,624,719,210,271,0.9703506827354431
1881,874,20877,87,725,329,242,0.9655857086181641
1882,874,16232,628,221,187,184,0.963873565196991
1883,875,3483,651,750,210,268,0.9701094031333923
1884,875,16232,656,232,192,179,0.9698821902275085
1885,875,31885,161,183,449,476,0.9696940779685974
1886,875,20877,117,768,331,230,0.9678384065628052
1887,878,27653,96,852,223,206,0.9783153533935547
1888,878,3483,593,843,280,172,0.976628839969635
1889,878,34597,73,121,340,498,0.9664826989173889
1890,878,36637,645,208,187,246,0.9534607529640198
1891,879,27653,64,811,224,211,0.9780879020690918
1892,879,34597,59,90,326,503,0.9736794829368591
1893,879,3483,563,811,286,176,0.9725885987281799
1894,879,36637,616,202,181,244,0.9488292336463928
1895,880,5094,510,160,269,266,0.9682549238204956
1896,880,2483,78,667,219,488,0.9661005139350891
1897,880,13395,67,84,236,489,0.9561953544616699
1898,880,23223,508,604,306,507,0.9559864401817322
1899,882,5094,147,836,279,276,0.9700583815574646
1900,882,23223,120,87,312,509,0.9669477343559265
1901,882,13395,643,671,237,492,0.9630736112594604
1902,882,2483,639,55,221,487,0.890129566192627
1903,883,25469,49,857,377,219,0.9700847268104553
1904,883,16232,631,220,189,187,0.9696123600006104
1905,883,28763,144,232,212,202,0.9659644365310669
1906,883,3483,603,844,279,190,0.9589725732803345
1907,886,31863,162,284,206,207,0.9709712266921997
1908,886,35206,547,264,266,382,0.96708083152771
1909,886,3351,410,892,190,192,0.960516095161438
1910,888,3351,381,206,184,183,0.9795491099357605
1911,888,31863,611,835,207,206,0.9763295650482178
1912,888,35206,164,644,264,396,0.9682497382164001
1913,889,20877,544,294,328,237,0.9768475294113159
1914,889,3483,140,294,215,255,0.9753472805023193
1915,889,16232,133,847,197,192,0.9725573658943176
1916,889,28763,708,889,227,215,0.9568166732788086
1917,891,16232,628,221,189,183,0.9683244228363037
1918,891,3483,625,719,210,272,0.9678986072540283
1919,891,20877,86,726,329,241,0.9622979164123535
1920,891,28763,57,171,208,201,0.9607846736907959
1921,894,25367,27,28,415,438,0.9705433249473572
1922,894,3483,624,720,210,272,0.9671776294708252
1923,894,20877,85,725,330,243,0.9666904211044312
1924,894,36637,604,205,180,246,0.9583979249000549
1925,895,21026,101,821,178,181,0.9639477729797363
1926,895,3544,93,222,203,200,0.9633329510688782
1927,895,10221,584,774,228,222,0.9587575793266296
1928,895,16551,535,39,294,459,0.9542642831802368
1929,896,3544,109,233,209,201,0.9647288918495178
1930,896,16551,562,47,304,471,0.9629114270210266
1931,896,10221,611,812,225,217,0.957706093788147
1932,896,21026,134,854,178,179,0.9563813209533691
1933,897,16551,118,722,315,488,0.9618628621101379
1934,897,10221,170,274,218,216,0.9612434506416321
1935,897,21026,678,285,177,172,0.9379173517227173
1936,897,3544,677,834,215,214,0.937578558921814
1937,898,16548,75,779,236,234,0.9611102938652039
1938,898,27926,569,585,255,485,0.9577881097793579
1939,898,3544,120,173,202,198,0.9564186930656433
1940,898,16548,620,207,172,185,0.9473699927330017
1941,898,12247,620,207,171,185,0.9389539361000061
1942,900,3544,135,178,209,201,0.9711722135543823
1943,900,16548,108,821,236,226,0.964503288269043
1944,900,12247,649,207,173,187,0.9349876046180725
1945,900,27926,599,624,248,485,0.9141728281974792
1946,904,3483,608,790,274,213,0.9735844135284424
1947,904,27733,124,768,315,276,0.9730758666992188
1948,904,30308,161,53,300,474,0.9624221324920654
1949,904,20238,644,189,225,217,0.9588325023651123
1950,906,3483,123,306,271,201,0.9726497530937195
1951,906,27733,565,263,302,264,0.9723384380340576
1952,906,30308,540,720,303,486,0.9663299918174744
1953,906,20238,114,856,232,224,0.953846275806427
1954,908,31863,575,746,210,212,0.9761859774589539
1955,908,3351,305,194,184,187,0.973691999912262
1956,908,20238,118,716,227,228,0.9585176110267639
1957,910,29667,128,881,232,227,0.9746607542037964
1958,910,3483,174,276,260,215,0.9674477577209473
1959,910,25367,509,699,451,442,0.966632604598999
1960,910,27777,641,295,175,195,0.9509737491607666
1961,912,29667,603,161,214,215,0.9747059345245361
1962,912,25367,32,103,433,421,0.9685520529747009
1963,912,3483,535,779,268,224,0.9538626670837402
1964,912,27777,141,774,182,206,0.9514976739883423
1965,914,3351,369,123,184,190,0.9727144837379456
1966,914,13900,556,706,204,252,0.9726129770278931
1967,914,35206,48,614,346,354,0.9613987803459167
1968,915,3351,412,180,184,183,0.9808823466300964
1969,915,13900,596,798,200,245,0.9731191396713257
1970,915,35206,91,709,343,347,0.9654421210289001
1971,916,16232,140,892,199,193,0.9748348593711853
1972,916,3483,124,307,271,200,0.9720916748046875
1973,916,27733,564,263,303,264,0.9706379175186157
1974,916,25367,503,679,458,430,0.9660476446151733
1975,919,36637,102,882,269,180,0.9780017137527466
1976,919,27733,563,262,302,264,0.9722821116447449
1977,919,3483,122,308,272,200,0.9710406064987183
1978,919,30308,495,678,369,441,0.9698058366775513
1979,920,30308,128,123,357,424,0.9761491417884827
1980,920,27733,88,721,325,284,0.9759066700935364
1981,920,36637,592,203,255,169,0.9698755741119385
1982,920,3483,581,759,274,212,0.9671149253845215
1983,923,20877,543,294,330,237,0.9760933518409729
1984,923,3483,141,292,216,256,0.975016713142395
1985,923,16262,110,836,250,243,0.9738917946815491
1986,923,25367,539,707,433,453,0.9683849811553955
1987,925,19861,637,278,222,170,0.9773219227790833
1988,925,3483,149,220,248,222,0.9733095169067383
1989,925,34597,482,625,443,454,0.9721736907958984
1990,925,16232,145,901,196,192,0.9582865834236145
1991,927,34597,61,138,428,446,0.9693558812141418
1992,927,19861,92,826,226,176,0.9641520977020264
1993,927,3483,574,838,262,232,0.9626120924949646
1994,927,16232,618,174,184,180,0.9587209820747375
1995,929,25469,12,810,381,225,0.9704865217208862
1996,929,16232,603,213,183,182,0.9683399796485901
1997,929,31885,30,40,415,491,0.9646593332290649
1998,929,3483,576,811,278,194,0.952350378036499
1999,930,31885,537,687,429,513,0.9731547832489014
2000,930,16232,163,855,194,191,0.9703814387321472
2001,930,25469,574,231,376,218,0.9685277938842773
2002,930,3483,127,274,270,187,0.9635740518569946
2003,931,1900,179,269,130,200,0.9725737571716309
2004,931,19607,165,917,160,155,0.971001386642456
2005,931,16551,480,245,484,262,0.9598211050033569
2006,931,29345,576,715,327,427,0.9280939698219299
2007,932,1900,160,259,127,200,0.9687868356704712
2008,932,16551,454,222,479,265,0.9676768779754639
2009,932,19607,132,886,160,159,0.9654411673545837
2010,932,29345,548,681,330,427,0.9559261798858643
2011,933,29345,118,166,309,403,0.9684315323829651
2012,933,16551,26,735,485,280,0.9679668545722961
2013,933,19607,668,253,154,152,0.9668667912483215
2014,933,1900,688,806,130,209,0.9570990800857544
2015,936,4378,655,701,219,480,0.9731857180595398
2016,936,25438,112,842,260,267,0.972660481929779
2017,936,2483,599,107,252,454,0.9687643647193909
2018,936,19552,116,193,310,494,0.9680915474891663
2019,937,4378,597,704,232,465,0.9760602116584778
2020,937,3743,131,814,337,331,0.9725794792175293
2021,937,2483,625,65,191,477,0.9577741026878357
2022,937,6192,123,71,298,568,0.937265932559967
2023,938,4378,590,703,224,450,0.9782705307006836
2024,938,3743,128,803,331,317,0.9735269546508789
2025,938,2483,633,34,195,480,0.9557304978370667
2026,938,6192,124,68,294,528,0.9551730751991272
2027,940,18147,206,224,218,419,0.9705253839492798
2028,940,3351,423,899,189,191,0.9682160019874573
2029,940,16232,643,322,193,189,0.9669668078422546
2030,941,3351,327,143,183,187,0.9787301421165466
2031,941,16232,91,713,193,193,0.9718809723854065
2032,941,18147,516,552,217,445,0.971355676651001
2033,942,3351,369,200,184,183,0.9745025038719177
2034,942,18147,553,646,220,444,0.9706380367279053
2035,942,16232,133,801,191,189,0.9677409529685974
2036,945,19861,637,278,222,170,0.9778124690055847
2037,945,3483,150,219,249,222,0.970311164855957
2038,945,25367,629,643,325,517,0.9675928354263306
2039,945,20238,113,858,229,224,0.9559672474861145
2040,947,3483,133,289,276,173,0.9772526621818542
2041,947,27653,672,256,218,199,0.9761512875556946
2042,947,16232,141,847,198,191,0.9713115692138672
2043,947,28763,591,887,224,213,0.9576399326324463
2044,948,27653,95,852,223,208,0.9767760038375854
2045,948,3483,592,843,281,175,0.9726250767707825
2046,948,16232,648,231,193,181,0.9710304737091064
2047,948,28763,184,178,212,200,0.9580301642417908
2048,949,30308,504,725,423,399,0.97734534740448
2049,949,20877,542,295,330,236,0.9745205044746399
2050,949,3483,140,293,217,255,0.9739416241645813
2051,949,16262,110,838,250,242,0.9736651182174683
2052,950,30308,73,118,400,387,0.9805835485458374
2053,950,16262,601,186,239,229,0.9714317917823792
2054,950,3483,624,720,210,272,0.9648393988609314
2055,950,20877,86,726,329,242,0.9647295475006104
2056,951,30308,86,135,414,392,0.9765466451644897
2057,951,16262,630,191,243,233,0.9718014001846313
2058,951,3483,650,751,212,268,0.9711938500404358
2059,951,20877,117,769,331,230,0.9634835720062256
2060,952,30308,560,652,394,426,0.9760962128639221
2061,952,16262,167,832,250,244,0.9733590483665466
2062,952,25469,573,232,376,218,0.9716521501541138
2063,952,3483,126,273,272,187,0.9655995965003967
2064,953,30308,48,161,372,415,0.9780412316322327
2065,953,16262,547,189,238,228,0.9743666648864746
2066,953,25469,12,811,380,224,0.9686773419380188
2067,953,3483,576,812,278,193,0.947830080986023
2068,954,30308,61,181,384,423,0.9759292602539062
2069,954,16262,574,194,244,233,0.9707623720169067
2070,954,25469,50,857,376,218,0.9698493480682373
2071,954,3483,602,844,278,189,0.9570326209068298
2072,956,1900,159,251,202,126,0.9826792478561401
2073,956,16551,597,0,314,443,0.9640567898750305
2074,956,19607,142,862,159,155,0.9618585705757141
2075,956,27926,598,672,255,484,0.9596916437149048
2076,957,1900,630,894,212,135,0.9808616042137146
2077,957,27926,150,143,256,457,0.9694095253944397
2078,957,16551,80,785,314,493,0.9675191640853882
2079,957,19607,690,300,155,149,0.964918315410614
2080,962,19607,143,848,161,158,0.9650892615318298
2081,962,29451,474,778,403,273,0.9355275630950928
2082,962,16551,625,110,284,471,0.9155274629592896
2083,962,1900,148,240,182,182,0.6858078837394714
2084,966,31705,134,128,243,423,0.9668077230453491
2085,966,1900,657,903,212,148,0.9663963317871094
2086,966,16548,127,852,243,240,0.9644649028778076
2087,966,18110,609,222,300,281,0.9564713835716248
2088,967,41768,127,300,263,296,0.972423255443573
2089,967,29667,589,304,225,225,0.9707109332084656
2090,967,3351,408,887,187,192,0.8087583184242249
2091,968,29667,111,697,235,235,0.9809650778770447
2092,968,41768,559,620,269,312,0.9744734168052673
2093,968,3351,343,155,182,190,0.9714300036430359
2094,972,21771,126,775,194,190,0.9811274409294128
2095,972,1900,143,242,198,129,0.9770404100418091
2096,972,27926,571,629,261,487,0.9628385901451111
2097,972,16551,572,12,333,438,0.9568606615066528
2098,973,1900,182,266,130,201,0.9766814112663269
2099,973,21771,183,884,192,185,0.9724355340003967
2100,973,29345,613,714,286,446,0.9665823578834534
2101,973,16551,571,81,307,472,0.9647262096405029
2102,974,21771,149,849,194,191,0.9801952242851257
2103,974,1900,162,257,128,200,0.9752485156059265
2104,974,29345,587,676,287,449,0.9697633385658264
2105,974,16551,544,72,298,458,0.9657942652702332
2106,975,21771,619,251,186,181,0.9745732545852661
2107,975,29345,118,153,274,417,0.9737634658813477
2108,975,16551,105,687,319,486,0.9715016484260559
2109,975,1900,685,807,131,209,0.9697896838188171
2110,979,22074,585,709,187,195,0.9807918667793274
2111,979,18357,72,548,289,335,0.9788361191749573
2112,979,3351,392,157,184,188,0.9729111194610596
2113,980,18357,578,308,279,319,0.9726171493530273
2114,980,22074,170,311,189,192,0.972170889377594
2115,980,3351,354,873,190,191,0.9643678665161133
2116,982,3743,119,840,330,332,0.9718189239501953
2117,982,23223,101,110,301,512,0.9658867716789246
2118,982,13395,636,674,244,520,0.9613684415817261
2119,982,2483,658,110,217,474,0.9535228610038757
2120,983,3743,118,827,320,324,0.9718096256256104
2121,983,23223,95,78,306,509,0.9647073745727539
2122,983,13395,628,678,231,492,0.9636138081550598
2123,983,2483,670,75,207,489,0.8776745796203613
2124,984,3743,498,123,309,306,0.9702683091163635
2125,984,2483,61,647,201,488,0.9608873724937439
2126,984,13395,85,80,232,486,0.9555343985557556
2127,984,23223,540,612,297,511,0.9500373005867004
2128,985,1900,140,220,201,148,0.9738150238990784
2129,985,16548,577,188,232,224,0.9555985331535339
2130,985,24850,116,740,206,284,0.9448668360710144
2131,985,29451,521,805,424,230,0.932471752166748
2132,986,16548,144,837,241,239,0.9539896249771118
2133,986,29451,47,232,405,230,0.94793301820755
2134,986,1900,633,900,210,154,0.9465052485466003
2135,986,24850,642,258,192,270,0.9301002621650696
2136,988,3483,600,870,257,229,0.9716045260429382
2137,988,19861,125,865,221,168,0.9687718152999878
2138,988,36637,618,197,269,153,0.9600650668144226
2139,988,22347,159,183,206,197,0.9590194225311279
2140,989,36637,590,194,262,155,0.9720723032951355
2141,989,22347,143,177,201,194,0.9696877598762512
2142,989,3483,572,839,262,232,0.9630794525146484
2143,989,19861,90,827,227,177,0.961446225643158
2144,990,19861,639,278,221,170,0.9779515266418457
2145,990,3483,152,219,247,221,0.9746156930923462
2146,990,36637,95,906,273,164,0.9727194309234619
2147,990,22347,626,887,214,209,0.9646224975585938
2148,991,10221,585,774,227,223,0.9677322506904602
2149,991,21026,101,821,179,180,0.9588417410850525
2150,991,16548,573,222,232,226,0.9445657134056091
2151,991,3544,93,222,203,199,0.9282737970352173
2152,993,16548,601,233,237,226,0.9679318070411682
2153,993,10221,611,812,224,217,0.9672917127609253
2154,993,3544,109,233,208,201,0.9535956978797913
2155,993,21026,134,854,178,179,0.9473040103912354
2156,994,27653,671,256,219,200,0.9761015772819519
2157,994,30308,508,755,395,429,0.9739882349967957
2158,994,16262,118,847,251,243,0.9723069071769714
2159,994,3483,132,289,278,172,0.9703451991081238
2160,996,27653,95,852,223,207,0.9759017825126648
2161,996,3483,592,843,281,174,0.972328782081604
2162,996,30308,110,74,390,422,0.970527708530426
2163,996,16262,623,185,241,230,0.9698357582092285
2164,997,21771,123,806,194,189,0.9824441075325012
2165,997,16551,589,61,281,470,0.9469563364982605
2166,997,29451,457,809,424,223,0.8946184515953064
2167,997,1900,148,240,182,182,0.6952182054519653
2168,998,21771,157,840,192,186,0.9802952408790588
2169,998,16551,618,71,295,483,0.9437381625175476
2170,998,29451,487,845,419,221,0.9417130947113037
2171,998,1900,168,248,184,180,0.9162403345108032
2172,999,21771,643,291,189,181,0.9786345958709717
2173,999,16551,80,689,297,498,0.9594191312789917
2174,999,29451,104,236,409,221,0.9484384655952454
2175,999,1900,644,846,188,188,0.662060022354126
2176,1003,3483,608,790,274,212,0.9755131006240845
2177,1003,16232,648,186,193,179,0.9737582802772522
2178,1003,34597,36,156,452,419,0.9735845327377319
2179,1003,27733,124,768,314,275,0.9734883904457092
2180,1004,16232,140,892,199,193,0.9739552140235901
2181,1004,3483,124,307,270,201,0.972098708152771
2182,1004,27733,564,262,302,264,0.9709866642951965
2183,1004,34597,505,658,462,439,0.9665526747703552
2184,1005,34597,24,123,441,426,0.9754574298858643
2185,1005,27733,86,720,327,284,0.9743227362632751
2186,1005,16232,620,179,187,181,0.9682612419128418
2187,1005,3483,580,759,274,212,0.9639090895652771
2188,1006,25469,49,857,379,220,0.9665956497192383
2189,1006,25367,45,176,444,427,0.9655232429504395
2190,1006,20238,619,195,225,218,0.9586092233657837
2191,1006,3483,603,844,279,189,0.9544354677200317
2192,1007,25469,12,811,384,224,0.9704294800758362
2193,1007,25367,32,151,430,424,0.9698289036750793
2194,1007,20238,590,191,221,215,0.9580690264701843
2195,1007,3483,576,811,279,193,0.9436734914779663
2196,1009,22347,79,199,201,195,0.9749797582626343
2197,1009,16262,547,189,239,227,0.9728332757949829
2198,1009,25469,11,812,383,222,0.9710940718650818
2199,1009,3483,576,811,278,193,0.9442964196205139
2200,1010,16262,574,194,245,233,0.9728236794471741
2201,1010,22347,95,206,205,198,0.9705167412757874
2202,1010,25469,49,858,377,217,0.9691076874732971
2203,1010,3483,602,844,278,190,0.95734703540802
2204,1012,1900,142,243,199,129,0.9779177904129028
2205,1012,27926,571,628,259,487,0.9606459140777588
2206,1012,16548,612,158,231,226,0.9519210457801819
2207,1012,24850,139,704,186,294,0.9500591158866882
2208,1013,1900,630,893,212,134,0.982306182384491
2209,1013,27926,145,145,261,454,0.971942663192749
2210,1013,16548,105,866,241,238,0.9594605565071106
2211,1013,24850,637,275,177,275,0.9321766495704651
2212,1014,1900,158,253,201,125,0.9837344884872437
2213,1014,16548,640,163,238,225,0.9755251407623291
2214,1014,24850,173,741,181,290,0.9601503610610962
2215,1014,27926,601,672,253,484,0.9250296950340271
2216,1015,30308,66,122,402,408,0.9752261638641357
2217,1015,3483,651,750,211,269,0.9722040295600891
2218,1015,35206,661,172,225,405,0.9644788503646851
2219,1015,20877,117,766,332,231,0.9551226496696472
2220,1016,30308,533,723,416,412,0.9769726991653442
2221,1016,3483,140,293,215,256,0.9756776094436646
2222,1016,20877,543,294,329,238,0.9746654033660889
2223,1016,35206,97,672,235,410,0.9685686230659485
2224,1018,3483,123,307,270,199,0.9715849161148071
2225,1018,27733,560,257,300,264,0.9693264365196228
2226,1018,29667,89,863,232,229,0.9213165044784546
2227,1018,30308,442,743,475,312,0.8996877670288086
2228,1019,29667,666,181,229,213,0.9803985953330994
2229,1019,3483,608,791,275,211,0.9750746488571167
2230,1019,27733,130,775,313,276,0.9745453000068665
2231,1019,30308,94,212,457,299,0.9651282429695129
2232,1020,27733,92,729,324,284,0.9742721319198608
2233,1020,29667,639,177,219,213,0.9722000956535339
2234,1020,3483,580,759,275,211,0.9660771489143372
2235,1020,30308,77,188,446,298,0.9588155150413513
2236,1022,33208,582,810,216,205,0.9716334342956543
2237,1022,16551,626,25,286,467,0.9462599754333496
2238,1022,29451,36,800,423,225,0.9420380592346191
2239,1022,1900,149,240,181,181,0.8589300513267517
2240,1023,33208,610,843,213,201,0.9738357067108154
2241,1023,29451,73,841,413,218,0.9528047442436218
2242,1023,16551,656,28,296,486,0.9295287132263184
2243,1023,1900,168,248,184,181,0.9284700155258179
2244,1025,16262,108,838,251,242,0.9750585556030273
2245,1025,20877,543,295,330,236,0.9747281670570374
2246,1025,3483,140,293,215,256,0.9736721515655518
2247,1025,28763,643,861,223,215,0.9543591737747192
2248,1026,16262,630,191,245,233,0.9756169319152832
2249,1026,3483,650,751,211,269,0.9711672067642212
2250,1026,20877,116,769,332,230,0.9652741551399231
2251,1026,28763,136,206,211,203,0.9539293646812439
2252,1027,16232,603,262,186,185,0.9714345335960388
2253,1027,13900,191,285,198,235,0.9638610482215881
2254,1028,3351,393,157,183,188,0.9748514294624329
2255,1028,13900,554,706,205,250,0.9724031686782837
2256,1028,16232,136,778,192,191,0.9693236351013184
2257,1029,3351,436,215,183,183,0.9750871062278748
2258,1029,16232,179,864,188,194,0.971886396408081
2259,1029,13900,595,798,199,243,0.9707521200180054
2260,1030,34597,46,142,448,414,0.9741454720497131
2261,1030,27733,86,720,327,285,0.9731003046035767
2262,1030,3483,580,760,273,211,0.9662190079689026
2263,1030,35206,572,117,245,379,0.9657149910926819
2264,1034,19861,637,278,221,170,0.9768400192260742
2265,1034,3483,150,219,248,221,0.9753241539001465
2266,1034,36637,95,908,274,164,0.9726209044456482
2267,1034,28763,649,882,223,214,0.9607725739479065
2268,1039,16262,574,194,245,234,0.9730992317199707
2269,1039,25469,49,858,377,217,0.9709768891334534
2270,1039,28763,127,214,212,203,0.9581090807914734
2271,1039,3483,602,844,278,190,0.9565481543540955
2272,1041,25469,573,232,374,218,0.9736200571060181
2273,1041,16262,166,832,249,245,0.9731088280677795
2274,1041,3483,126,274,271,187,0.964769721031189
2275,1041,28763,651,852,223,216,0.9585400819778442
2276,1043,18357,49,625,274,353,0.9776777625083923
2277,1043,3351,313,169,185,189,0.9766479730606079
2278,1043,35206,514,606,243,412,0.9569210410118103
2279,1044,3351,355,228,184,183,0.979125440120697
2280,1044,18357,94,720,268,355,0.9642068147659302
2281,1044,35206,555,702,237,407,0.9605575799942017
2282,1045,29667,596,178,219,216,0.9748253226280212
2283,1045,3483,624,720,210,272,0.9665234684944153
2284,1045,20877,42,758,325,248,0.9646785259246826
2285,1045,28763,134,213,210,201,0.9596412181854248
2286,1046,29667,624,183,224,216,0.9720317721366882
2287,1046,3483,649,752,213,269,0.9710597991943359
2288,1046,20877,73,799,328,240,0.9649167656898499
2289,1046,28763,152,223,213,203,0.9593694806098938
2290,1047,29667,135,862,228,227,0.9732226729393005
2291,1047,3483,141,292,215,256,0.9721823930740356
2292,1047,20877,590,260,324,244,0.97182297706604
2293,1047,28763,623,844,225,214,0.9552721977233887
2294,1050,22362,609,779,254,408,0.9724075794219971
2295,1050,5094,137,847,279,275,0.9671862125396729
2296,1050,22627,91,174,339,472,0.9626747369766235
2297,1050,2483,650,83,196,489,0.9574049711227417
2298,1051,5094,553,190,271,269,0.9710900783538818
2299,1051,2483,91,676,231,483,0.9704198241233826
2300,1051,4378,136,106,215,443,0.9687502384185791
2301,1051,23223,489,658,386,469,0.9659883379936218
2302,1053,23223,80,81,375,460,0.9721346497535706
2303,1053,4378,594,702,212,451,0.9697420597076416
2304,1053,5094,104,799,281,275,0.9692093729972839
2305,1053,2483,615,55,219,475,0.9649328589439392
2306,1055,27733,80,727,331,274,0.9806846976280212
2307,1055,31885,59,32,427,490,0.9734296798706055
2308,1055,3483,571,769,277,206,0.9725012183189392
2309,1055,29667,649,185,218,214,0.9659516215324402
2310,1056,29667,676,190,228,212,0.9808881878852844
2311,1056,27733,118,775,320,267,0.9748076796531677
2312,1056,3483,600,800,274,206,0.9693934917449951
2313,1056,31885,72,52,444,490,0.9692056775093079
2314,1057,4378,642,706,220,454,0.9761074781417847
2315,1057,25438,110,828,255,256,0.9714305400848389
2316,1057,2483,610,71,243,465,0.9691418409347534
2317,1057,12778,82,77,331,499,0.9635847806930542
2318,1058,25438,112,842,260,267,0.9732518792152405
2319,1058,4378,657,700,216,481,0.973027229309082
2320,1058,2483,598,104,254,458,0.9679065346717834
2321,1058,12778,85,102,327,508,0.9610575437545776
2322,1060,2483,118,676,210,497,0.9704519510269165
2323,1060,25438,555,205,248,252,0.9644319415092468
2324,1060,22627,526,643,359,475,0.957468569278717
2325,1060,13395,110,39,249,501,0.9457578063011169
2326,1064,25469,50,857,378,218,0.9711378216743469
2327,1064,34597,58,131,453,418,0.968776524066925
2328,1064,20238,618,196,225,217,0.9583950042724609
2329,1064,3483,603,843,278,189,0.95677250623703
2330,1065,25469,573,233,377,217,0.9715545773506165
2331,1065,34597,485,684,464,435,0.9677872061729431
2332,1065,3483,126,274,272,188,0.966432511806488
2333,1065,20238,140,850,231,226,0.953782320022583
2334,1067,27653,672,256,217,199,0.9768152236938477
2335,1067,16262,118,847,251,242,0.974430501461029
2336,1067,31885,552,672,407,530,0.9673449993133545
2337,1067,3483,133,289,275,172,0.9655967354774475
2338,1069,21771,116,204,189,185,0.9800232648849487
2339,1069,16548,644,164,238,226,0.9765884876251221
2340,1069,1900,622,889,208,139,0.9755709767341614
2341,1069,21026,138,868,180,178,0.9428065419197083
2342,1070,21771,686,882,199,195,0.9814258813858032
2343,1070,1900,174,280,203,141,0.9801980257034302
2344,1070,16548,102,865,242,239,0.9449772238731384
2345,1070,21026,673,272,177,172,0.91285240650177
2346,1073,22347,116,199,201,195,0.969616174697876
2347,1073,3483,536,780,267,223,0.9637517333030701
2348,1073,36637,638,177,180,244,0.9535340666770935
2349,1073,27777,143,774,180,205,0.9488887190818787
2350,1075,4543,611,143,206,199,0.9781829118728638
2351,1075,3544,103,160,203,200,0.9727668166160583
2352,1075,16551,95,596,337,463,0.9676855802536011
2353,1075,29871,603,773,206,224,0.9666426181793213
2354,1076,4543,133,917,214,211,0.9813438653945923
2355,1076,16551,530,193,333,436,0.9694567918777466
2356,1076,29871,167,278,207,212,0.9656566381454468
2357,1076,3544,668,898,217,214,0.9405808448791504
2358,1077,3544,118,166,207,202,0.9718057513237
2359,1077,16551,130,646,330,455,0.9694809913635254
2360,1077,29871,630,807,205,218,0.9684613943099976
2361,1077,4543,640,142,210,201,0.5193706154823303
2362,1079,29667,625,186,223,216,0.9735841155052185
2363,1079,3483,647,755,212,268,0.971135139465332
2364,1079,22347,120,220,206,197,0.967898428440094
2365,1079,20877,70,798,327,242,0.9662718772888184
2366,1080,29667,597,181,220,216,0.9757505059242249
2367,1080,22347,104,211,201,195,0.972052812576294
2368,1080,3483,620,723,212,270,0.9678266048431396
2369,1080,20877,40,758,323,249,0.9665631055831909
2370,1081,1900,608,899,209,138,0.9719708561897278
2371,1081,16551,477,205,468,322,0.9664106965065002
2372,1081,21026,125,865,180,179,0.9600688219070435
2373,1081,44199,93,187,255,227,0.9446069002151489
2374,1085,3483,624,719,211,272,0.9693940877914429
2375,1085,25367,34,129,441,410,0.968926727771759
2376,1085,16232,628,221,188,183,0.9667940735816956
2377,1085,20877,86,724,330,243,0.9662264585494995
2378,1087,10221,624,207,219,213,0.9759982228279114
2379,1087,3544,135,177,201,199,0.9751103520393372
2380,1087,31705,571,675,251,454,0.9678851962089539
2381,1087,16551,87,586,292,490,0.9574167728424072
2382,1089,10221,105,833,229,227,0.9730126857757568
2383,1089,3544,635,889,212,211,0.9725683331489563
2384,1089,16551,583,187,290,455,0.9684584736824036
2385,1089,31705,147,147,252,421,0.9667978286743164
2386,1092,1900,652,850,212,159,0.978523850440979
2387,1092,16548,84,913,244,240,0.9496728181838989
2388,1092,33009,563,214,323,292,0.9458703398704529
2389,1092,44199,134,241,247,234,0.9416522979736328
2390,1093,19861,638,278,222,171,0.97852623462677
2391,1093,3483,149,219,249,221,0.9720948338508606
2392,1093,34597,498,693,461,437,0.9685183763504028
2393,1093,16262,99,852,252,240,0.9657601118087769
2394,1095,19861,127,865,220,167,0.9723469018936157
2395,1095,3483,600,868,259,228,0.9667876958847046
2396,1095,16262,638,179,244,230,0.9608861207962036
2397,1095,34597,45,122,450,420,0.9495318531990051
2398,1096,27993,551,778,305,241,0.966586172580719
2399,1096,6563,165,672,223,364,0.9658335447311401
2400,1096,16551,478,120,453,314,0.9540330171585083
2401,1096,3544,93,197,203,201,0.9516821503639221
2402,1097,27993,576,814,308,233,0.967094898223877
2403,1097,6563,198,713,219,359,0.9666370749473572
2404,1097,3544,108,206,209,201,0.9649631381034851
2405,1097,16551,503,128,462,326,0.9592986106872559
2406,1098,6563,580,232,215,339,0.9734809398651123
2407,1098,27993,126,254,292,236,0.9724670648574829
2408,1098,16551,25,787,467,341,0.968838632106781
2409,1098,3544,678,862,216,214,0.959620475769043
2410,1100,31885,55,97,418,492,0.972448468208313
2411,1100,3483,536,780,266,223,0.961571455001831
2412,1100,36637,637,177,180,245,0.9579876065254211
2413,1100,27777,144,773,179,206,0.9481686353683472
2414,1101,31885,69,123,436,493,0.9746143221855164
2415,1101,3483,566,815,263,218,0.9720049500465393
2416,1101,36637,666,180,186,248,0.9556342363357544
2417,1101,27777,178,810,175,199,0.9513987898826599
2418,1105,3483,609,790,274,213,0.9767985343933105
2419,1105,27733,125,769,313,275,0.9723253846168518
2420,1105,22347,111,213,206,196,0.9679877758026123
2421,1105,35206,604,126,255,392,0.967832624912262
2422,1109,27653,96,852,223,208,0.9760513305664062
2423,1109,16262,624,184,242,230,0.9712264537811279
2424,1109,3483,592,842,281,174,0.9700609445571899
2425,1109,28763,139,225,213,201,0.9589939713478088
2426,1111,29667,604,176,217,215,0.9791839122772217
2427,1111,27653,62,810,224,211,0.9768512845039368
2428,1111,3483,563,810,283,179,0.9671223163604736
2429,1111,28763,115,188,209,199,0.9602981805801392
2430,1114,3483,133,290,276,170,0.9786713123321533
2431,1114,27653,671,256,218,199,0.9760540723800659
2432,1114,30308,556,697,403,421,0.971529483795166
2433,1114,35206,104,687,209,420,0.9649380445480347
2434,1115,27653,62,811,224,211,0.975959062576294
2435,1115,30308,42,123,379,406,0.9719770550727844
2436,1115,3483,562,811,286,177,0.9705854654312134
2437,1115,35206,650,145,199,399,0.9654920101165771
2438,1116,3483,592,843,281,173,0.980500340461731
2439,1116,27653,95,852,222,207,0.976235032081604
2440,1116,30308,54,140,395,416,0.9678525924682617
2441,1116,35206,680,154,203,408,0.9652283787727356
2442,1118,29871,198,241,172,231,0.9719818830490112
2443,1118,6563,587,238,212,340,0.9594623446464539
2444,1118,16548,102,881,240,240,0.9557788372039795
2445,1118,3544,676,858,217,215,0.766981840133667
2446,1119,16548,645,146,237,226,0.9703124165534973
2447,1119,6563,193,708,217,359,0.968887448310852
2448,1119,29871,635,826,167,237,0.9674059152603149
2449,1119,3544,108,206,209,203,0.7439452409744263
2450,1121,25469,575,189,328,284,0.9818001985549927
2451,1121,29667,138,872,230,227,0.9803420901298523
2452,1121,3483,127,274,271,187,0.9636902809143066
2453,1121,28763,617,859,225,216,0.9624902606010437
2454,1123,27733,564,262,303,265,0.9732660055160522
2455,1123,16262,153,804,248,242,0.971179187297821
2456,1123,3483,123,306,273,201,0.9702928066253662
2457,1123,25367,495,665,446,439,0.9640665054321289
2458,1125,27733,124,768,314,277,0.9731760025024414
2459,1125,3483,608,790,274,212,0.9701457619667053
2460,1125,16262,589,228,243,230,0.9682223796844482
2461,1125,25367,64,159,445,426,0.9663183689117432
2462,1126,20877,545,295,328,236,0.9746929407119751
2463,1126,3483,141,293,215,255,0.9742598533630371
2464,1126,31885,514,733,456,474,0.9731149673461914
2465,1126,16262,111,835,249,243,0.9728936553001404
2466,1129,27733,564,262,303,265,0.9740106463432312
2467,1129,22347,680,827,215,208,0.9697885513305664
2468,1129,3483,122,306,272,201,0.9682589173316956
2469,1129,20238,113,856,232,224,0.9539340734481812
2470,1135,18110,81,791,298,289,0.9695227146148682
2471,1135,1900,152,255,196,163,0.9586807489395142
2472,1135,16551,607,57,289,481,0.9175383448600769
2473,1135,33009,550,838,375,199,0.772106409072876
2474,1136,18110,611,226,299,280,0.9681931138038635
2475,1136,1900,643,855,206,173,0.9539524912834167
2476,1136,16551,89,701,298,500,0.9511339664459229
2477,1136,33009,88,255,367,214,0.8317263126373291
2478,1138,34597,31,80,371,487,0.9801772832870483
2479,1138,27653,64,811,225,212,0.9756185412406921
2480,1138,3483,564,810,286,177,0.9723425507545471
2481,1138,20238,595,174,220,214,0.9563630223274231
2482,1140,27653,97,852,224,208,0.9766497611999512
2483,1140,3483,593,842,281,174,0.9746959805488586
2484,1140,34597,46,111,381,481,0.9718575477600098
2485,1140,20238,623,177,226,215,0.9578026533126831
2486,1141,12081,66,119,226,426,0.9765790700912476
2487,1141,2483,71,649,297,454,0.9733638167381287
2488,1141,23223,569,571,303,505,0.9672224521636963
2489,1141,25438,559,194,243,254,0.9574186205863953
2490,1142,12081,646,703,243,449,0.9748547077178955
2491,1142,23223,65,134,303,497,0.9664613604545593
2492,1142,2483,578,118,291,447,0.9651269316673279
2493,1142,25438,124,820,254,256,0.9634321928024292
2494,1143,12081,655,708,252,466,0.9711054563522339
2495,1143,25438,125,832,259,268,0.9686427712440491
2496,1143,2483,567,150,300,439,0.9650664925575256
2497,1143,23223,70,171,297,492,0.9614233374595642
2498,1144,31885,57,174,437,484,0.9747660756111145
2499,1144,16262,574,194,244,233,0.9704721570014954
2500,1144,25469,50,856,376,219,0.9635643362998962
2501,1144,3483,603,844,276,189,0.9536305069923401
2502,1148,3351,385,160,182,188,0.9740173816680908
2503,1148,41768,555,630,271,309,0.9736521244049072
2504,1148,16232,148,731,194,195,0.9642888307571411
2505,1149,3351,427,221,184,183,0.9754205346107483
2506,1149,41768,597,721,267,312,0.974245548248291
2507,1149,16232,191,819,191,193,0.972828209400177
2508,1150,29667,630,163,222,216,0.9750680327415466
2509,1150,3483,565,815,264,219,0.9663653373718262
2510,1150,34597,82,54,410,464,0.9656318426132202
2511,1150,27777,177,810,175,200,0.9495188593864441
2512,1153,16232,647,176,191,185,0.9691800475120544
2513,1153,19861,127,865,221,168,0.968315839767456
2514,1153,3483,601,869,257,229,0.967354953289032
2515,1153,22347,145,210,206,197,0.9649577140808105
2516,1154,22347,128,202,201,194,0.9663524627685547
2517,1154,3483,574,838,262,232,0.9640244245529175
2518,1154,19861,92,827,227,176,0.9632313847541809
2519,1154,16232,617,173,186,180,0.9624552726745605
2520,1155,19861,637,278,221,170,0.9772956967353821
2521,1155,3483,150,220,248,221,0.9754580855369568
2522,1155,22347,641,861,214,208,0.9648599028587341
2523,1155,16232,144,901,197,191,0.9641646146774292
2524,1156,16262,572,309,244,234,0.9726371169090271
2525,1156,13900,184,284,204,229,0.9673537015914917
2526,1156,3351,391,857,193,192,0.8369979858398438
2527,1157,3351,355,182,185,190,0.9770665764808655
2528,1157,13900,555,713,212,245,0.9718368649482727
2529,1157,16262,110,675,252,249,0.9717127680778503
2530,1158,3351,398,243,183,183,0.9768715500831604
2531,1158,16262,154,765,245,243,0.9714785218238831
2532,1158,13900,594,806,207,238,0.9704928398132324
2533,1159,3351,403,809,188,190,0.9699269533157349
2534,1159,16232,644,295,195,193,0.9643394947052002
2535,1159,18357,151,302,240,354,0.9493837952613831
2536,1161,3351,388,280,183,181,0.9754272699356079
2537,1161,16232,132,816,189,189,0.9704259037971497
2538,1161,18357,584,615,243,372,0.9667221903800964
2539,1163,10221,654,198,229,215,0.9727721214294434
2540,1163,3544,118,186,210,201,0.9575759768486023
2541,1163,16551,42,602,304,476,0.9539726972579956
2542,1163,29451,495,803,409,241,0.8844025135040283
2543,1164,10221,627,193,220,214,0.9733349084854126
2544,1164,3544,103,181,204,199,0.9606785774230957
2545,1164,16551,10,553,304,487,0.9436758160591125
2546,1164,29451,466,766,412,247,0.9029864072799683
2547,1166,25469,575,188,329,285,0.9848441481590271
2548,1166,3483,127,274,271,187,0.9666605591773987
2549,1166,25367,568,681,393,493,0.9656296372413635
2550,1166,36637,132,829,179,264,0.9633457660675049
2551,1167,25469,86,829,343,302,0.9721176028251648
2552,1167,25367,46,92,392,475,0.9668818712234497
2553,1167,3483,603,846,277,189,0.956344485282898
2554,1167,36637,674,174,175,254,0.9509657025337219
2555,1168,29667,592,170,217,215,0.9844638705253601
2556,1168,30308,44,15,352,427,0.9743776321411133
2557,1168,25469,50,787,351,301,0.9718195199966431
2558,1168,3483,576,812,278,192,0.9488162994384766
2559,1170,29667,619,174,224,216,0.9845722913742065
2560,1170,25469,85,829,344,301,0.9730728268623352
2561,1170,30308,51,23,372,440,0.9714926481246948
2562,1170,3483,603,845,278,189,0.9533135294914246
2563,1171,10221,92,788,225,222,0.9775377511978149
2564,1171,16548,580,745,240,235,0.9641079902648926
2565,1171,4543,640,153,203,198,0.9473557472229004
2566,1171,3544,123,181,203,200,0.9449310898780823
2567,1173,4543,104,907,213,210,0.9785566926002502
2568,1173,10221,643,264,217,211,0.9747663140296936
2569,1173,16548,160,286,231,225,0.9496792554855347
2570,1173,3544,646,876,216,214,0.9176271557807922
2571,1174,29667,125,864,231,227,0.979569137096405
2572,1174,27653,672,256,219,200,0.9755837917327881
2573,1174,30308,572,757,400,428,0.9714651107788086
2574,1174,3483,133,289,277,172,0.970795750617981
2575,1176,29667,632,180,225,215,0.9805364608764648
2576,1176,3483,591,843,281,174,0.977029025554657
2577,1176,27653,94,852,223,207,0.976651132106781
2578,1176,30308,41,73,392,420,0.9652104377746582
2579,1178,31885,103,47,405,502,0.9723983407020569
2580,1178,20238,577,190,222,216,0.9574571847915649
2581,1178,3483,538,781,265,224,0.9528404474258423
2582,1178,27777,145,776,179,206,0.9464459419250488
2583,1180,19232,497,234,328,255,0.9794943332672119
2584,1180,21325,189,306,168,228,0.9710389971733093
2585,1180,3351,395,916,192,193,0.9667553901672363
2586,1184,1900,187,273,204,137,0.9798262715339661
2587,1184,16548,144,878,242,240,0.9631251096725464
2588,1184,24850,673,828,189,304,0.9396095871925354
2589,1184,21026,685,275,178,172,0.914521336555481
2590,1185,1900,608,900,208,137,0.9796633124351501
2591,1185,16548,602,150,237,226,0.9713553190231323
2592,1185,24850,137,145,185,289,0.9461303353309631
2593,1185,21026,126,866,180,178,0.9448981285095215
2594,1186,5094,553,191,272,268,0.9719789624214172
2595,1186,2483,88,678,237,480,0.9716305136680603
2596,1186,4378,138,106,212,442,0.9709950685501099
2597,1186,19552,512,560,322,488,0.9648944735527039
2598,1187,4378,594,702,210,452,0.9705399870872498
2599,1187,5094,104,799,280,276,0.9692781567573547
2600,1187,19552,112,158,316,489,0.9671701192855835
2601,1187,2483,613,56,224,473,0.965776264667511
2602,1189,12081,600,707,235,453,0.9760047793388367
2603,1189,3743,118,786,324,322,0.9758579730987549
2604,1189,2483,591,71,244,471,0.9671630859375
2605,1189,22627,98,135,313,482,0.9626609086990356
2606,1190,3743,120,797,330,329,0.9733253121376038
2607,1190,12081,607,711,244,471,0.9703532457351685
2608,1190,2483,585,98,230,476,0.9698699712753296
2609,1190,22627,99,157,312,494,0.9569762945175171
2610,1191,3743,497,168,311,297,0.9742482900619507
2611,1191,12081,108,105,228,436,0.9702918529510498
2612,1191,2483,91,665,257,471,0.9700911641120911
2613,1191,22627,530,588,312,485,0.9656749963760376
2614,1192,33009,90,254,366,211,0.9682471752166748
2615,1192,16551,84,692,297,500,0.9631213545799255
2616,1192,1900,644,855,205,172,0.9562470316886902
2617,1192,24850,641,205,183,277,0.9380164742469788
2618,1194,1900,152,255,194,162,0.9632340669631958
2619,1194,24850,165,815,179,298,0.9625127911567688
2620,1194,16551,615,65,291,481,0.945294976234436
2621,1194,33009,549,837,377,199,0.9271907210350037
2622,1196,3483,172,277,259,216,0.9779518842697144
2623,1196,35206,138,708,243,409,0.9688835144042969
2624,1196,28763,614,886,223,216,0.9583151936531067
2625,1196,27777,639,294,175,194,0.9519351720809937
2626,1197,3483,568,813,264,219,0.9681223630905151
2627,1197,35206,618,141,223,401,0.9636861085891724
2628,1197,28763,163,178,213,201,0.9628300666809082
2629,1197,27777,178,812,177,199,0.9595699906349182
2630,1198,3483,567,816,264,219,0.9648781418800354
2631,1198,20238,605,196,227,215,0.9608901143074036
2632,1198,27777,178,814,176,199,0.9589683413505554
2633,1198,28763,130,215,214,203,0.9579973220825195
2634,1199,3483,171,274,260,217,0.9744390845298767
2635,1199,28763,646,849,224,216,0.9607693552970886
2636,1199,20238,151,851,233,225,0.9564887285232544
2637,1199,27777,640,293,174,194,0.9505303502082825
2638,1201,21026,103,822,177,181,0.96169513463974
2639,1201,3544,145,190,202,197,0.9513862133026123
2640,1201,16548,586,212,232,225,0.9509929418563843
2641,1201,12247,582,813,216,155,0.9380978345870972
2642,1204,32310,68,212,343,259,0.9640655517578125
2643,1204,22074,687,265,183,183,0.9440872669219971
2644,1204,3351,394,860,190,194,0.6890755891799927
2645,1206,3351,397,224,183,182,0.9697942733764648
2646,1206,22074,93,852,187,190,0.9592517018318176
2647,1206,32310,569,818,354,271,0.8999772667884827
2648,1207,3483,172,277,259,214,0.9757540225982666
2649,1207,22347,686,812,213,209,0.97223299741745
2650,1207,16232,151,828,194,192,0.9677696824073792
2651,1207,27777,639,293,174,194,0.95240718126297
2652,1209,16232,644,251,188,181,0.9734026789665222
2653,1209,22347,101,260,206,197,0.9697784781455994
2654,1209,3483,568,814,265,218,0.9668488502502441
2655,1209,27777,178,812,176,199,0.9598230719566345
2656,1210,34597,68,137,472,390,0.9738801121711731
2657,1210,3483,651,750,211,269,0.9712914228439331
2658,1210,35206,660,172,226,405,0.9647032618522644
2659,1210,20877,116,767,334,231,0.9582812190055847
2660,1212,3483,140,293,215,256,0.9752680063247681
2661,1212,20877,543,294,329,237,0.9748442769050598
2662,1212,34597,456,708,483,406,0.9714917540550232
2663,1212,35206,97,673,236,409,0.9682245850563049
2664,1213,2483,660,59,203,488,0.969642698764801
2665,1213,5886,593,680,233,491,0.9669492840766907
2666,1213,22627,101,1,318,487,0.9634909629821777
2667,1213,25438,129,835,254,256,0.9609772562980652
2668,1214,25438,131,848,260,267,0.9741093516349792
2669,1214,2483,651,87,204,485,0.962264358997345
2670,1214,22627,109,20,307,509,0.9610804319381714
2671,1214,5886,601,681,244,506,0.9577933549880981
2672,1216,16551,615,183,284,457,0.9693900346755981
2673,1216,27926,154,172,267,457,0.9662531614303589
2674,1216,10221,129,845,233,229,0.9642434120178223
2675,1216,3544,660,866,215,213,0.9612208604812622
2676,1219,3544,104,242,203,200,0.9759535789489746
2677,1219,10221,650,210,219,213,0.9753064513206482
2678,1219,29345,578,666,285,448,0.9733191728591919
2679,1219,16551,67,578,334,469,0.9683096408843994
2680,1220,3544,121,253,207,200,0.9760597348213196
2681,1220,10221,679,217,226,212,0.9690756797790527
2682,1220,16551,96,628,337,459,0.9672766327857971
2683,1220,29345,606,702,283,447,0.9305751323699951
2684,1222,27653,63,811,225,211,0.9775078892707825
2685,1222,25367,92,103,324,494,0.970325231552124
2686,1222,3483,564,811,283,178,0.9702573418617249
2687,1222,36637,615,203,182,243,0.9517329931259155
2688,1224,27653,96,852,222,207,0.977655291557312
2689,1224,3483,592,843,281,174,0.975042462348938
2690,1224,25367,113,118,330,504,0.9643896222114563
2691,1224,36637,645,209,187,245,0.9549547433853149
2692,1226,19861,127,865,220,167,0.9728489518165588
2693,1226,31885,125,4,322,548,0.969910204410553
2694,1226,35206,578,98,292,377,0.9673966765403748
2695,1226,3483,600,868,259,228,0.9654504656791687
2696,1227,19861,638,278,220,170,0.9769232273101807
2697,1227,3483,150,220,248,222,0.9740242958068848
2698,1227,35206,108,775,304,389,0.9643463492393494
2699,1227,31885,549,694,331,556,0.9611716270446777
2700,1232,20877,593,259,323,245,0.9705151319503784
2701,1232,3483,144,291,213,254,0.9695106148719788
2702,1232,29667,135,859,227,227,0.967879056930542
2703,1232,31885,540,660,410,523,0.8591952919960022
2704,1235,21771,161,806,190,186,0.9755091667175293
2705,1235,1900,152,254,194,162,0.9698088765144348
2706,1235,16548,620,144,240,228,0.9467296600341797
2707,1235,33009,550,838,375,197,0.7637583017349243
2708,1237,1900,106,270,203,125,0.9829529523849487
2709,1237,16548,614,189,238,224,0.9719698429107666
2710,1237,31705,171,686,252,442,0.961977481842041
2711,1237,44199,635,802,160,278,0.9555860161781311
2712,1238,1900,684,879,210,133,0.978800356388092
2713,1238,16548,133,843,241,238,0.9714458584785461
2714,1238,31705,572,176,247,421,0.9674060344696045
2715,1238,44199,207,234,160,269,0.9571782946586609
2716,1239,1900,89,260,200,127,0.9758066534996033
2717,1239,31705,138,642,254,455,0.9633060693740845
2718,1239,16548,587,181,231,226,0.9631488919258118
2719,1239,44199,606,770,167,283,0.9576147794723511
2720,1242,29345,93,706,285,447,0.9768770337104797
2721,1242,1900,160,259,126,200,0.9685293436050415
2722,1242,16551,546,90,287,466,0.967656135559082
2723,1242,44199,638,807,158,285,0.9566932916641235
2724,1243,27733,125,768,314,276,0.9745851159095764
2725,1243,3483,609,790,273,212,0.9738743305206299
2726,1243,30308,67,137,381,429,0.9717532992362976
2727,1243,35206,601,125,258,391,0.9698281288146973
2728,1244,3483,124,307,270,201,0.9726945161819458
2729,1244,27733,565,263,301,263,0.9697251915931702
2730,1244,30308,560,688,389,435,0.9695256948471069
2731,1244,35206,123,734,273,402,0.9651886224746704
2732,1245,30308,53,119,368,420,0.9756356477737427
2733,1245,27733,87,720,325,284,0.9729622602462769
2734,1245,3483,580,760,273,212,0.9680315256118774
2735,1245,35206,573,118,245,379,0.9660635590553284
2736,1246,16262,575,188,239,227,0.9732509851455688
2737,1246,34597,56,74,400,470,0.9651870727539062
2738,1246,3483,537,780,267,224,0.9526414275169373
2739,1246,27777,144,776,180,206,0.9455690979957581
2740,1248,34597,519,663,421,483,0.9702278971672058
2741,1248,16262,137,836,248,243,0.9702117443084717
2742,1248,3483,172,275,260,216,0.969061017036438
2743,1248,27777,641,292,174,195,0.9504563808441162
2744,1250,4378,600,701,221,471,0.9740039706230164
2745,1250,5094,108,812,284,284,0.9720040559768677
2746,1250,2483,610,86,213,471,0.9649918079376221
2747,1250,12778,98,39,303,552,0.9534461498260498
2748,1251,5094,552,190,272,268,0.9710832834243774
2749,1251,2483,87,676,237,483,0.9708074331283569
2750,1251,4378,137,106,214,443,0.9682874083518982
2751,1251,12778,545,651,303,525,0.9579883813858032
2752,1252,30308,76,80,401,410,0.9765840768814087
2753,1252,3483,648,755,212,268,0.9704540967941284
2754,1252,29667,626,186,223,214,0.9666641354560852
2755,1252,20877,71,798,327,243,0.9650977253913879
2756,1254,30308,65,68,386,401,0.979810357093811
2757,1254,29667,597,182,219,215,0.9687536954879761
2758,1254,3483,620,723,212,271,0.9687148928642273
2759,1254,20877,41,756,323,251,0.9630738496780396
2760,1256,16551,93,662,302,488,0.9712969660758972
2761,1256,31705,133,128,244,420,0.9673852920532227
2762,1256,19607,658,272,153,151,0.9665417075157166
2763,1256,1900,644,830,169,198,0.9015281796455383
2764,1261,27653,95,852,223,207,0.976405680179596
2765,1261,3483,592,844,281,174,0.9723748564720154
2766,1261,22347,141,169,206,197,0.9698085188865662
2767,1261,16232,648,231,193,181,0.9674893617630005
2768,1262,27653,62,811,224,211,0.976842999458313
2769,1262,3483,563,810,284,179,0.969622790813446
2770,1262,16232,620,222,188,183,0.9677253365516663
2771,1262,22347,126,165,198,193,0.9635780453681946
2772,1263,27653,672,256,218,199,0.9762907028198242
2773,1263,3483,133,289,276,172,0.9735098481178284
2774,1263,16232,140,847,199,191,0.9702811241149902
2775,1263,22347,645,902,214,208,0.9686693549156189
2776,1264,31863,638,321,206,207,0.9704378247261047
2777,1264,36637,227,318,205,240,0.9699649214744568
2778,1264,3351,392,861,189,192,0.9552332162857056
2779,1265,3351,356,177,184,189,0.974465548992157
2780,1265,36637,506,662,210,252,0.967545747756958
2781,1265,31863,82,705,207,213,0.9600017666816711
2782,1269,3351,362,233,183,182,0.9755493998527527
2783,1269,36637,222,774,208,234,0.9631589651107788
2784,1269,13900,619,763,177,260,0.9611675143241882
2785,1270,1900,630,894,212,135,0.9814745187759399
2786,1270,18110,641,272,302,283,0.9773074388504028
2787,1270,27926,146,144,262,456,0.9738491177558899
2788,1270,16548,116,853,242,239,0.9558363556861877
2789,1272,1900,158,251,202,125,0.9841342568397522
2790,1272,18110,50,738,308,291,0.9684424996376038
2791,1272,16548,630,176,239,227,0.9672903418540955
2792,1272,27926,599,671,254,485,0.9483441710472107
2793,1273,2483,109,676,228,494,0.9714134931564331
2794,1273,25438,554,204,248,253,0.9642558097839355
2795,1273,6192,546,592,292,527,0.9549903869628906
2796,1273,13395,109,37,247,501,0.9472485780715942
2797,1274,25438,123,809,256,258,0.969011664390564
2798,1274,13395,592,712,237,502,0.9611461758613586
2799,1274,6192,102,76,299,530,0.9566552042961121
2800,1274,2483,600,38,218,493,0.9389781355857849
2801,1278,3351,418,257,183,179,0.9691279530525208
2802,1278,3832,152,602,307,421,0.9619114995002747
2803,1278,38162,621,705,190,297,0.958330512046814
2804,1279,21771,674,287,187,182,0.9749277830123901
2805,1279,16551,91,764,296,500,0.9678470492362976
2806,1279,31705,122,131,246,423,0.9669317007064819
2807,1279,1900,649,857,208,154,0.9555636048316956
2808,1280,21771,91,810,195,191,0.9806582927703857
2809,1280,31705,605,691,255,454,0.9662380218505859
2810,1280,16551,574,0,284,455,0.9623606204986572
2811,1280,1900,125,262,197,146,0.9347379207611084
2812,1282,19552,510,593,304,492,0.973086416721344
2813,1282,3743,498,124,308,306,0.9714139103889465
2814,1282,2483,60,647,201,488,0.9622403979301453
2815,1282,13395,85,80,232,486,0.9553659558296204
2816,1284,3743,118,827,320,324,0.9725384712219238
2817,1284,19552,121,114,311,502,0.9718660116195679
2818,1284,13395,628,678,231,491,0.9632933735847473
2819,1284,2483,672,75,205,490,0.8777585029602051
2820,1290,1900,162,257,128,200,0.97490394115448
2821,1290,18110,46,719,308,302,0.9730623364448547
2822,1290,29345,594,534,268,444,0.9661729335784912
2823,1290,16548,539,140,231,225,0.965149998664856
2824,1293,30308,116,85,311,447,0.9759511947631836
2825,1293,3483,538,781,267,223,0.9582070112228394
2826,1293,20238,577,192,222,213,0.9578320384025574
2827,1293,27777,145,777,180,206,0.9467756152153015
2828,1294,3483,592,843,281,174,0.9811764359474182
2829,1294,34597,14,42,418,457,0.9800191521644592
2830,1294,27653,95,852,223,207,0.9770897626876831
2831,1294,35206,680,153,203,408,0.9642866253852844
2832,1295,34597,5,14,405,464,0.9828841090202332
2833,1295,27653,63,810,224,211,0.9763134121894836
2834,1295,3483,562,812,287,177,0.9713266491889954
2835,1295,35206,649,144,200,400,0.9649306535720825
2836,1296,3483,132,290,276,171,0.9821094274520874
2837,1296,27653,671,255,219,200,0.9744306206703186
2838,1296,34597,566,732,410,477,0.9720792174339294
2839,1296,35206,103,687,209,420,0.9649807810783386
2840,1297,3544,644,920,216,214,0.9666216969490051
2841,1297,4543,158,890,211,213,0.9631655216217041
2842,1297,16548,152,246,229,224,0.9525021910667419
2843,1297,12420,687,274,182,172,0.9356934428215027
2844,1298,12420,117,862,187,180,0.9760023951530457
2845,1298,16548,617,828,238,230,0.9664344787597656
2846,1298,3544,140,144,208,203,0.9627556204795837
2847,1300,29667,632,180,224,214,0.9770511984825134
2848,1300,27653,94,852,223,207,0.9761914014816284
2849,1300,31885,75,127,467,465,0.974838137626648
2850,1300,3483,591,843,280,174,0.9718427062034607
2851,1302,31885,60,100,447,468,0.9778485894203186
2852,1302,27653,62,810,223,211,0.9764615297317505
2853,1302,3483,562,810,283,178,0.9659627676010132
2854,1302,29667,606,176,214,214,0.965765118598938
2855,1305,1900,632,894,212,135,0.9797220826148987
2856,1305,27926,603,162,250,447,0.972590446472168
2857,1305,16551,83,667,334,473,0.9680981040000916
2858,1305,44199,140,293,280,146,0.933027446269989
2859,1309,27733,561,257,301,263,0.9708604216575623
2860,1309,3483,123,306,271,200,0.969100296497345
2861,1309,29667,88,863,231,229,0.9642715454101562
2862,1309,28763,580,869,225,216,0.9535204768180847
2863,1311,29667,640,177,220,214,0.9839500188827515
2864,1311,27733,92,730,323,283,0.9739357829093933
2865,1311,3483,580,759,275,212,0.96426922082901
2866,1311,28763,176,187,208,199,0.9601283669471741
2867,1312,5094,109,804,281,277,0.9740570783615112
2868,1312,2483,619,55,248,464,0.9688662886619568
2869,1312,22627,70,55,325,485,0.9624469876289368
2870,1312,5886,597,685,236,490,0.9595951437950134
2871,1315,3351,422,879,191,193,0.9707212448120117
2872,1315,19232,547,207,292,291,0.9624661803245544
2873,1315,16688,144,83,273,613,0.9492788314819336
2874,1316,3351,326,162,187,189,0.9785386919975281
2875,1316,16688,518,476,285,668,0.9654204845428467
2876,1316,19232,82,691,312,310,0.9471957683563232
2877,1322,2483,87,678,238,480,0.9723414182662964
2878,1322,5094,553,190,272,268,0.9716173410415649
2879,1322,6192,483,594,341,499,0.9683472514152527
2880,1322,4378,137,106,213,442,0.9679701328277588
2881,1323,4378,594,702,210,453,0.9729689955711365
2882,1323,5094,104,799,280,276,0.9690093398094177
2883,1323,2483,612,55,225,475,0.9655162692070007
2884,1323,6192,125,105,337,501,0.9629528522491455
2885,1326,3351,369,246,184,182,0.9822015166282654
2886,1326,18357,161,670,267,350,0.9643509387969971
2887,1326,20238,600,840,225,222,0.9562262892723083
2888,1327,29451,511,245,412,221,0.9606021642684937
2889,1327,44199,176,233,200,263,0.9536855816841125
2890,1327,16548,169,814,239,239,0.9517767429351807
2891,1327,1900,645,846,188,188,0.8855007290840149
2892,1328,1900,168,248,183,181,0.9634612798690796
2893,1328,16548,581,216,239,228,0.9617663621902466
2894,1328,44199,629,810,207,270,0.9566464424133301
2895,1328,29451,72,842,413,217,0.9543873071670532
2896,1329,16548,555,209,232,226,0.9576492309570312
2897,1329,44199,600,778,214,275,0.9545222520828247
2898,1329,29451,34,802,423,222,0.9503610730171204
2899,1329,1900,149,241,181,180,0.9248526692390442
2900,1330,25469,87,827,344,303,0.981198787689209
2901,1330,34597,90,163,449,424,0.9757678508758545
2902,1330,35206,613,118,231,400,0.9612600803375244
2903,1330,3483,604,845,277,189,0.9549717903137207
2904,1331,25469,51,785,352,303,0.9811652898788452
2905,1331,34597,76,130,438,432,0.9736420512199402
2906,1331,35206,584,110,223,392,0.9625999331474304
2907,1331,3483,577,811,278,193,0.9471095204353333
2908,1332,25469,575,189,328,285,0.9823690056800842
2909,1332,34597,461,649,454,438,0.9734659194946289
2910,1332,3483,126,274,271,188,0.9624395966529846
2911,1332,35206,135,728,247,409,0.9618710279464722
2912,1333,3351,400,922,191,193,0.9683970808982849
2913,1333,20014,582,284,339,317,0.9648268818855286
2914,1333,36637,158,282,195,248,0.9619683027267456
2915,1337,18110,78,790,308,291,0.9744224548339844
2916,1337,16548,576,187,241,228,0.9593954086303711
2917,1337,1900,168,247,186,180,0.9547263979911804
2918,1337,29451,495,820,401,267,0.9422281384468079
2919,1340,16548,189,824,238,238,0.9713805317878723
2920,1340,31705,135,125,245,422,0.9669450521469116
2921,1340,24850,580,285,289,171,0.9619792103767395
2922,1340,1900,646,861,206,156,0.9526690244674683
2923,1345,29667,617,174,225,217,0.9825032949447632
2924,1345,25469,85,828,343,301,0.976464569568634
2925,1345,31885,167,134,426,494,0.9740618467330933
2926,1345,3483,603,845,276,188,0.952097475528717
2927,1347,25469,576,190,327,282,0.9812124371528625
2928,1347,31885,425,616,409,515,0.9763384461402893
2929,1347,3483,127,274,269,188,0.9617375731468201
2930,1347,29667,140,870,230,227,0.953875720500946
2931,1348,31863,185,266,206,206,0.9754315614700317
2932,1348,22074,675,311,185,187,0.9753704071044922
2933,1348,3351,363,880,188,192,0.9528052806854248
2934,1350,22074,107,814,184,189,0.9817039370536804
2935,1350,31863,588,856,206,207,0.9702853560447693
2936,1350,3351,427,220,184,184,0.967144250869751
2937,1353,3483,172,277,259,216,0.9773017764091492
2938,1353,16232,151,828,194,192,0.9697949290275574
2939,1353,34597,508,677,446,460,0.9695820808410645
2940,1353,27777,639,294,174,194,0.9517220854759216
2941,1354,30308,576,737,348,466,0.9763249158859253
2942,1354,3483,140,293,215,256,0.975934624671936
2943,1354,20877,542,294,330,236,0.9758721590042114
2944,1354,36637,167,798,188,258,0.9593596458435059
2945,1355,30308,81,48,322,441,0.9781791567802429
2946,1355,3483,625,719,209,272,0.970779299736023
2947,1355,20877,86,726,330,241,0.9636265635490417
2948,1355,36637,604,203,180,246,0.9633643627166748
2949,1357,12420,628,815,190,187,0.9655764102935791
2950,1357,6563,165,674,220,363,0.946723222732544
2951,1357,16548,579,169,231,225,0.9440209865570068
2952,1357,3544,95,229,203,201,0.9176064133644104
2953,1358,12420,654,849,189,180,0.9747350811958313
2954,1358,6563,197,714,216,359,0.9697931408882141
2955,1358,16548,606,176,237,225,0.9639948606491089
2956,1358,3544,112,240,208,202,0.9080649018287659
2957,1359,6563,584,234,212,336,0.969154417514801
2958,1359,12420,166,278,181,179,0.963315486907959
2959,1359,16548,141,854,241,239,0.9513291120529175
2960,1359,3544,674,827,215,212,0.8150888681411743
2961,1361,29667,629,689,231,232,0.9843906760215759
2962,1361,19232,168,650,243,357,0.9771772027015686
2963,1361,3351,358,149,184,188,0.9761292934417725
2964,1363,16262,119,291,242,236,0.9756550788879395
2965,1363,33880,456,246,433,288,0.9754312038421631
2966,1363,3351,433,887,190,193,0.9632987976074219
2967,1366,29667,125,864,230,227,0.9819988012313843
2968,1366,27653,672,256,219,199,0.9760706424713135
2969,1366,3483,132,289,277,172,0.9693133234977722
2970,1366,22347,662,837,213,208,0.9682336449623108
2971,1367,29667,605,176,217,215,0.9791569709777832
2972,1367,27653,61,810,224,211,0.9768151044845581
2973,1367,3483,562,810,284,179,0.9673159122467041
2974,1367,22347,107,226,201,194,0.9671599864959717
2975,1369,19861,127,865,220,167,0.9711046814918518
2976,1369,16262,639,177,245,231,0.9681567549705505
2977,1369,22347,119,214,206,197,0.9640229940414429
2978,1369,3483,601,868,257,230,0.9620285630226135
2979,1371,16262,610,173,239,227,0.9709376692771912
2980,1371,22347,103,206,201,194,0.967997133731842
2981,1371,19861,92,827,227,177,0.9629964232444763
2982,1371,3483,574,838,262,232,0.9587852954864502
2983,1372,3743,76,816,333,328,0.9735498428344727
2984,1372,2483,597,106,289,452,0.9683195948600769
2985,1372,22627,87,90,317,490,0.9617145657539368
2986,1372,5886,611,695,239,514,0.9457788467407227
2987,1376,33208,153,296,208,196,0.9780713319778442
2988,1376,1900,641,859,207,166,0.9647590517997742
2989,1376,16551,90,699,294,499,0.9631654024124146
2990,1376,33009,580,244,367,235,0.9546536207199097
2991,1377,33208,641,805,212,202,0.9764324426651001
2992,1377,1900,152,257,197,156,0.9646697640419006
2993,1377,33009,49,824,361,231,0.9520029425621033
2994,1377,16551,610,58,286,480,0.9433112144470215
2995,1378,19861,637,278,221,170,0.9781506061553955
2996,1378,3483,149,220,249,221,0.9732261300086975
2997,1378,35206,109,774,302,391,0.9652644991874695
2998,1378,22347,624,869,212,208,0.9636527895927429
2999,1379,19861,127,865,221,168,0.9710251092910767
3000,1379,3483,602,869,257,230,0.9691302180290222
3001,1379,35206,582,98,288,377,0.9674414992332458
3002,1379,22347,162,202,205,197,0.9625767469406128
3003,1381,21325,632,277,239,138,0.9706313610076904
3004,1381,32310,36,235,366,234,0.9461577534675598
3005,1381,3351,407,843,190,193,0.8879961967468262
3006,1384,25367,50,94,422,454,0.9670745730400085
3007,1384,3483,567,816,264,219,0.9643701910972595
3008,1384,20238,604,195,227,215,0.9598599672317505
3009,1384,27777,177,814,176,199,0.955780565738678
3010,1385,25367,39,77,405,447,0.9677407145500183
3011,1385,20238,576,192,223,214,0.9585108757019043
3012,1385,3483,537,781,267,224,0.9487863183021545
3013,1385,27777,144,776,180,207,0.9447099566459656
3014,1386,3483,172,274,260,217,0.9706361889839172
3015,1386,25367,533,700,423,470,0.9662304520606995
3016,1386,20238,153,851,231,226,0.9558754563331604
3017,1386,27777,640,292,175,195,0.9500155448913574
3018,1387,20877,139,831,275,312,0.9728683829307556
3019,1387,3483,643,759,201,274,0.9708818197250366
3020,1387,22347,112,241,206,197,0.9708789587020874
3021,1387,20238,601,183,228,214,0.9561501145362854
3022,1390,25438,157,873,261,267,0.9741419553756714
3023,1390,2483,602,115,203,469,0.9681676030158997
3024,1390,22627,112,161,363,458,0.9669380187988281
3025,1390,22362,605,746,268,423,0.9629368782043457
3026,1392,22362,596,743,259,408,0.9742515683174133
3027,1392,25438,156,860,256,255,0.9713691473007202
3028,1392,22627,108,130,367,456,0.9681656956672668
3029,1392,2483,604,78,219,482,0.9665741324424744
3030,1393,16262,137,837,249,242,0.971849799156189
3031,1393,3483,172,275,261,215,0.9695427417755127
3032,1393,22347,682,870,215,210,0.967639684677124
3033,1393,27777,640,293,174,194,0.9514467120170593
3034,1395,16262,576,189,239,226,0.9768690466880798
3035,1395,22347,89,194,201,194,0.9676116704940796
3036,1395,3483,537,780,266,225,0.9524739980697632
3037,1395,27777,145,777,179,205,0.9457618594169617
3038,1396,19552,510,597,327,484,0.9745990633964539
3039,1396,5094,524,162,269,265,0.965226948261261
3040,1396,2483,82,661,215,489,0.9651593565940857
3041,1396,13395,81,79,233,490,0.9537830948829651
3042,1401,25469,575,190,329,283,0.9815657138824463
3043,1401,29667,138,872,230,227,0.9792822599411011
3044,1401,22347,649,852,215,208,0.9695054292678833
3045,1401,3483,126,273,272,187,0.9670219421386719
3046,1402,33880,463,199,389,365,0.9681842923164368
3047,1402,3351,424,884,191,193,0.9579015374183655
3048,1402,20238,85,334,229,222,0.9496544003486633
3049,1404,3351,365,215,186,183,0.9768792986869812
3050,1404,20238,670,763,227,221,0.9564237594604492
3051,1404,33880,121,740,393,375,0.9525144696235657
3052,1407,3351,379,230,185,183,0.9842922687530518
3053,1407,38162,605,793,245,255,0.9707302451133728
3054,1407,33880,103,682,314,432,0.9112035036087036
3055,1408,1900,187,273,204,138,0.9805788397789001
3056,1408,33208,655,899,221,210,0.9730418920516968
3057,1408,16548,75,807,240,238,0.9646915197372437
3058,1408,21026,685,275,178,172,0.9424754977226257
3059,1411,27653,96,852,222,206,0.9768136739730835
3060,1411,3483,593,843,280,173,0.9758104085922241
3061,1411,30308,70,126,391,420,0.9721684455871582
3062,1411,36637,645,209,187,245,0.9571245312690735
3063,1413,27653,670,255,218,199,0.9762156009674072
3064,1413,30308,546,707,398,424,0.9745829701423645
3065,1413,3483,131,290,276,172,0.9730369448661804
3066,1413,36637,151,802,193,255,0.9609383344650269
3067,1414,10221,601,192,218,212,0.9765151739120483
3068,1414,27926,551,599,281,482,0.9690272212028503
3069,1414,16548,57,776,238,236,0.9685150384902954
3070,1414,3544,110,195,202,199,0.9546940326690674
3071,1418,16551,107,649,291,492,0.9699792861938477
3072,1418,31705,595,699,252,453,0.9629862904548645
3073,1418,10224,568,90,236,394,0.9591120481491089
3074,1418,1900,129,257,196,149,0.9028096795082092
3075,1420,16688,549,50,261,618,0.9714250564575195
3076,1420,41768,94,237,298,268,0.9702349901199341
3077,1420,3351,410,874,189,192,0.9475895166397095
3078,1421,3351,339,165,185,191,0.9784380197525024
3079,1421,16688,119,509,264,664,0.9782062768936157
3080,1421,41768,551,719,303,287,0.9698861241340637
3081,1424,31885,97,72,362,527,0.9761818647384644
3082,1424,35206,585,132,217,392,0.9613911509513855
3083,1424,3483,538,779,266,223,0.9550973773002625
3084,1424,27777,145,774,179,206,0.9468396306037903
3085,1425,31885,110,97,384,527,0.9732623100280762
3086,1425,3483,567,814,264,219,0.9687249660491943
3087,1425,35206,615,140,224,402,0.9612415432929993
3088,1425,27777,177,812,177,199,0.9591027498245239
3089,1429,10221,679,216,227,213,0.9745679497718811
3090,1429,3544,121,253,208,201,0.9725607633590698
3091,1429,16548,125,828,241,231,0.9622200131416321
3092,1429,29345,606,704,284,444,0.7468756437301636
3093,1431,10221,650,209,219,213,0.9754396080970764
3094,1431,16548,93,790,239,235,0.9698083996772766
3095,1431,3544,104,242,203,200,0.9697750210762024
3096,1431,29345,579,668,284,445,0.9320363998413086
3097,1433,3351,369,173,179,185,0.9674674868583679
3098,1433,38162,609,759,295,205,0.9669780135154724
3099,1433,32310,0,663,304,330,0.9539157152175903
3100,1435,13900,171,340,171,255,0.9639246463775635
3101,1435,20238,588,307,227,217,0.9565081596374512
3102,1435,3351,395,853,194,192,0.592972993850708
3103,1436,3351,350,187,184,186,0.9783030152320862
3104,1436,13900,601,624,178,268,0.9702286124229431
3105,1436,20238,112,700,229,229,0.9552568197250366
3106,1438,6563,582,234,213,337,0.971348226070404
3107,1438,16548,209,841,241,240,0.9505333304405212
3108,1438,12247,176,303,203,126,0.9380322098731995
3109,1438,3544,698,857,216,214,0.7577947378158569
3110,1439,6563,166,673,221,363,0.9494487047195435
3111,1439,12247,592,849,215,128,0.9430199861526489
3112,1439,16548,514,180,233,227,0.942044734954834
3113,1439,3544,73,200,202,201,0.8345623016357422
3114,1441,27733,92,730,322,282,0.9774479866027832
3115,1441,22347,119,174,200,194,0.9695388078689575
3116,1441,3483,580,760,274,211,0.9681321978569031
3117,1441,36637,592,204,256,169,0.9677915573120117
3118,1442,3483,608,791,275,212,0.9792376756668091
3119,1442,27733,130,777,313,276,0.9747781157493591
3120,1442,22347,134,179,207,197,0.9679074287414551
3121,1442,36637,621,209,264,169,0.9659578800201416
3122,1444,4378,135,104,221,441,0.97225022315979
3123,1444,2483,97,694,211,487,0.9721608757972717
3124,1444,3743,486,151,313,303,0.9716334342956543
3125,1444,23223,519,628,302,510,0.9662787914276123
3126,1446,4378,589,703,224,449,0.979046106338501
3127,1446,3743,128,803,330,317,0.9728360772132874
3128,1446,23223,119,68,297,505,0.963736891746521
3129,1446,2483,631,34,197,479,0.9586718678474426
3130,1447,10221,627,192,221,215,0.9771067500114441
3131,1447,3544,103,180,205,200,0.9634658098220825
3132,1447,16548,46,791,242,235,0.960330605506897
3133,1447,29451,466,767,413,245,0.9506417512893677
3134,1449,10221,655,197,229,215,0.9763571619987488
3135,1449,3544,118,186,210,201,0.9654744863510132
3136,1449,16548,80,832,240,227,0.9567152857780457
3137,1449,29451,495,805,409,239,0.9056403636932373
3138,1450,25438,123,809,256,258,0.9700863361358643
3139,1450,13395,592,712,237,501,0.9604628682136536
3140,1450,12778,106,64,300,524,0.9535315632820129
3141,1450,2483,601,38,216,494,0.953068733215332
3142,1452,25438,125,824,259,267,0.9730019569396973
3143,1452,13395,601,706,235,527,0.9604420065879822
3144,1452,2483,596,74,209,480,0.951012372970581
3145,1452,12778,110,78,293,547,0.9498738646507263
3146,1453,18357,51,309,280,334,0.9804296493530273
3147,1453,16688,477,118,423,528,0.9667863845825195
3148,1453,3351,457,907,191,193,0.9504808783531189
3149,1455,18357,653,648,283,350,0.9811563491821289
3150,1455,16688,74,619,448,594,0.9745901226997375
3151,1455,3351,333,191,187,185,0.9739230871200562
3152,1458,4378,640,706,225,453,0.9753304123878479
3153,1458,25438,110,828,256,255,0.9705162644386292
3154,1458,2483,610,69,243,469,0.9700345993041992
3155,1458,23223,75,169,300,498,0.9605388641357422
3156,1459,12081,649,693,245,467,0.9758487939834595
3157,1459,5094,106,807,286,291,0.9743072390556335
3158,1459,2483,627,72,221,465,0.9676705002784729
3159,1459,22627,75,191,317,470,0.9652453064918518
3160,1460,12081,72,131,226,427,0.9774258732795715
3161,1460,5094,551,190,271,269,0.9706558585166931
3162,1460,2483,56,699,251,479,0.9706252217292786
3163,1460,22627,544,576,325,481,0.9591253399848938
3164,1461,12081,641,688,240,450,0.9755474925041199
3165,1461,5094,105,798,281,280,0.9724937081336975
3166,1461,2483,630,35,244,474,0.9666233658790588
3167,1461,22627,70,154,324,476,0.9664271473884583
3168,1462,27653,670,255,220,200,0.9746189713478088
3169,1462,3483,131,289,278,173,0.9736895561218262
3170,1462,25367,523,675,427,467,0.9682642817497253
3171,1462,20238,133,868,232,228,0.9571878910064697
3172,1463,27653,96,852,223,209,0.9766140580177307
3173,1463,3483,593,843,281,175,0.9712520837783813
3174,1463,25367,58,123,424,453,0.965822160243988
3175,1463,20238,623,178,226,215,0.9563775062561035
3176,1464,27653,63,811,226,212,0.9761413335800171
3177,1464,3483,563,811,286,177,0.9715554714202881
3178,1464,25367,46,103,406,449,0.9696486592292786
3179,1464,20238,595,175,221,213,0.955916166305542
3180,1466,27653,62,810,225,212,0.9763697981834412
3181,1466,16262,594,179,238,227,0.9724836349487305
3182,1466,3483,563,810,284,179,0.9693554043769836
3183,1466,22347,107,179,199,195,0.9677441120147705
3184,1473,19607,151,218,158,153,0.9646285772323608
3185,1473,1900,616,860,201,158,0.958649218082428
3186,1473,16551,575,92,285,480,0.9563501477241516
3187,1473,21026,125,866,180,177,0.9486756920814514
3188,1474,27733,126,769,313,275,0.9733424782752991
3189,1474,34597,67,99,441,428,0.972682774066925
3190,1474,3483,610,789,273,211,0.9717393517494202
3191,1474,36637,620,208,263,168,0.9694608449935913
3192,1476,27733,87,720,326,285,0.9751895666122437
3193,1476,34597,54,72,431,433,0.9744598269462585
3194,1476,36637,592,203,255,169,0.9693933725357056
3195,1476,3483,581,758,274,211,0.965125322341919
3196,1477,18357,356,680,254,372,0.9767199158668518
3197,1477,36637,90,232,240,212,0.9661960601806641
3198,1477,3351,651,288,186,186,0.7783342003822327
3199,1480,10221,158,261,220,212,0.9786665439605713
3200,1480,6563,592,240,212,339,0.954779863357544
3201,1480,16548,175,834,239,238,0.9507938623428345
3202,1480,3544,642,876,215,213,0.9269475936889648
3203,1483,19861,638,278,221,170,0.9772126078605652
3204,1483,3483,150,220,248,222,0.9718817472457886
3205,1483,35206,108,775,303,390,0.9662753939628601
3206,1483,28763,631,897,223,214,0.9544662237167358
3207,1485,3483,601,868,257,230,0.9706164598464966
3208,1485,19861,127,865,221,167,0.9705367088317871
3209,1485,35206,582,99,289,377,0.9666756391525269
3210,1485,28763,147,168,211,200,0.9632155895233154
3211,1488,3351,393,207,183,183,0.9791027903556824
3212,1488,31863,628,831,205,205,0.969529390335083
3213,1488,21325,213,827,201,198,0.9691053628921509
3214,1489,3351,403,851,189,192,0.9707491993904114
3215,1489,20014,539,291,339,316,0.9517485499382019
3216,1489,20238,184,281,226,219,0.9389014840126038
3217,1492,18147,528,299,343,353,0.9771736860275269
3218,1492,3351,379,904,190,192,0.973620593547821
3219,1492,21325,184,275,160,234,0.9653520584106445
3220,1493,3351,367,137,185,190,0.9739792943000793
3221,1493,18147,58,544,350,376,0.9717734456062317
3222,1493,21325,599,721,161,239,0.9637695550918579
3223,1497,29667,612,199,216,215,0.97939532995224
3224,1497,34597,61,55,303,505,0.9724182486534119
3225,1497,3483,566,842,262,233,0.9650158882141113
3226,1497,19861,85,826,226,177,0.9635598063468933
3227,1500,3351,351,238,184,183,0.9804608225822449
3228,1500,41768,569,858,349,182,0.9604485034942627
3229,1500,38162,197,735,187,298,0.942638635635376
